id_candidat,residual_rsd
C011476,-0.014345197538125
C000471,0.0130559403918452
C006911,0.005799205256409
C007718,-0.0013493338837369
C003531,-0.0020273097893964
C013582,-0.014998549024256
C001802,0.0006589015172083
C002621,0.0005670857836617
C000214,0.0191517736684035
C011333,-0.0007471974236807
C005995,-0.0049912804003426
C000764,0.0169456769839162
C009637,-0.000619531483473
C010951,0.00325935922569
C003989,-0.00304180299218
C001997,-0.0015777222513885
C008268,0.0118237078548425
C004195,0.0009470125187612
C008521,-0.0020758910963112
C003182,-0.0008382141575484
C002397,-0.0139946301490626
C011557,-0.0007132553462367
C008762,-0.0016447236272892
C011840,0.0045589232290343
C011316,0.0018866410614575
C010291,-0.0099412643543531
C006829,-0.0023281719677059
C000068,-0.0046307617010468
C010665,-0.0091936884523727
C008332,-0.0118192442174456
C004852,0.0103153671163555
C002565,0.0159342915049869
C010674,-0.0127398035539233
C001872,0.0055837482880251
C005733,0.0021110615933926
C000703,0.0160066258219842
C011867,-0.0107445119045965
C006713,0.0202877492696198
C000064,0.0093702948196162
C004628,-0.0011901967035966
C012124,0.0021344392601798
C004326,0.000385429729119
C008918,-0.0013218130072782
C012871,0.000446831444862
C010864,-0.0013055864227204
C000878,-0.0014045249380096
C012033,-0.001583856454382
C003603,0.0193056659733312
C012032,-0.0057723804626639
C008543,0.0113296548856857
C009273,-0.000611688854041
C009255,0.0064251235216998
C003722,-0.0039245900914694
C009983,0.0034422871196583
C011185,-0.0068448165662928
C011178,-0.0120527447679188
C008130,-0.0135783675504529
C009829,0.0055751999468789
C003554,0.0158483916655501
C007210,0.0005456919400433
C005321,-0.014998549024256
C011236,-0.003725184404138
C001439,0.0005910623381922
C003104,-0.0153057330581744
C004474,0.0016602867230059
C011529,0.019227844241745
C007668,0.0036267084832953
C005977,5.3861809373998336e-05
C009064,0.0071916730900674
C005597,-0.0064592854039756
C011831,-0.0138037974422672
C003361,-0.0058130733598411
C004450,0.000947451091194
C008210,-0.0014927146771544
C012014,-0.0059334378204164
C012665,-0.0011048127075094
C005946,-0.0131193546637471
C007529,0.0059812950173523
C002940,-2.5703195106509658e-05
C012024,0.0187002768511582
C004250,-0.0079021491151629
C003108,-0.0051957705606155
C009847,0.0107568478982305
C011904,0.0014560572070071
C001380,0.0215219584003827
C001665,-0.0022979676808009
C009318,-0.0016847669631038
C012553,-0.0013240484680341
C006434,-0.0118238740344851
C002777,-0.0032641998836432
C004436,-0.0016727477335266
C006265,-0.007110101156971
C007230,-0.0041748834229523
C000924,0.0002192400537343
C010771,-0.0091198764879921
C013731,-0.0033365506020853
C013586,-0.004470449118503
C012137,-0.0044291490708086
C002258,-0.0006880726285567
C002275,-0.0119627874068436
C012863,-0.0043664325099231
C003726,-0.005655608126496
C012102,0.015704162079247
C007245,-0.000329516379321
C010270,0.000441233448897
C003803,-0.0154171790663792
C013694,-0.0028532076917136
C007928,0.0072861073083437
C003414,0.0031895417073027
C001985,0.0098165330086239
C013889,-0.0065355268739472
C010308,0.0066745466205275
C009835,0.0144886076795711
C008685,0.0100222408948672
C006117,0.0048433058519272
C011054,-0.0038799707573969
C009764,0.0250769820876837
C007962,-0.0051628515093376
C006820,0.0076924805897107
C006695,-0.001559980079193
C003339,-0.0063342637308393
C004906,0.0098110614794995
C004834,-0.0029967035403751
C002836,-0.0008423865095367
C007995,0.0103312667682817
C011917,-0.0036332956276067
C003676,0.0012038198333729
C008311,-0.0052837557027858
C012715,-0.0009411371521014
C010853,-0.000892932867228
C006031,-0.0061774805329468
C009961,0.0011543627239324
C004133,-8.19940861500236e-05
C011114,0.0102695510021635
C007215,-0.0014987902515035
C004465,0.0160727130599091
C010296,0.0046397495398344
C008570,0.003290948907963
C010116,0.0089650239787052
C003093,-0.0029383709873822
C002337,0.0151116729395701
C011621,-7.913664474682918e-05
C005587,-0.0064687624140897
C001167,-0.0065461516009968
C001230,0.0089643685444858
C002710,-0.0007871338968638
C002053,-0.0003812532006291
C013670,-0.0009915853490566
C011444,-0.0016226734490054
C001936,-0.0066785392582256
C008831,0.0010896263537466
C000847,0.003952924268708
C013477,-0.0118954315870389
C008690,-0.0089998622429512
C003701,-0.0040985311665409
C012673,-0.0012671257544761
C000236,-0.0110745148121191
C007520,0.0042587307685323
C013939,0.0057098587689242
C012683,0.0008137538287912
C004294,0.0049221957034087
C002322,0.0051924733332537
C007776,0.0116912516030884
C002656,-0.0029637890366309
C005904,-0.0144287321197446
C011586,-0.0022323130591668
C009228,0.0051168880843194
C001140,-0.0110238310951062
C010244,-0.0008347018356396
C000184,-0.001587409819369
C000568,0.0021908692971066
C007633,0.0074155133342439
C012476,-0.0068765856244093
C013158,-0.0041913110462998
C013016,0.015502157203772
C009497,-0.001997435613319
C012613,-0.0095600658570445
C000388,0.0013173203799423
C001162,-0.0004223296092787
C011810,0.0009641947907452
C012658,-0.000814057705784
C011492,-0.0102555709976957
C007185,0.0014560572070071
C010623,-0.0099242659171556
C006278,-0.0006729277825158
C000503,0.0069900292536886
C003224,-0.000168879313446
C003249,-5.331077869081292e-06
C009682,0.0121199917012523
C012375,-0.0115892864049392
C004306,0.0059676830909832
C003236,0.0011787447350922
C007387,0.0010543948942621
C013861,-0.0039258067944749
C004620,-0.0063278951877145
C012265,-0.0101909067668208
C011642,0.0082422852314949
C006565,0.0100787926895025
C007404,0.0047771457137713
C011657,0.0051525885846561
C013948,0.0019555640448602
C003295,0.0038950094165844
C003227,0.000172541053253
C007403,0.0054971921345805
C012155,-0.0010511488199071
C005331,0.006576845869827
C003703,-0.0088926264974586
C008153,-0.0039978395369795
C007810,0.0039255568183157
C007763,-0.0032801242576237
C000804,0.0067874019556087
C007223,0.0044719311720397
C011277,-0.000826387329026
C001322,0.0093669717729319
C000290,2.8984071087974956e-05
C006246,0.0044782954203961
C012147,0.0190705072137493
C008754,0.0128696917653527
C004982,-0.0043991979631824
C003328,-0.0009134894706798
C000197,0.0001224189420603
C005825,-0.0056398515515662
C009389,-0.0070867809507678
C001703,0.0028921718971153
C008587,0.0030497233791094
C013751,0.0133710007951726
C009432,0.004749929748658
C002682,-0.0002047108018696
C005792,0.0040012030438748
C004878,-0.0141072826960867
C006015,-5.992933008433695e-05
C009369,0.0026398309139802
C003270,0.0040519768324703
C008170,-0.0135946359238218
C002098,-0.0004870008638132
C005105,0.0159057528148865
C006709,0.0064557279519724
C003727,-0.0023797961498495
C002937,-0.008973388449915
C011548,-0.0004155061408188
C004533,-0.0015524278980748
C001198,-0.0141111305680379
C000934,-0.0004793447673994
C005047,-0.0045993316001191
C013862,-0.0118960307958336
C009400,0.004655890189225
C003805,0.016060926602774
C001113,-0.0002650274206123
C011242,-0.0062949311454606
C000861,0.0055853234041592
C011401,0.0069894394600151
C008110,-0.0029863124785461
C005799,0.0040850712553693
C010658,-0.0010552738160784
C005250,-0.0055948080556888
C002530,-0.0131724205266423
C004559,-0.0015167042883208
C013519,-0.0016932321942631
C007755,0.0062451594576089
C007357,-0.0019624520232148
C010199,0.0131907878850363
C010165,-0.0005495312584232
C003635,-0.004010891579127
C012343,-0.0011185826027121
C006280,-0.0006292160536659
C002571,-0.0012780526593785
C011563,0.0030917981102239
C009891,-0.0118192442174456
C009047,0.0001058064793761
C010398,0.0057246514118701
C004077,-0.0006561896306591
C005037,-0.003679639836246
C000773,-4.9902093251249954e-05
C003845,0.0044420881042071
C012165,0.0071009915406836
C009056,-0.0087400361238165
C007630,0.003338436652542
C010192,0.0022658637947082
C005194,0.0163091420021921
C009200,0.0005995866381286
C013174,-0.010523263214285
C011117,-0.0054691810299334
C012742,-0.0038199935194946
C010698,0.003829506081967
C001300,4.892433170163532e-05
C009549,-0.0065669284586193
C010628,0.0045566565019136
C002027,0.0110408161973779
C002204,0.0131204082016179
C011522,-0.0148491579132281
C000637,0.0088525111950317
C012624,0.0045682228362283
C007480,-0.0123088801548791
C002159,-0.0007195342997732
C012830,-0.0016531791128115
C003509,0.0065327025684222
C009458,0.0048999034167565
C007957,0.0083826198573965
C012426,-0.0016560944350067
C003247,0.0025645576657462
C009305,-0.0007880001490081
C000646,0.0117300832838799
C004433,-0.0118395389573191
C002544,-0.0005768007700247
C011293,-0.0017440204833569
C008859,0.0030484435025759
C000240,-0.0117989225843151
C003482,0.0112881204092848
C000986,0.0161406175325958
C010476,-0.0150521212348299
C006687,0.0110742471877118
C011919,-0.0132209800890071
C002118,0.0078251917302008
C005221,0.0155950915627288
C000753,-0.0001362967255091
C006869,-0.0005180733219433
C010648,0.0022404749450905
C003207,-0.0015887324134693
C003918,-0.0006151150937352
C010349,-0.002699572868386
C001899,0.0040927362626103
C008596,-0.0009783162153273
C011243,-0.0012777554405764
C009253,-0.0066695737788395
C000852,0.018521002351069
C011164,0.006576845869827
C006142,0.0078777007285128
C004041,0.0089536975681361
C005659,-0.0041560270847517
C001393,-0.0184916415509758
C007298,-0.0035867298393817
C003662,0.0019304340595852
C008339,0.0056149845871129
C006297,-0.0002716338262449
C002222,-0.0140541444198577
C007501,-0.0119760678195554
C006915,-0.0018015883474276
C013721,-0.0033789463906861
C000279,0.0145866952897252
C007117,0.0103055235781997
C008420,-0.0053989823588315
C005066,-0.0146011291035286
C009079,-0.0004595387437883
C003643,0.0066976946206279
C010184,0.000609150363719
C005511,-0.0024912852919792
C002500,-0.0010492717684431
C013696,-0.0068228105155037
C001589,0.014245506917328
C012335,0.0030558073562629
C011402,0.0061419784790789
C008639,-0.0066410929801957
C013233,-5.247546141809788e-05
C004096,0.0092528460520329
C007310,0.0091442884637754
C006221,-0.003917037436348
C002158,0.0008281150267946
C008960,-0.0009249961365852
C007003,-0.0005154281382732
C010549,-0.0036702441462295
C004100,0.0150083097221688
C007296,0.0041710699027404
C012817,0.0136934272378037
C011307,-0.0016321336901708
C008442,-0.0007254911825511
C002884,-0.0090708258739327
C001209,0.0139954588562135
C010017,0.0034399862339701
C012652,0.0050367650420357
C013979,-0.0149474680299992
C005405,0.0051184662607924
C004045,-0.001670450517728
C000844,0.0160559028537475
C008724,-0.0005514140655354
C007865,-0.0052382053479798
C005558,-0.0050856720139102
C006927,-0.0037477030201758
C012640,0.0196299004499728
C000428,0.0001177784833503
C008769,-8.896141491497844e-05
C002822,0.0043566230382301
C001760,-0.002379909549469
C012136,-0.0039166181817569
C009714,0.0098959554823636
C011759,-0.002827386041007
C012002,0.0073544781981984
C011297,-0.0013842242929123
C004640,0.0052684671407983
C003360,-0.0044333740219768
C010275,-0.0014503848463926
C002416,0.0142735621270566
C002711,0.0108033428739844
C010051,-0.0024332260568523
C004027,0.0213652248926364
C005723,-0.0040788763323103
C001533,-0.0015211785636163
C010473,0.0047890387756588
C012668,-0.0071016844316621
C007005,-0.002766270381169
C003229,-0.0046791047638297
C009375,0.0015140616021588
C005730,-0.0015975593922878
C009457,0.0073169583906187
C010666,-0.0055374947870808
C007582,-0.0059849289684616
C009349,-0.0060873600657792
C000044,-0.0014151683705966
C004535,-0.0058312469054948
C013930,0.0032467779408489
C013197,0.0076437898034228
C005096,-0.0090977111779333
C011072,0.0017933571348706
C006796,-0.0104169102265576
C009620,0.0160703656104674
C013103,-0.0022448329946713
C009913,-0.0118024341751296
C005966,0.0029599575908099
C010388,-0.003479686625874
C004798,-0.0050313210628823
C000958,-0.0020558800757791
C008974,-0.0055436580632955
C007343,-0.0007849182990203
C004189,0.0003759438363082
C008674,-0.0114250718544975
C002594,-0.0047770186099437
C002576,0.004386011042573
C002615,0.0073641475610997
C002830,0.0091836113378434
C005488,-0.0173714844069177
C009754,-0.0012571703518146
C004944,0.0027159433846512
C003186,0.0033271104617191
C005458,0.0022107813842022
C011424,-0.000530480412565
C001754,-0.0039380249951992
C012186,0.0061867275074268
C001953,-0.014345197538125
C007399,0.0045503462882529
C010315,-0.003934945664948
C008487,0.0043839331503772
C004348,-0.0147231341646486
C013615,-0.0046880793873861
C004129,-0.0041890570113624
C012551,-0.00190724825777
C001714,-0.0023639686538971
C010128,0.0105842257005265
C002452,0.0060272365623979
C008105,0.014712528147759
C010794,0.0130950954532778
C008994,-0.000854935639293
C004048,0.0096789074344226
C010265,-0.0138492388783339
C006771,0.0031614449683488
C000556,-0.0014295406652442
C008076,-0.0077691343824275
C002085,0.0212782494747055
C009077,-0.0052019963585089
C008238,0.0001436539073008
C012950,0.0061902563842364
C012635,-0.0069418408087003
C003706,-0.0014784598479728
C002819,0.0032615007641855
C010338,0.0085206689158794
C002223,-0.0034873276137716
C009187,0.0009491322329997
C010526,0.0014074374356113
C009675,0.0092012474004813
C003317,-0.0014753493417704
C009367,0.0038008070953454
C009753,-0.0110882550085527
C011097,0.015439660973169
C013330,0.015039720514697
C004324,-0.0028537431642191
C012497,-0.001463397258413
C007497,-0.0006273358073457
C013207,-0.0039823424631458
C008582,-0.0107268495632502
C003216,0.0083168978064752
C006211,0.0032947350438686
C005924,-0.0056385193924242
C011745,-0.0017826347470892
C007248,-0.0005339004400607
C013553,-0.0089339550870853
C008862,-0.0068930296798733
C003275,-0.0118716803058322
C000524,-0.000401314278107
C001419,-0.0050531935326839
C004871,-0.0008590535705241
C007265,0.0035632584426267
C000347,0.016937247523036
C006626,0.002082619572505
C009715,0.017642172136612
C002384,-0.0140813250998669
C001195,0.0001726761943481
C010982,0.01698274251785
C012706,-0.0047970732991825
C005954,-0.0006242435981544
C007380,0.0021919137349967
C012654,0.0193750821980071
C002320,-0.0055401878622224
C000352,-0.0139778110296426
C013387,-0.011829219479793
C011551,-0.0044788343536896
C008340,-0.0118024341751296
C001617,0.0120626313213017
C007196,-0.0111010849802979
C008655,-0.0011961407204809
C000274,-0.0071129678467116
C007416,-0.0004053026258471
C000185,-0.0025172249844756
C002809,-0.0072013736199454
C008334,-0.0037155583454333
C000391,-0.0021666872821365
C010578,0.0111540891103682
C013479,-0.0016551060381816
C010670,-0.0007077702525555
C007007,0.0145617031581765
C007177,-0.0013099762389811
C008200,0.0144108099730443
C008005,0.0004264247979103
C008058,0.0107662012692137
C007599,-0.0116639046995801
C003909,0.0031296907393871
C001071,0.0127135185685059
C005531,0.0158708759125531
C011626,0.0010955424980401
C009378,-0.0019300873606684
C008591,-0.0032736637543623
C004950,-0.0035436301582589
C004477,0.0048742457355473
C013685,-0.0041535432468499
C012913,0.0001224189420603
C001815,-0.0002785587347118
C011092,-0.0021307678618799
C008990,0.0078664045335083
C008998,-0.0039609930252006
C006355,-0.0010913862588306
C008605,-0.000680394767793
C012001,0.000633522821806
C004464,-0.0146074851256199
C009570,0.0065044910545583
C010536,-0.0089175171358795
C008338,-0.0040806388686228
C012561,-0.0003893341832169
C005425,-0.0033055411922166
C011408,-0.0064393854729784
C009837,-0.0030878844732938
C009132,-0.0108044676246316
C008912,-0.0131827221600612
C004716,-0.0028082091511784
C005505,0.0110763327995833
C002752,-0.0010948155238912
C012381,0.0144886076795711
C004459,0.0082576956628806
C010655,-0.0081434295797312
C008835,0.0109130391842003
C007658,-0.0056326154349015
C000762,-0.0070528223355105
C006570,0.0077338802498243
C010738,0.0164761765425644
C008590,-0.0045257739070666
C011449,0.0007701824011692
C013899,-0.0074911991390817
C008515,9.40480218386438e-05
C009476,-0.0137612718202965
C011012,0.0144889059341091
C001049,-0.0011529672047118
C004099,-0.0008002358555394
C013487,0.0073099334632671
C002700,-0.0108507686651004
C012663,0.0174197174698637
C012400,-0.0091003419073111
C000052,0.0005278827081346
C002968,0.0059254233216679
C008422,-0.0106325227222055
C013074,0.011408336334298
C010422,0.0072595208043356
C009020,-0.0064097178023683
C010449,-0.0013967747270976
C005322,-0.012692130375285
C010563,0.0004911423064887
C012928,0.0087351001563044
C013935,-0.0003324963579518
C013439,-0.0004557911839601
C003925,-0.015368547539565
C003091,0.0094250075965645
C007935,0.0064362626230433
C011694,-0.0013284991900785
C008211,0.0047858540555071
C009820,-3.767973063287085e-05
C008969,-0.0010523352157899
C012208,0.0109130391842003
C004729,0.0029599575908099
C002047,0.0039018825633607
C005663,-0.0060746091204219
C013203,-0.0004290940603786
C013218,-0.0004793447673994
C009480,1.6575863525936618e-05
C010633,-0.0061660509674887
C009315,-0.0002938009391159
C010041,-0.0039819985649709
C000792,0.0033122906003719
C000841,0.0012857597146433
C013130,-0.0039609930252006
C010043,-0.0017335957506278
C002625,-0.0007077073647805
C005033,-0.0016821332282742
C012331,0.0003185348189103
C008556,0.019350430930723
C007925,0.0079937253857998
C011192,-0.0039520473398286
C002580,-0.0012040697745333
C002570,0.0012985966136322
C010817,0.0032832473540931
C008132,0.0024925753577687
C010773,-0.0045469129572198
C005535,-0.0006451328724598
C001346,-0.0006942935200453
C013642,-0.0110552230513574
C002096,0.0030537864262362
C013146,-0.0007159847271065
C008121,0.0008099373862065
C003356,0.0052677959038505
C001412,0.0008946696058745
C008631,-0.0031130807048416
C002420,-0.0006249817212281
C007341,-0.0146471136442823
C007601,-0.0001406031455451
C009297,0.0085589709523864
C003505,-0.0090977111779333
C008977,0.0117216532158108
C008946,-0.0022141177306768
C013639,0.0215268666032809
C005380,-0.0001082132280017
C011340,-0.0031043848554302
C012993,-0.0051972139662365
C008212,0.0036000493650643
C001993,-0.0006942713708356
C010290,-0.0015308667652524
C002011,-0.0060017257840325
C000300,-0.0016546908563135
C010509,-0.008356233474243
C003975,0.0028560275464322
C008924,0.0160724525918912
C002486,0.0112873717546045
C001157,0.010341319379794
C010205,0.0012109206422295
C005093,-0.0144233509840314
C009233,0.0027368029613833
C008586,-0.012537354074825
C012116,-0.0014928502304957
C003872,-0.0008212164385724
C013761,-0.0006188281092952
C009667,0.0080015460543449
C001375,-0.0009959180204671
C007188,0.0083325084730487
C008885,-0.0140592850816256
C001909,-0.0148235190805906
C008138,-0.0149115460570396
C011578,0.0036961426864957
C007730,0.0024638908098137
C010453,-0.0042892264164555
C003389,-0.0030917739348228
C002655,-0.0138402155209474
C012294,-0.0141132219451402
C003844,0.005874902584578
C013750,-0.0039182336797612
C004148,0.0102028593460321
C011384,-0.0078487561180888
C007152,0.0079097276890341
C012153,-0.0031043848554302
C009299,0.0022517509129648
C006973,0.005301869264713
C004858,-0.0001079599299123
C013470,-0.0006180577011808
C011254,-0.0190715400310026
C003572,-0.0135241025852287
C008849,-0.0144453980697966
C012628,0.0066061693909857
C007461,0.0010918352815718
C001783,-0.0138402155209474
C005947,0.019360969906888
C011982,-0.0037551186657941
C013681,0.0031848478291241
C001447,-0.000530480412565
C010194,0.0006589015172083
C007192,-0.0013681570846712
C011202,-0.0012270784302345
C006066,-0.0135392421410296
C005150,0.0099557782035017
C012454,-0.0013260129021305
C003167,-0.0006740010572266
C003752,0.013850911384141
C011152,-0.0141655871710689
C013390,0.0074007147881357
C004138,0.0114950616356836
C008625,-0.0018944366453594
C004258,8.689820965327634e-05
C003480,0.0063980230721232
C008840,0.0008250628989768
C004649,0.0086222897171644
C004732,0.001104410224699
C010922,0.0147782618826394
C005753,0.0155967760951099
C004935,0.0077784306894316
C010498,-0.0060017257840325
C004717,-0.0063379218270715
C004145,-0.0024047082329061
C002751,0.0168242718176623
C013228,-0.0058296760778586
C010615,0.0069817639282547
C000466,0.015887943396824
C003426,-0.0148235190805906
C007495,0.0026794424155764
C005629,0.004386011042573
C002983,0.0111463455681117
C012391,0.0020781864362784
C001752,-0.0022662624894465
C000301,-0.0016293234572866
C011394,-0.0055876805943879
C013875,-0.0021044274300146
C002879,-0.0032921227355345
C011156,-0.0031002061197369
C010990,-0.0129227311641204
C008565,-0.0109814153040277
C002317,0.0077192812879472
C008665,-0.0152782082137632
C003486,-0.002456365895578
C002506,-0.0073158619755314
C002457,0.0175900931737279
C013414,-0.0117989225843151
C007214,-0.0037988773825631
C001246,0.0005477654855517
C002371,0.0001324734330647
C010389,0.0119439915566864
C008163,-0.0015780077119259
C007345,0.0028329624454663
C000276,0.0109430361475856
C002076,0.00609278801224
C011324,-0.0014996002758848
C005958,0.0062450945839378
C001826,-0.0016392798520271
C001266,-0.0002631194472895
C004083,-0.0012273504540635
C006979,0.0061652394049432
C005785,-0.0042964195008175
C003567,0.0015104166193193
C013781,0.0073869366505797
C007715,-0.0042995533916912
C013040,-0.0140978170064534
C012623,-0.0056603507056501
C004835,-0.0007679930115263
C013859,0.0036305953374514
C011223,0.0055959791817815
C005729,-0.0035365646677091
C004349,-0.0012834537213323
C008319,0.0136691339178093
C009923,-0.0057170160390203
C010461,0.0082577917558991
C013322,-0.0009956619325152
C012118,-0.0101182693091355
C007595,-0.0029738919165105
C010263,0.012925406017402
C000562,0.0082090209370961
C012132,0.0107531483373263
C010709,-0.0014737297331902
C011734,0.000232996841207
C001625,-0.0016844195139865
C008866,-0.0010790082452172
C013408,-0.0091003419073111
C006271,-0.0113403019037395
C002744,-0.0020942529773021
C003028,0.0117214180350869
C009860,-0.0003196880653422
C006647,0.0024115086048077
C003851,0.0073098184059869
C007074,0.0018225645227847
C000508,-0.0008444501935554
C002243,-0.0021179722131134
C005640,-0.0138732917957042
C011971,0.0285589938123546
C008144,-0.0009988951881909
C007857,0.0048742457355473
C010010,-0.0006434372728394
C008050,-0.0046061406290178
C004873,-0.0022471990804424
C011648,0.0141499765843541
C010935,0.0038027388399264
C003160,0.0193804744349252
C006519,-0.0278162778823808
C003997,0.0099557782035017
C000168,-0.0139004555987265
C010647,0.0057659689222621
C002645,0.0025714158702021
C000657,0.0112666985515833
C001515,-0.0134948334895062
C000511,0.0033122906003719
C010400,-0.0073237277306508
C008715,-0.0066486172430722
C008435,-0.0007643001840546
C001067,-0.001280582715796
C009282,0.0152683203503461
C005426,0.0183675997585919
C002825,0.0076381109392913
C013375,-0.0173714844069177
C008425,-0.0016543449538212
C001171,-0.0025338406211044
C006039,0.0010594008204474
C007814,-0.0028577328958363
C007943,0.0093787874334262
C002842,0.0062681206831745
C006809,-0.0016606331875408
C013165,0.003218481807532
C001912,0.0007906585977438
C006092,0.0100021629663682
C004140,0.0053287236537041
C009445,-8.719352735106191e-05
C001133,-0.0045753656039745
C008133,0.0009639230943849
C009556,-0.0083509847850813
C009986,0.0195133523274499
C000443,0.0073312552523361
C012511,0.0092528460520329
C000109,0.0063715937889632
C003598,0.0016349867923023
C011461,-0.0061430720777347
C001976,-0.0071410414570836
C006600,0.0074431095063331
C008101,-0.0012382165982822
C001253,-0.003502632705489
C009427,0.0037645878543458
C008726,0.000549233975325
C000542,-0.0015914557658801
C010042,-0.0082607828071661
C008709,0.0097107785527509
C007789,-0.0149248894733682
C013936,-0.0040629907110348
C010946,-0.0010573884004933
C013287,0.0011235327345694
C010467,-0.003008615497253
C010924,-0.0007393724145433
C006739,-0.0049842593349101
C012046,0.0117002676141417
C000457,-0.0137308712632447
C005811,-0.004772357698779
C005696,-0.0126988316812462
C007896,-0.0049322697974638
C001120,0.002107392365027
C007268,0.0024806819923611
C010210,0.0135629472385777
C010217,-1.3028033459932854e-05
C008976,-0.0050763742273941
C006487,-0.0024956323850965
C005211,-0.0153651235747166
C011515,0.0040432452938949
C008492,-0.0138276786212449
C004354,-0.0063370475374859
C008536,-0.0040584311798709
C003003,0.0021892060399817
C011494,0.0061035094061967
C012313,-0.0001288747050835
C011416,-0.0035079090818946
C011351,-0.0170029295110738
C004111,0.0035691502504497
C002216,0.013381700774674
C012184,-0.0003511183482586
C000467,-0.0016876096215067
C010245,-0.0058226174376416
C012467,-0.0043898397124474
C009568,-0.001583856454382
C006040,0.0064462122495486
C011063,-0.0111196609006513
C006411,-0.0100143976803039
C010767,-0.0006213503386825
C003818,0.0134342907976047
C008699,0.0027636799507915
C004777,-0.0012974483211284
C003621,-0.0066987955962576
C006657,-0.0069578029958728
C001464,-7.444048920360564e-05
C004797,0.0057631670973119
C013073,0.0079384417312557
C009263,0.0010386986967726
C008678,-0.0037358746015534
C006544,0.0135822820378569
C011603,-0.0001050420614967
C008524,-0.0028544648542865
C008986,0.0052224754682314
C008571,-0.0102530002803917
C000962,-8.19940861500236e-05
C000582,-0.0029103156844273
C002800,0.0055849380980963
C002114,0.0038164693482821
C007313,-0.0015750209765547
C011371,0.0030185627926298
C003099,0.0013362646153385
C011032,0.0062354932504211
C012395,-0.0024114290748597
C005623,0.0143926694153483
C005555,-0.010515345410238
C012059,0.0020759143462003
C004357,0.0007187252782271
C005445,0.0035354028200703
C012360,-0.0104002576313067
C004800,-0.007062520859924
C006429,-0.0057009542090289
C013480,-0.0062100909492395
C011361,0.0068998147676685
C000383,0.0037162819437639
C009679,0.0062354932504211
C012361,0.0116484413972022
C010297,-0.0057848918925671
C001663,-0.0020646964052166
C004293,0.002664855511943
C010176,-0.015077649243122
C007151,0.0102106629507648
C003857,0.0060005088076844
C003126,-0.0112814261892454
C013159,-0.0149248894733682
C008768,-0.0135241025852287
C012359,-0.0053807250184965
C013616,0.0109598775581261
C000652,0.000446831444862
C001425,0.0071000584867572
C006860,0.0015303273288363
C002091,0.0099368064385957
C012328,0.0132766677858536
C008627,-0.0015409633310128
C000114,0.0178602734807382
C007779,-0.0052537585614355
C004259,-0.0010315798377379
C013802,-0.001390076713705
C005933,-0.0001643102795682
C007922,-0.0122323546855785
C013784,-0.0069380570030653
C002673,-0.0048608947078103
C012077,0.0154470378545169
C012571,-0.0060434948097025
C006763,0.008931100179948
C013012,0.0185629657041479
C013454,-0.001250576573797
C009489,-0.0070867809507678
C001421,0.0071712732473147
C005760,-0.004470449118503
C001675,-0.0046061406290178
C001028,0.0128331424349417
C006602,0.0104822140130405
C004491,-0.0065440306515392
C002315,0.0080239526076168
C003978,0.0056629350719284
C011744,-0.0119463761129479
C001286,0.0117129996445089
C002070,-0.0057942543788144
C011965,-0.0069970349631372
C000690,-0.0140762596860314
C009413,0.0057828105724157
C012876,0.0051075237915456
C007984,-0.0122501473687589
C013838,-0.0007016595323977
C009161,-0.0097943694284225
C003074,-0.0016044055749141
C005482,-0.0001630580050343
C005793,-0.007640598008769
C002727,0.0013191608518052
C009580,-0.0009645602308312
C013173,0.0023643075514668
C006504,0.0055463940928796
C013743,0.0095544465681013
C008232,-0.0010565754148176
C001984,-0.0071285062600159
C009236,0.0106274028206221
C004760,-0.0140196775506601
C002789,0.0109578364724713
C007125,-0.0015222200374246
C006769,-0.0051442854734772
C002073,0.0019151375628146
C008337,-0.0026846006237763
C010528,-0.0033560079052296
C012418,-0.0043541430098901
C013909,-0.0023124864973602
C000189,-0.0016970602057126
C005507,0.0001475172126467
C000560,0.0012907368637077
C003619,-0.0133161748157008
C007870,-0.0138934472662489
C002087,0.0029618920704081
C011375,-0.015092518861206
C007672,-0.0224161586619779
C008104,-0.0043991979631824
C012311,-0.0083509847850813
C004692,-0.0026751739134262
C001814,-0.0016255838947452
C003034,-0.0010400415715277
C013045,-0.0003791037333827
C011398,0.0091602166837442
C003471,-0.000400737880414
C003994,-0.0062108768986074
C000763,0.0131907878850363
C006746,0.0032978573519607
C004024,0.0073418522951676
C003913,0.0060187733435907
C011961,0.0145394335230692
C013424,0.0156483131497691
C012062,0.0009229830035301
C007988,-0.0121328631633453
C011352,-0.005753743590355
C013475,0.0236972087821991
C011701,-0.0084256071835949
C000327,-0.0008584854215705
C009323,-0.001098233401826
C013151,0.0008099373862065
C007473,0.0068315459989757
C006379,-0.0043268137201142
C012246,-0.0137612718202965
C011158,0.0047284276147648
C005984,0.0148244160034515
C001980,-0.0034554923463492
C005010,0.0032742910334553
C006659,-0.0015001666189576
C010832,-0.000657665501539
C013019,0.0091208216736332
C006614,0.0046432234127945
C007174,0.0014450130932124
C012620,-0.0093725925981277
C004110,0.0099944045655791
C013293,-0.0148235190805906
C012606,-0.0003150848618846
C013960,0.0187265640878466
C007953,0.0024566952306365
C013102,-0.0010677945726833
C004378,-0.00204509556129
C007929,-0.0056860449415079
C002113,-0.0084958544170105
C012179,-0.0065714903944681
C005500,-0.0016018935824698
C006735,-0.0086443772406038
C013555,0.0153522528358136
C006914,-0.0074101797727694
C012206,0.0070866338066982
C011397,0.0085324737214233
C007312,0.0013696603913259
C003081,0.0025239971181978
C008877,-0.0041254491274768
C006361,-0.0016244261259172
C006531,-0.0033026573771384
C012985,-7.854223780622554e-06
C002163,0.0111727968679477
C010191,-0.0008522381507184
C000574,-0.0106207029139319
C009639,-0.0051387390240427
C011247,-0.0052657017012521
C011041,-0.0021504668866547
C010214,-0.0048608947078103
C011645,-0.0132808821369339
C005566,-0.0041490577567563
C012253,0.0039748196102257
C003745,-0.0008309544886348
C013530,0.0030805585357377
C003830,-0.0034747993459987
C012248,-0.0009863168279075
C010020,-0.0118273274329821
C004403,0.0087872625902322
C009937,-0.0001058020568242
C012957,0.0003091549553942
C012790,-0.0062790386653872
C007337,-0.0053910306942913
C011031,-0.0040835416393973
C012676,-0.0091236252042548
C012281,-0.0017068888196419
C004420,0.0097372955658868
C011947,-0.0009915853490566
C001827,-0.0025611197359305
C004784,-0.0079204968935773
C011244,-0.006127815893194
C013030,-0.0136043090649943
C011239,0.0023820784725147
C006635,0.0021269678538757
C007144,-0.0037914044739624
C000639,-0.0092281055158555
C005786,-0.0007047582580796
C008694,-0.0040555577207247
C010112,0.0059009538761313
C001449,0.0159209104187312
C001771,-0.0153196124414313
C013326,0.0062281515335206
C000899,-0.0140319377921932
C004226,-0.0137837411589731
C000767,0.0037755741195758
C012669,-0.0034978103015627
C000770,-0.0019267521783529
C011839,-0.0015571266601296
C001308,0.0062921054156691
C004016,0.0097061006663751
C009388,0.0034399862339701
C013081,-0.0041748834229523
C001601,-0.0138402155209474
C003630,0.005826637758327
C001053,0.0109534463739392
C005065,-0.0118643656800382
C006426,0.0123848520328286
C008465,0.0050694272821935
C010635,-0.0056176304920593
C008284,0.0092310208306723
C011343,-0.0014875161044126
C009898,0.0059371100167667
C008622,0.0039018825633607
C010865,-0.0033598676508552
C008640,0.001108981490847
C011272,0.0073013950953611
C006372,-0.0007881036503122
C005205,0.0025106435711953
C009770,0.0051380239670771
C004153,-0.0041141052325873
C012723,-0.0028716336401856
C003085,-0.0103099945521462
C004438,-0.0110789999136273
C009630,0.0027882630356031
C007262,-0.0006015836026173
C001363,0.0126109481635804
C001155,0.011078262351133
C000855,-0.0027211452366701
C011735,0.0043639211395689
C006311,-0.0002461758647457
C009972,0.0023012918066316
C009441,0.0013866189420832
C012022,0.0091372469068111
C008254,0.0054038627588299
C006227,0.0049107601348946
C007421,0.0023439790137254
C006025,0.003408729838974
C001006,0.0071938670996348
C005338,-0.009830825489197
C008066,0.0011979153455909
C000350,0.005512520154288
C002340,-0.0137231800419257
C010362,0.007928277669497
C008395,-0.0124953348192152
C002418,0.0176682609756986
C005721,0.0096194473919311
C013920,0.0062450945839378
C002648,0.004881143822424
C000549,-0.0053695995065472
C007243,-0.0009996146250368
C011776,0.0053016435567031
C002731,0.0096074007345117
C001767,-0.011814917302513
C011777,0.0069540112000626
C006488,0.0042989537841862
C011327,-0.0108263506857913
C013108,-0.0023119849201179
C004023,-0.0039271728541098
C013922,-0.008864860231444
C012782,0.0159698490031524
C007877,0.0030166117184365
C003820,-0.0009134894706798
C013983,-0.0012108438591793
C004268,-0.0015508964540882
C004762,-0.0062044211916408
C008601,-0.0032291613778294
C011220,-0.0122867237022174
C013199,-0.0046323103394631
C004758,-0.0006109748217043
C002791,-0.0013083855777512
C002888,-0.0011283418399446
C005446,0.0031205186503146
C008346,0.0075459959499269
C010662,0.0099030748920237
C006320,-0.0044090906109309
C002609,0.0094589615831967
C006114,0.0107948757243054
C013550,0.009508737055011
C006358,-0.0045058748545545
C000811,-0.0043167111361146
C010827,-0.0002611044800055
C008820,-0.0002904720413269
C004368,0.0256870203173145
C005203,0.0159828857503744
C008738,0.0203475598524857
C006758,-0.0058624121951529
C008457,0.0025238876933352
C005440,-0.0026256827186401
C005298,0.0059987916396953
C002612,-0.0056860449415079
C011026,-0.0007728015482188
C003347,-0.0060273218908924
C003952,-0.0039431792799028
C013672,0.0167114507494769
C004163,0.0040097229786621
C007815,-0.0081659442731208
C009795,-0.0034545220210076
C010888,-0.0017438207507376
C001561,0.0010415955619929
C012223,-0.002659378713497
C004843,0.0102293481380237
C004266,-0.0007531863375887
C000515,0.0105569782692334
C000262,-0.0092309833012831
C008844,-0.0022665921369176
C010047,-0.0069434449378782
C005719,0.0164986637181993
C001341,0.0074396419421222
C004143,-0.0076071400868105
C011187,0.003129097860355
C004862,0.0025556484620092
C001971,0.0151509761168791
C012204,0.0049620649070231
C001079,-0.0013342276223149
C011328,0.0030318563636118
C013147,-0.0031308613213671
C004573,0.0009796971289742
C005428,-0.0084858281527303
C000505,0.0007782192069683
C000437,0.0056885117827498
C000446,-0.0006618774096459
C012303,0.0055615862004288
C004262,-0.0113627195442022
C003550,0.0038027388399264
C012398,-0.0018607579531125
C012152,0.0062117648996462
C000856,-0.001634142457201
C004457,-0.0011366402560287
C008149,0.0009898824106823
C009360,-0.0032113273152035
C007531,-0.0076337934905159
C004208,0.0197291363337278
C010392,-0.0033611866181858
C011020,0.0154879803546367
C011997,-0.011829219479793
C007033,0.0070108802576329
C001518,-0.0013809010911115
C010015,0.0211746345261223
C001556,-0.0011901967035966
C012247,0.0158219366501076
C004712,-0.0006105176674864
C005238,-0.0031211784100325
C009644,0.0005906136798035
C013914,0.0022376576387424
C011824,-0.0002852394821088
C010185,-0.0007282147902081
C008656,-0.001883623738047
C005229,0.0030502358204832
C003769,0.0087484208385258
C005421,-0.0006579247751094
C009065,0.0181062553228163
C013313,-8.128983590585555e-05
C007769,0.0049270844214042
C003015,-0.0007728521869334
C009100,0.0190101781429088
C007606,0.0073082960846617
C000069,0.0003759021515271
C008748,-0.0007035855795138
C011283,-0.0009225013447513
C010472,0.0008535192809754
C006225,0.0002362248562843
C002657,-0.0087736494400824
C013566,-5.9688720371025725e-05
C010182,0.0180369002607396
C008563,0.0041370394527105
C012992,-0.0006912292822898
C007304,-0.0039150322849456
C011118,-0.0070168537373199
C003055,0.0008356684023961
C003882,-0.0011708533942512
C005744,0.0046179199576885
C006050,0.0084070437734206
C003578,0.000385429729119
C001598,0.0047771180582936
C009063,0.0107928410388836
C002833,0.002321187330587
C012047,-0.0018245373373044
C009202,0.0071949682451143
C006294,-0.0042898859618416
C000918,0.0063721298683657
C009130,-0.0083259375916891
C011826,0.0011413252605623
C009454,0.0046265997725657
C000719,-0.0124783137934466
C007803,-0.0025534582326232
C008242,0.0061035645182954
C001798,-0.0018768416475992
C001027,-0.0016979063103336
C005820,0.0076336068865321
C004634,0.0085803860550062
C012859,-0.0010623714734241
C001952,-0.0010004302180729
C004892,-0.000370856455918
C011623,-0.0111724042592391
C002331,0.0041403671304203
C005252,-0.0064640806376944
C004476,-0.0034545220210076
C006940,-0.0073515940025192
C012316,-0.0042340549913488
C011871,-0.006940886136846
C008266,-0.002717999331349
C000330,-0.0006305863296278
C010851,-0.0038474613542751
C011581,0.0170943909548014
C010833,0.0003833561980789
C013765,-0.0039764122612664
C002917,0.0019589802153305
C009671,-0.013199517472073
C007719,0.0048193096106183
C000102,-0.0141285441941486
C004848,0.0107618521969276
C002977,0.0057347061996391
C002240,0.0057978333549697
C008618,-8.128983590585555e-05
C006873,-0.0060664094792999
C003866,-0.0008759233359633
C004809,-0.0020112540433939
C003079,0.012922427958528
C008933,-0.000604596165538
C012382,-0.0064393854729784
C010820,-0.0103840093995203
C002721,-0.0005937146983946
C001474,-0.0028270022181258
C011393,0.0096298965596221
C000540,-0.0010581401751699
C006140,0.0150646701245528
C003798,0.0042231986462508
C009579,-0.0101182693091355
C008863,0.0047284276147648
C006021,-0.0050763742273941
C008482,-0.0081312932764394
C002840,-0.0008761605420077
C013840,-0.0048631085442428
C013048,-0.0105152047397834
C002622,8.656770796879913e-05
C013546,-0.015214448246367
C008326,0.0039814688080727
C004544,-0.0068771879800949
C000537,0.0013053636814375
C003876,0.0013121864466448
C003217,-0.0005716129087771
C002232,-0.0032230855953609
C001544,-0.0001445303906768
C002343,0.0214276603140448
C004385,0.0114866308549169
C010533,-0.0005660783878819
C009901,-0.0007986567854134
C003551,-0.0074399849539476
C000752,0.0221092247401721
C004231,-0.0134883045788291
C005654,-0.0012239726359048
C000834,-0.0152782082137632
C011527,0.0048970164974803
C012004,-0.0150866277557028
C000393,0.0110099134800862
C003741,-0.0024449322219822
C012041,0.0050263935433644
C013096,-0.0009443830494351
C011455,0.0073099334632671
C009955,0.0118575398950254
C010703,0.0048952374828676
C004461,-0.0086919658732147
C012598,-0.0150592078875829
C002852,0.0113259431953151
C000521,-0.0002785587347118
C001732,0.0021892060399817
C011337,-0.0001143734492052
C004695,-0.0008982302581442
C003243,-0.0041745667685009
C013664,-0.0006633627963887
C009099,-0.0041045035515576
C005364,-0.011702144938732
C013205,-0.0025073548708888
C009252,-0.0009863168279075
C009029,0.0053460279953707
C009864,-0.0007757067850906
C002162,0.0024783190479376
C004986,0.004184265049058
C005874,0.0078251917302008
C005529,0.0040369006333963
C010567,-0.0101841192192946
C008208,0.0033960362771354
C004479,0.0001224189420603
C009698,-0.0118433584398938
C000502,-0.0016750624760005
C007771,-0.0006971725994823
C005367,0.0013050431629688
C013643,0.0083920049815495
C011055,0.0062564888971544
C004889,-0.0006174735252199
C010055,-0.0010635265109605
C007548,-0.0009435677823538
C006539,5.3452059438314814e-05
C009833,-0.0109320717121081
C011200,-0.005251557927229
C011884,0.0005911353836913
C010339,-0.0020366868059377
C001353,-0.0086820183824356
C003257,0.012918990628304
C003180,0.0078805651761763
C008086,0.0001162217318945
C004411,0.0151674004600292
C001655,-0.0111035300475204
C012718,-0.0110948980071121
C011808,-0.0002186446781246
C006903,0.00370702180911
C011493,-0.0061035648788792
C004035,0.0040249310503417
C012593,0.0049794015828708
C001473,0.0107676157506778
C010413,-0.0012946882460773
C008289,-0.0120527447679188
C005158,0.0010338644479632
C005388,-0.0016825111386308
C012250,0.0199837368756756
C007446,0.0023938670270111
C005571,-0.0047632199929908
C012187,0.0036803471370366
C013692,0.0049146683455012
C006967,-0.0016854992286026
C008081,-0.0025008675058824
C013572,0.0040782116197262
C000575,-0.0131668584055695
C012600,-7.444048920360564e-05
C012113,-0.0010193268955882
C001992,0.0157317693083263
C002019,-0.0028537431642191
C003287,-0.0118789606722146
C009900,-0.0227379533722211
C000024,0.0152418222599808
C004019,-0.0009933740846881
C001922,-0.0002649214392942
C012769,-0.0055213658140535
C012935,-0.0011125154430767
C013407,-0.0013903284411198
C005950,0.004877103195273
C004614,0.0081755241654089
C008953,0.013772272499233
C009831,0.0163754133049285
C008295,-0.0134491652521603
C001652,0.0097680595442667
C012431,-0.0015721781907915
C008721,-0.0115937784428439
C013145,-0.0056885436930213
C000960,0.0079373358166368
C011139,-0.0139185522088111
C000072,-0.0058065604518354
C002998,0.0115713632269899
C012748,0.0067310420564872
C001554,-0.0048393099017455
C013829,-0.0144387322487673
C006017,0.0119666600795981
C006324,-0.005105816254325
C000385,0.0063413927639602
C005112,-0.0029008022545825
C010081,-0.0016267722269155
C007420,-0.0063800714981045
C013665,-0.004273399444853
C007463,-0.0007909701214927
C003444,-0.0018567838154741
C013398,0.0083625861991896
C010506,0.0027359025592893
C013058,0.0120167832029983
C010186,0.0088759476360552
C003012,-0.0067942991304377
C007375,-0.0074900078086214
C009699,0.008086617849915
C002766,-0.0016534325174108
C008127,-0.0020965445702154
C004481,0.0298751127853568
C009593,0.0008855796901103
C005818,-0.0011707604740479
C007070,-0.0025955476847449
C009608,-0.0082081734190085
C009010,-0.0102248235650449
C003049,-0.0096764199685055
C004977,-0.0089787306941709
C004679,-0.015214448246367
C008333,-0.0140926140009973
C010363,-0.0015290021648572
C009871,0.0054267230839375
C008165,-0.0133503225785124
C009734,0.0078955926621202
C011268,-0.0052783562307013
C008978,0.0048013406363072
C012050,-0.0008681670226334
C006182,-0.0093725925981277
C007097,-0.0092281055158555
C009653,-0.0011703825209125
C008283,0.0027717256519845
C010766,0.0157050195714922
C005386,0.0016882710790442
C008798,0.0171688643836345
C005824,-0.0010493827193407
C000407,0.0073995798443974
C004227,-0.001054831036045
C008550,-0.0003595855159358
C000440,0.0158078673454448
C002511,0.0162771495289313
C008608,-0.0015409633310128
C000880,0.0064894864374501
C004538,0.010092961070524
C007934,-0.0090819023775167
C008854,-0.0013390818454687
C007406,0.0007760014111977
C005939,0.0055513966174686
C003258,0.0114584426041185
C000607,0.0002304486665825
C011753,-0.0024195189106235
C013754,-0.0056041060700866
C000623,-0.0015546882174676
C000118,0.0056889836210053
C010923,-0.0121333181891831
C010234,-0.0009407215911609
C002419,-0.0004155616283367
C013436,-0.0136577813606092
C003248,0.0065732777549978
C013044,-0.0138063265999966
C005746,0.0083625861991896
C006861,-0.0004306593630911
C005561,-0.0143094804017118
C007645,-0.0103257341066537
C006375,0.0129849284002644
C000210,-0.0010284180037857
C002553,0.0123074434991887
C008951,0.0119732655478512
C004435,-0.0007533930660416
C008288,0.0076547332333485
C003094,0.013936514871144
C001723,-0.0014510957400456
C013352,-0.0006038248662837
C012312,-0.0019275421609551
C000430,-0.003920401820853
C001177,-0.0072926238468274
C010139,-0.0007522681895825
C011321,0.0014339933068194
C000597,0.0147664470792204
C003147,0.0006079560090673
C004693,-0.000168879313446
C010096,-0.0070832033825804
C001328,0.0071916730900674
C013236,-0.009721339908327
C004968,-0.0016571071684484
C004173,0.0006231120874313
C004269,-0.0044196504133533
C000453,-0.0065213644309433
C010224,0.0060866892685638
C000698,-0.0006551837357527
C007886,0.0191078095467619
C002566,-0.0033871227070729
C008478,-0.0107536592120593
C012605,0.0023696557741621
C007472,0.0005202633867518
C008987,0.0152035291986903
C001423,0.005668000809487
C010240,-0.0055508058955311
C010929,-0.0090207846969043
C005122,-0.0059128833889472
C005658,-0.0026323396459649
C005591,0.0090925773270218
C008209,0.0062127581461921
C003293,0.0071655197122278
C012135,0.0038134985167895
C012194,-0.0132757810938818
C007282,-0.0111033187109841
C003799,-0.007440285853952
C002084,-0.0015438548145622
C002177,-0.0003062031361234
C007534,0.0071807185356128
C003054,0.0098627863962989
C008466,-0.0044657052017524
C001180,-0.0135226368913179
C011955,-0.003693506271109
C011654,0.0125450303485923
C010361,-0.0131724205266423
C007577,-0.0150008909240805
C007323,0.0037692527849741
C005232,-0.0118239595524072
C007342,-0.0140051695631892
C003992,0.004478571999483
C000332,0.0055858173195996
C012603,0.0028519767109197
C001240,0.0183531554540244
C010568,-0.0001243692066154
C000215,0.0041492836196556
C004307,0.0007783071039229
C000525,0.0054038627588299
C013973,-0.0022521121888915
C000712,-0.0040988344081522
C001792,-0.0050652135712914
C001291,0.0110323555394986
C012607,0.0173845505317907
C000224,-0.0116557926838793
C001189,-0.0039434022738456
C004106,0.0199789918839168
C006605,0.0008087726768297
C003025,0.0062387131745497
C004854,0.0182196291358839
C006858,-0.0028918192923143
C004936,-0.0133822291679179
C013397,-0.0153107955121458
C009726,-0.0043044999300945
C002261,0.0011665036836033
C003264,0.0123475205780173
C003573,0.0006999173674291
C001009,-0.0140411460953759
C011304,-0.0037169436943898
C007326,0.0046126320529896
C001935,0.0163314497958873
C005271,-0.0284118135155714
C012746,-0.0137375494549351
C006917,0.000722754691637
C011326,-0.0140978170064534
C005756,0.0077207630511975
C010960,0.0013051971540126
C013179,0.0032774769910948
C010274,0.001932078758618
C003940,-0.0099877494323198
C006880,0.0031002439074465
C001091,0.0042520631955181
C013934,0.0019589802153305
C000319,-0.0042161072230851
C013208,-0.0059637787943402
C006380,-0.000639246728832
C000510,-0.0020758910963112
C012275,0.0020796503002958
C004312,0.0054844329963585
C001638,0.0041062324509363
C000213,0.0036539756599676
C013256,-0.0006909773093333
C013792,-0.0117202221483882
C002193,-0.001621754383081
C007058,0.0081024263830521
C004680,-0.0059225122654521
C000288,0.0150301118009952
C005199,-0.0061457641586464
C012977,0.0158823214832988
C009554,-0.0016293234572866
C006395,-0.0024285240569807
C000914,0.0039858874317325
C003980,-0.0008482320158014
C010988,0.0007821365060494
C004575,0.0032620801989162
C006877,-0.0025398301190931
C011674,0.001133910734501
C001199,-0.0114945105257724
C002201,0.0019614705995902
C000944,0.0027950632092694
C007487,0.001820476846312
C013953,-0.0006153163097397
C001847,0.0026542786672827
C005260,0.000526637945286
C008928,0.0002191827771408
C002410,0.0116957876494503
C006833,0.0113654626695793
C011084,-0.0110229260480288
C003037,0.0175640731795956
C010484,0.0012401853775712
C008741,-0.0140273401001819
C009172,-0.0091617043890686
C013229,0.0141700774252819
C004689,-0.010524092022732
C004882,-0.0019237786808415
C003051,-0.00071622187072
C004664,0.0051301507029403
C000031,-0.0006363491327036
C013180,0.0009706895125407
C010781,0.0114308578364233
C013541,0.0100809868026584
C004284,0.0193660386641301
C012218,0.0003512188234299
C008191,-0.0090659233774365
C002556,0.0068257965131529
C005887,0.0009898824106823
C001147,0.0005403231409628
C005499,0.0070461044824012
C013780,-0.0012685478555948
C002023,-0.012695219738933
C013800,-0.0007679118440983
C006334,0.0005163626897597
C006304,-0.0144387322487673
C008973,-0.0075545456036887
C010132,0.0050693621932113
C006528,-0.0017746218976447
C005616,-0.0108515733905145
C008908,-0.0141156602197198
C001667,-0.0011080798170092
C006935,-0.0042244012327276
C002886,0.0007674534758413
C008039,-0.0006717634255652
C010154,-0.0088927386863227
C002001,-0.0068545351971371
C006300,0.006111473095949
C007830,-0.0033835816044961
C001870,0.0193357326415366
C007136,-0.009421721409795
C011344,-0.0004451349329533
C006991,-0.0024331089251051
C013501,0.0087402674352282
C009163,-0.0088733701460516
C004615,0.000177835778657
C003696,0.0083259334608955
C011595,0.0099944045655791
C002273,-0.000145118516736
C013177,-0.00025345269615
C008150,-0.0078733420743513
C005167,-0.0135299410848469
C001857,0.0085914819363963
C003191,-0.0006735444942241
C006727,-0.0006400368654851
C012287,0.0100387186379716
C006753,-0.0047534578967956
C012768,0.0075695887282797
C006029,-0.0014991895940361
C009992,0.0163091420021921
C012205,0.0012363511463775
C005154,-0.0006073087236073
C005831,-0.0005416503367526
C011067,0.0003409931413586
C009916,0.0015594182594558
C003783,0.0029618920704081
C001988,-0.0055996616542908
C012724,-0.0016772197303372
C000417,0.0061814470295825
C007875,-0.0153638411614875
C006088,0.0007740952144566
C013594,-0.0011707604740479
C008614,-0.0280355832227087
C001117,-0.0065284250445592
C000603,-0.0009959180204671
C005610,0.0039590860257068
C005166,-0.0006192683502309
C011166,-0.004894457153256
C012292,-0.0047306631765086
C006083,-0.0109782080012282
C010150,0.0038068084690192
C011630,-0.0092309833012831
C013060,-0.0261476321052929
C011403,0.0172536827859791
C012781,0.0004562443158449
C005309,-0.0009046017710023
C000254,0.011939293324152
C002052,0.0020660871364723
C004155,-0.0079938430386124
C004078,-0.0060984753763847
C009238,0.0181598167322462
C002918,0.0027636799507915
C012344,-0.0028949595751338
C011725,-0.0058296760778586
C006236,0.009254412120208
C001676,-0.0098078669386344
C002356,0.0067377190657279
C010940,-0.005655608126496
C003103,0.0145774265938252
C008032,0.0091103314008075
C012968,-0.0128376094360986
C010577,-0.0009178013750825
C005872,-0.0037862199304116
C005983,0.0019030104289903
C001360,-0.0015420724157469
C004257,0.0130021826129843
C011107,-0.0015534631845821
C012329,0.0025195368038996
C003776,-0.0032696958669862
C007974,0.0051903042686011
C002577,-0.001017676044645
C005891,-0.0014943067752515
C013659,0.0196663380883824
C001794,-0.0112724865977856
C006458,-0.0014926301524994
C001840,-0.0014673236190867
C012524,-0.0100049414595232
C003592,-0.0097190163381362
C006702,-0.0016478782817288
C004541,-0.0059674910517228
C008108,-0.0090659233774365
C009799,0.0001486069340727
C000030,-0.0103346122081589
C001149,-0.0039649818632937
C013449,-0.0077449144386215
C008943,-0.0006109368965496
C008091,-0.0101638825103076
C012450,-0.0142466584321574
C001095,0.0058528178823522
C012326,-0.0013920964696645
C003518,-0.0135226368913179
C007701,-0.0089925289700711
C001833,0.0189880689663787
C013421,-0.0064105207563239
C005836,-0.001425115138236
C001520,0.0158058070658761
C004938,-0.0005079115940341
C004490,0.0031614449683488
C000686,0.0116484413972022
C011717,-0.0057928489069383
C006303,0.0108447687940081
C008345,-0.0060499253107323
C001283,-0.004422476924781
C004425,-0.0006483053917065
C009143,0.0061034450569881
C006906,-0.0108360682484325
C011091,0.001322084906149
C005986,0.0037180363615645
C002781,-0.0081526423743671
C010956,-0.0121229622459496
C012163,0.0035342056680991
C003777,-0.0031019618979091
C006155,-0.0088927386863227
C008624,-0.0008738773162591
C000084,-0.006080600583321
C006305,-0.0138401742544114
C003396,0.0039452398267681
C007437,0.0031992432739505
C002161,0.0125303073692714
C009410,-0.0016576686215344
C004733,0.0111506794209485
C010001,-0.0013262091051086
C011773,-0.0015245043617213
C011479,0.0019849301836811
C011991,-0.0095750432829074
C013514,-0.0017009276116007
C011376,-0.0009004693080874
C005626,-0.0050872525200986
C007147,0.0073368617980881
C002813,0.0054559119553221
C011580,0.0091626049613394
C008703,0.0013673971121582
C001116,-0.0100070248601916
C009615,-0.0014542867803194
C012527,-0.0061169888667159
C008203,0.0150557159047225
C012695,0.0081644846434814
C011990,0.009256104466913
C011636,-0.0069623480304988
C008701,0.0043678751614352
C005315,0.0032981850002333
C007237,-0.0153425864104443
C007160,0.0047214129021047
C010891,-0.0007238582948005
C012994,-0.0032113273152035
C009286,0.014245506917328
C009903,-0.0053673632596176
C001969,-0.0081434295797312
C010538,-0.007440285853952
C000968,0.0112922397324036
C008995,-0.0024915322237251
C005254,-0.0007983520615132
C002699,-0.0037762371359014
C003838,0.0181598167322462
C009948,0.0003691666944599
C004321,0.0012274648096805
C011612,0.016969615293527
C008431,-0.0037615113981861
C007080,-0.0115892864049392
C013418,-0.0135226368913179
C009320,0.0058075038854323
C012879,0.0191493775336986
C006955,0.0023920369717805
C001367,-0.0007969338947909
C005263,0.0033122906003719
C006732,0.001642722199861
C001937,-0.009782182939116
C009991,-0.0120474065978216
C010555,-0.0014976749318275
C008397,-0.0051261938422103
C013149,-0.0040592357636916
C004788,0.0046126320529896
C013056,-0.0137004914530718
C007289,-0.0003250367302462
C006321,0.0073824237093677
C006522,-0.012765259515373
C002796,0.0096796958350003
C013632,0.0228637683529582
C000991,0.0010025088767029
C011678,0.0004000451175287
C007064,-0.0031760756840977
C010417,-0.0016543449538212
C000915,-0.0026924976906397
C002824,-0.0081412596581446
C005427,0.0096504888854433
C013129,-0.0080982357472066
C002877,-0.0071102561518525
C009443,0.0155527222204768
C001165,0.0145866952897252
C003086,0.0066642211411939
C003779,0.0112265404788255
C000636,-0.0015778295645563
C005542,0.0257010078164843
C008606,-0.0142466584321574
C009668,-0.0002766754090519
C000632,0.0002990610269333
C001820,0.0090579476167183
C000258,0.0057804967872082
C011797,-0.0085111092111773
C012040,0.0035278710960237
C013717,0.0057067477142733
C005813,-0.0152185215845925
C005501,-0.0095153625709977
C003563,0.0016113772141495
C001896,0.0110320593956093
C004179,-0.0018607579531125
C012585,-0.0012535878822645
C007656,0.0057931220029448
C007543,0.004162941299994
C002637,0.007666989640236
C010774,-0.0095764861472827
C001320,0.0215292632588248
C009866,0.0028560219210083
C002316,0.0026333324665119
C010090,-0.0053163144069309
C011877,0.0061928212167317
C002632,-0.0097600024031807
C004804,-0.0054281563128201
C007625,-0.0139547098063802
C013309,0.0071552399157406
C005453,0.0223236699581536
C010264,-0.0064922417903562
C002965,-0.0116869582361996
C002299,0.0057157380423607
C012233,0.0074133510619032
C002105,-0.0148491579132281
C011426,-0.0012257668657634
C007171,0.0054767190284617
C005661,0.0048642667396383
C008855,-0.0041254491274768
C007971,-0.001614456047572
C009288,0.0070052682194488
C006690,0.0165866219356079
C006848,-0.0006016317853815
C011893,-0.0044521859297398
C009692,-0.0135179951154372
C000419,0.0055025697621283
C008216,-0.0036332956276067
C006412,-0.005272126853425
C012289,-0.0006568173141656
C006481,0.0108558481333027
C003810,-0.0030046150623074
C012986,-0.0023383535275252
C003836,-0.0082086265302159
C000822,-0.0034235033966416
C007818,0.0009176235601769
C001033,0.0057262739386606
C011731,-0.0015652586747033
C011560,0.0114264446476358
C011785,0.0011631294410606
C002768,0.0004562443158449
C002687,0.0060794095516236
C005349,-0.0049179189869571
C012013,0.0157750891863379
C000681,0.0083247382563935
C002435,-0.0046916412886859
C006885,-0.0027916746425093
C007537,0.0213931541318733
C013657,0.0072725163346436
C003747,0.0039406876249456
C007966,-0.0105168749027865
C009128,0.01229956481477
C007838,-0.0006684751936761
C005568,0.0033728213909126
C005761,0.0047209380761479
C013524,-0.0032113273152035
C005857,-0.0129314217436697
C005919,0.0174690783910142
C002385,-0.0007302286322423
C000265,-0.0106701501561612
C009530,-0.0002149850169002
C002985,-0.0007157701914128
C001705,-0.0138283197616097
C012682,0.0091829221604922
C005494,0.0042104709801035
C005374,-0.0009013098116688
C005908,-0.0016956365598271
C003297,1.2644475561406018e-05
C007302,-0.0007728521869334
C011815,-0.0012038086901874
C012897,-0.0058030365257389
C005864,-0.0052993169825729
C012916,0.0116137090770721
C002770,0.0101109481477036
C006627,-0.0145282795984959
C000083,0.0013051971540126
C001297,0.0059683174530294
C011749,-0.0103937447524594
C012094,-0.0079118551131073
C011423,-0.0010375619774868
C005931,0.0202104189241278
C005578,-0.0041652165896159
C012071,0.0037300155068605
C007089,-0.0015903629964506
C011179,-0.0048172498221571
C000251,0.0174225524896626
C011613,0.0254743293534874
C008363,0.0069659271276153
C006312,0.0001759210667255
C001558,-0.0077718969096969
C003947,-0.000714429920875
C001831,0.0149054836618983
C001513,-0.0006176609620154
C011791,-0.0102555709976957
C008419,0.0035569192770702
C005969,-0.0118975038245481
C001511,-0.001018358709173
C000506,-0.0042995533916912
C003179,-0.0125096296537569
C007607,0.0060820120868554
C005624,-0.0066181069670829
C006676,-0.0015872206312148
C002333,-0.0061800312330924
C011929,-0.0010351930873543
C013086,0.0089885150600974
C000219,-0.0098745060776033
C011658,-0.0146371797011642
C008373,-0.0148235190805906
C010372,-0.0132808821369339
C010030,-0.0068398528233532
C001083,0.0074130170829645
C000742,-0.0140978170064534
C002790,0.0033595392741453
C011992,-0.0064692452115697
C008024,-0.0042161072230851
C001099,0.0120094769572427
C005481,-0.0110854196616958
C007132,0.0096743246148409
C002016,0.0091452855967536
C005071,0.0014829741571896
C002326,-0.0074399849539476
C000269,0.0134532276311312
C007135,0.0052214094837889
C012796,-0.0081179517533864
C005323,0.0063328950773632
C000032,-0.0010492717684431
C012345,0.0072332527198983
C005716,-0.0011604617348053
C002378,0.0182490064303852
C012649,-0.0003728369542515
C013844,0.0104109510298647
C013857,0.0127216560005743
C003194,-0.0015005816676724
C001448,-0.0006293720655724
C013032,0.0096879010760605
C002312,0.0083042442856558
C005647,0.0190319283877695
C004456,-0.0054999525986275
C013663,0.003860672002773
C003407,0.0073386459318946
C008199,0.0041533543161387
C009381,0.0011183332806693
C001176,0.0091422844215108
C002003,-0.0007761591145714
C007804,0.0050705879703204
C002311,0.0012734448081906
C012535,-0.0012211116642036
C010705,-0.0019091387000384
C007384,0.0044744176147826
C011348,0.0041542359832163
C005911,0.0007560113638357
C001761,-0.014024386443962
C012471,0.0036741081924709
C007410,-0.0011107980671864
C007696,-0.001584632454103
C007349,-0.0049421535222621
C011935,-0.0065258219811163
C008509,-0.0063278951877145
C006723,-0.0107778924561611
C006637,0.0061062717405146
C007745,-0.0022665921369176
C012645,0.012902592648823
C008034,0.0132779429234293
C004985,-0.0007835127700944
C004919,-0.0059831238560605
C008891,-0.0082960416314083
C006193,0.0012389912504632
C004175,0.0037230890667906
C000220,-0.0005514140655354
C001470,9.771226183522545e-05
C012507,-0.001641126385192
C010621,0.0094917685504143
C003824,-0.0002420457300324
C013277,0.0048015648624408
C012427,0.0183271606379908
C012617,-0.0019237786808415
C005771,0.0144017064374321
C013769,0.0026794424155764
C001960,-0.0028918192923143
C000176,-0.0049837041915653
C010502,0.0013941953849922
C002422,-0.0002186446781246
C004599,-0.004422476924781
C005915,-0.0014348894451993
C010447,0.0088635789600909
C001788,-0.0134601817698094
C007598,-0.003711637652386
C004996,0.0029659355449466
C005350,0.0012388588676108
C011583,0.0126401142332457
C000458,-0.0050763742273941
C006109,-0.0112088992175906
C006653,0.005688780382498
C003060,0.0049354157424186
C004232,0.007476919731149
C004543,0.0025922001013889
C000866,-0.006837658667539
C013468,0.0059037499389669
C003282,0.0031205186503146
C007127,-0.0017068888196419
C010025,-0.0051106455422098
C008041,-0.0023137667150153
C009588,-0.0009075156554453
C008615,0.0001320734910779
C012096,-0.0070643368345678
C009235,-0.0008354563365685
C000590,-0.012329461893706
C008082,-0.0105168749027865
C002228,-0.0010479061052368
C000940,-0.0009041694554777
C001424,-0.0089356790025889
C002095,-0.0027066552580305
C001269,-0.0014922820337078
C004239,0.0005431602901373
C013733,0.0036627247675267
C010999,0.0160158153664097
C000271,0.0072947321196672
C013273,-0.0001092538636594
C009987,0.0025626750424824
C010314,-0.0043474732396358
C000253,-0.0012328149685394
C009428,-0.0016293234572866
C012408,-0.0093623437346464
C009196,-0.002068450554929
C001608,-0.0064509257595064
C009456,-0.0130091889773543
C005906,0.0069477007038969
C002368,-0.0011766346807433
C011111,-0.0004810342376403
C000227,0.0047183356072058
C013671,0.0069928257640777
C002338,0.0031731655423659
C004328,0.015900543722769
C010629,-0.0005223691145631
C007664,0.0030186679043411
C005938,-0.0006976446489959
C010441,0.021224572056
C002234,-0.0010421956394443
C003881,-0.0116356434109015
C003047,-0.0199660485336684
C013927,0.0057338469934597
C008532,0.0032083418779892
C006564,-0.0002149850169002
C001089,6.808062407722293e-07
C003600,0.0099355404796031
C005433,-0.0016939800894689
C003899,-0.0012988936813195
C003170,-0.0125337771523368
C008330,0.0003427722660766
C008528,0.0027533266824861
C013814,0.0075963284492456
C012448,-0.0151240643662554
C006270,-0.0136496733296276
C006124,-0.0129027320494774
C010582,-0.0026246113391689
C002518,-0.0114351796321256
C003238,0.0122461789825607
C001848,-0.0012664726310431
C002165,-0.001630048978865
C011989,-0.0010640842177365
C006176,-0.0004619954773191
C011796,-0.0056235392200354
C004107,-0.0007676821468285
C006247,-0.0143094804017118
C001736,-0.003404449104249
C009210,-0.001884227094028
C005642,-0.0003585595663083
C011673,-7.951174170064389e-05
C010692,-0.0022605115453134
C012909,-0.0055562331427834
C011418,0.0009856390794927
C000704,-0.005787386672711
C013609,0.0085324737214233
C011533,0.0053605018244931
C007869,-0.0017068888196419
C004254,-0.0116356434109015
C008148,-0.0093149489917899
C010618,-0.004795900466748
C008355,0.0064425090366398
C002807,0.0083826198573965
C002245,-0.0058797324194263
C011380,-0.003529903363859
C012759,0.0044531186381514
C004550,-0.01083585597896
C013315,-0.0022563627882433
C008842,0.0011897631708476
C005397,-0.0001344891682272
C001277,-0.0053237750222022
C006943,0.0033394571484165
C006529,0.0064874595832968
C002172,-0.0054999525986275
C007228,-0.001282999462614
C005671,0.0011047802727405
C007466,0.0281973063427385
C012413,0.0035777163756653
C012754,0.0064481503151913
C001201,0.0096821710001976
C010740,0.0083307897422154
C012559,-0.0051478961280096
C005783,-0.0020112540433939
C007568,0.0059037499389669
C007471,-0.0033299477034107
C009585,-0.0032079198624561
C007378,0.0025228726600148
C009007,-0.0116639046995801
C009949,0.0029346495469507
C010160,-0.0002471417531181
C002067,-0.0048915507133105
C002107,0.0116912516030884
C006658,0.0036048106316427
C010803,-0.0047151410063694
C006460,0.0018955494950307
C003660,-0.0134491652521603
C010347,-0.0091936884523727
C010695,-0.0137332045724006
C000842,0.0028479272686795
C005738,0.006926503318362
C010048,0.0098110614794995
C008542,0.0115489210757348
C011605,-0.0137452096089546
C010419,-0.0031326468875108
C006588,-0.0060465398070464
C010218,-0.000892444239007
C003591,0.0157737159116265
C010673,-0.0128024834791534
C003245,-0.0006318975750762
C013338,-0.0004178692356844
C013918,0.0021792982248652
C001580,-0.0078872697193919
C001403,-0.0127398035539233
C013324,0.0023920369717805
C007053,0.0011193382375641
C007950,-0.0040610384604514
C001261,0.0117018572148172
C006722,-0.0126988316812462
C005672,-0.0097565266360634
C004387,0.0073736877114607
C009819,0.0083625861991896
C001892,0.002173248659755
C013537,-0.0053410609399905
C012821,-0.0032747841890123
C004714,0.0038068084690192
C001121,-0.0013111117707179
C005060,0.0098427654647431
C011288,-0.0011009852263878
C003775,0.0114584426041185
C011816,0.0007008159867685
C000261,-0.0006625653704539
C001301,0.0028848266625646
C011404,-0.0015880649247641
C007499,-0.0008909723924132
C004043,-0.0057038427913955
C004838,-0.0011923915105883
C007895,0.0144556739095363
C001465,-0.0005567500942003
C000676,0.0006192954734522
C005101,0.0016282576153162
C006373,-0.0067841269174758
C009416,0.0159698490031524
C001142,-0.0017077224536098
C006733,-0.013838274387898
C002297,0.0072022012212689
C005759,0.0048021228596872
C012429,0.005874902584578
C003735,-0.0077449144386215
C006844,0.0012274648096805
C007541,-0.0140634967958699
C013827,-0.0137375494549351
C003370,-0.0015961698096681
C009689,-0.0066695737788395
C003522,-0.0052943110878091
C000454,-0.0117029762903417
C008436,0.0070208601464065
C012550,-0.0002606622344628
C001141,-0.002464377216829
C006484,0.0003833561980789
C011905,-0.0112906287596292
C009665,0.0053268509099656
C003949,0.0017119405079984
C006203,-0.0020947847866564
C005455,-0.0060499253107323
C007086,-0.0140330936490718
C004301,-0.0057749210353934
C008222,0.0072241422205308
C004393,-0.0138039963659873
C000800,0.0032241657497695
C004891,0.0064425090366398
C013372,-0.0091320800114793
C006772,0.0151712770860899
C010693,-0.0071410414570836
C001023,0.0002244972880475
C006665,0.0045616847468571
C001355,-0.0014950555131691
C006671,0.0186652059461988
C003010,-0.0010997633396315
C007502,0.0060005088076844
C006152,0.0020816272299563
C001674,-0.0036076057856391
C001029,-0.0018222520319469
C011007,-0.0068398528233532
C007459,-0.0004451349329533
C004539,-0.0115972666942661
C007451,0.0027657639526309
C008318,-0.0096852047335819
C012455,0.0110681284531935
C000297,-0.005356754765055
C010574,-0.010703302056331
C012130,0.001292858752905
C001590,0.0007964308749419
C000864,0.0105586763250981
C000937,0.0137636266309272
C005450,0.0030272323239431
C008056,-0.0015571266601296
C012299,0.0077398571536114
C011718,-0.0006909773093333
C005357,0.0019493380751732
C009750,-0.0041267874397841
C001687,-0.0124452386231629
C001054,-0.0124452386231629
C005412,0.0070633118049697
C002847,0.0072154993646092
C003645,0.0039748196102257
C013683,0.0072861073083437
C005694,0.0064091325821297
C001303,0.0026641238174874
C000090,0.010771456885662
C010161,-0.000635968817741
C007062,0.0064197969172143
C011219,-0.0149372101648418
C010384,0.0080222186000218
C008004,0.0142745905945448
C004630,-0.0044802969684847
C002967,0.0131519595600936
C005210,0.0029230936683339
C011667,-0.0150592078875829
C012924,-0.0032587226254113
C011413,0.0066956240167177
C001692,-0.0007297240806553
C012474,-0.0053709023443625
C012542,-0.0039444634067338
C005533,-0.0019658588483595
C006496,0.0059521558302816
C013066,0.0038386610187998
C003519,0.0225564400890966
C005052,-0.00513152113339
C002599,0.0090755516853174
C001011,0.000947451091194
C002121,-0.0133100665716932
C005961,0.005852929193738
C001077,-0.0102198379806946
C009696,4.201389274919262e-05
C007575,-0.0006417668895527
C005334,-0.0137352905664169
C001921,0.000609150363719
C011475,-0.0020948484179546
C005797,-0.0014990376449731
C010301,-0.0013139877329763
C006049,-0.0006192683502309
C004221,-0.0147526063660721
C008443,-0.0088214881205296
C008336,-0.0140377687018557
C012999,0.0087803729577557
C010170,-0.0118864801335573
C013364,0.0061713247218414
C002108,-0.0088910298250271
C000404,-0.0023124864973602
C013873,-0.0053909430656256
C002428,-0.0012155845857757
C008287,-0.0006672189632
C009096,0.0074601038121917
C013576,-0.0132423665295683
C010997,0.0077706053873
C004492,-0.014525623118796
C001605,-0.000719861530484
C008257,-0.0090819023775167
C011186,-0.001059105911795
C001568,-0.0046954793491983
C013789,0.0155800412406284
C008064,0.0008239669174575
C006557,0.0007097385341658
C001213,-0.0037155583454333
C002167,-0.0018491860923214
C004701,-5.924826635006819e-05
C012904,0.0069166851395836
C004168,-0.0062501022017719
C001581,-0.0041380241675275
C001237,0.0079488974126555
C002060,-0.0016694706360817
C008609,0.0095457847620329
C013648,0.0028934441946696
C013638,-0.0009423461751536
C009670,-0.0168543773720835
C005866,-0.0040021805380558
C003394,-0.0129663771609737
C010720,0.0192780475932743
C002229,-0.00061221049893
C012811,-0.00350608078315
C012070,-0.0068719595533214
C008747,0.001662831489121
C010591,0.0063424689290317
C010752,-0.0014429572513553
C000788,-0.0115565018919898
C000684,-0.000366775602408
C009791,0.0081020214757845
C005005,-0.0115730015763165
C009771,-0.0028760455452656
C006554,-0.0006214755864678
C000115,0.0083325084730487
C004641,-0.0065461516009968
C001293,0.0074375878931965
C003387,-0.0001267037106767
C000303,-0.0033365506020853
C009415,0.000746716896848
C012646,0.0080160563160991
C002179,0.0092641210680818
C002837,-0.000991465532438
C000038,0.0020169235294464
C006327,0.0176110946686468
C006859,0.0013547772736209
C005336,-0.0040409369709038
C000766,0.0121768081413533
C006282,0.0024881005575234
C004316,0.0201513214952766
C010134,-0.003917037436348
C000580,4.892433170163532e-05
C013894,-0.0054050780869896
C000939,0.0163530033182985
C013726,-0.0033382842927054
C005856,0.0114525088426877
C008879,-0.0019200021980666
C006711,-0.0075288699926351
C003458,0.0114711886487002
C007905,-0.0111196609006513
C011115,-0.0003549147157524
C000426,0.0071689864869921
C005289,0.0013679786142322
C011666,-0.0016785354036563
C013531,0.0014607424346325
C011823,0.0075634638404275
C000846,-0.0102743343117207
C003731,-0.0040678253381654
C010995,-0.001547238870157
C013702,-0.0113636415003493
C007447,0.0162367143327607
C009959,-0.011211256964181
C002926,-0.0006038248662837
C001517,0.0026265083604639
C005020,-0.0092309833012831
C007219,0.0111376043055689
C013452,-0.0092096625457932
C006984,0.0073772246948361
C012392,-0.0004588929721454
C005410,-0.0051499505626759
C007911,-0.0047109462354108
C006048,0.0008540550264618
C004050,-0.0051899228474883
C012926,-0.0038354037838779
C012866,0.0100021629663682
C012324,0.0052932086544926
C001219,0.0009062203384699
C008763,0.010630201075178
C008224,-0.0008296093579912
C013956,-0.0009134894706798
C005301,-0.0051604528341051
C010987,0.0008597001968547
C009728,-0.0011393992767516
C003428,-0.0044403241987732
C000022,0.0034466432344362
C007222,0.0004562443158449
C009823,-0.0015096395577827
C011787,-0.0019104880638019
C005888,0.0037922075686102
C008428,-0.0016463386222415
C004440,-0.0012208626430631
C003782,-0.0014816546546645
C004837,-0.0043414348061424
C003280,-0.0053465252281718
C013211,-0.0061204070888
C005650,0.015185669301489
C000679,0.0033021503932922
C006810,-0.00304180299218
C008758,-0.0149073498804111
C009240,-0.0098425525950808
C007639,-0.0079118551131073
C000481,0.0001058064793761
C011633,0.0044465349219101
C000509,-0.0001271970198135
C013575,-0.0007311219095058
C003454,-0.0026731790085107
C001999,-0.0020298197915293
C002281,0.0099557782035017
C002898,-0.0006038513932983
C008993,0.0213652248926364
C001766,0.0047561125373683
C001287,-0.0135673954995953
C008733,-0.0030097321633945
C010067,-0.0059128833889472
C012533,-0.0095488685786057
C013561,-0.0037093875976875
C012534,0.0160727472186342
C011098,0.0021515392414167
C009534,-0.0115714450206603
C002265,0.0038631251110919
C011879,0.0056522618389811
C012546,0.008111199216306
C008594,-0.0001908583694743
C011661,-0.0045081465112095
C008925,0.0057425633637604
C010653,0.0071949682451143
C004521,-0.0140688957358888
C012330,-0.0029632153691815
C007275,0.0115011702761242
C006719,0.0126949019234513
C002483,-0.0130382544658549
C003615,-0.0016230285094304
C010273,0.0118616114143491
C008433,0.0037094882886861
C002256,0.0044988820757124
C010235,-0.011685724088709
C008783,0.0061563464345332
C012016,0.0187011386496167
C012588,0.007580758478784
C004625,-0.0001344891682272
C003983,-0.0027156314591029
C010181,-0.0059875984171942
C001241,0.004386011042573
C013753,-0.013838274387898
C006096,0.0183921845458064
C009884,-0.0007311219095058
C005000,-0.0145756780714624
C002541,0.0088952097277643
C002304,0.0022524499485975
C006119,-5.7591556740872105e-05
C010926,-0.0006102583620538
C000699,0.0017799613561939
C006099,-0.0038700487124365
C011431,-0.0008981997562869
C013699,-0.0006305863296278
C009709,-0.0040740834281596
C009574,-0.0049228390841904
C007012,-0.0019624520232148
C009501,0.0044837679111123
C001041,0.0045002070119425
C003483,-0.0012647871560177
C000633,0.0174099611978711
C010845,0.0041710699027404
C009594,-0.0097172915342326
C005264,-0.0088029390240268
C005335,0.0013169935293892
C000875,0.0069200245249045
C007592,0.0063027427344164
C010044,-0.0098078669386344
C004728,-0.0010387093543666
C008392,-0.0112088651131151
C002867,-0.008864860231444
C012128,-0.0064592854039756
C004624,-0.0033221153797744
C011651,0.0027793561752998
C002631,0.0080692012215392
C009563,0.0026523529303003
C011501,-0.0107703834437964
C010928,-0.0056860449415079
C009002,-0.0002392848422789
C012541,0.0131132914319662
C002184,0.005307423367465
C007491,-0.0011822896497871
C005171,0.0147014363672538
C007617,-0.0012772256483729
C003259,-0.0005583073968393
C011946,-0.0046264993142733
C001727,0.0071550651609125
C008469,-0.011475041101922
C010792,-0.0044708617939142
C012514,-0.0063094411806056
C010045,-0.0106255702871509
C007736,-0.0007072311254362
C003501,0.0094154711146793
C012632,-0.00340102788718
C012464,0.0012734448081906
C002135,0.0005403231409628
C013201,0.0016113772141495
C004176,0.0033928305080994
C005104,-0.0043651376695035
C001885,0.0097603574113365
C011627,-0.0006327159760369
C003422,0.0101060201449086
C007902,0.0036302627628537
C002799,-0.0093429590099745
C005784,-0.001494126921686
C013513,-0.0145638727449622
C004905,0.0200185883512367
C004360,0.0067431225907822
C008323,-0.0006692363830785
C000932,-0.0015969075607518
C000281,0.0056363054254712
C010580,-0.0038405250259074
C007488,0.0027818514706812
C012043,-0.0011908302542603
C010835,-0.0113519327579923
C000669,-0.0151533918428348
C006520,-0.0002739401761687
C007281,-0.0082614690862525
C012021,0.0027818514706812
C002068,-0.0013920964696645
C001249,-0.0052788768524555
C002742,0.0180895524503207
C009154,0.006257421363793
C012709,-0.000615887450523
C006818,-0.0119760678195554
C003430,-0.0012213933073286
C005987,0.0196272969828556
C003114,0.004572503945184
C001487,-0.001342527381171
C008074,-0.0007329090740845
C013684,-0.0017524967673855
C004975,-0.0012430451911444
C011332,0.0037094882886861
C011762,-0.0150044024218801
C001338,0.0128303313597515
C002194,0.0160300073688907
C001010,-0.011997242821458
C002526,-0.0140688957358888
C000266,0.0163065907824126
C010153,-0.0028270022181258
C007258,-0.0053091079867681
C009725,-0.002506812175477
C000399,-0.003008615497253
C013848,-0.0149474680299992
C004794,0.001992067059664
C009691,0.000137588139907
C002783,0.0152211274121289
C013049,-0.0047303331889347
C012390,-0.012320027835853
C011561,0.0007259588086149
C004161,-0.0103937447524594
C002049,-0.0051239183668971
C003043,-0.0080493456868099
C006023,-0.0039138705200461
C000079,-0.0025745106237852
C009372,-0.0016435444228282
C012932,0.0026920949892588
C004921,-0.009488237586224
C004931,-0.0048751527551436
C011695,-0.0007334991136042
C010289,0.0080160563160991
C012641,-0.0141655871710689
C006289,0.0047708393517132
C009051,-0.0128243128640622
C006208,0.0049723015827613
C010283,-0.010836211533512
C006130,-0.0086840030240402
C006714,-0.0036342145974911
C000335,0.0040371095018953
C006518,-0.0152900490197364
C002132,-0.0036713037576958
C007826,-0.0017077224536098
C005634,0.0059676830909832
C013604,-0.0084412663956659
C005441,0.0024162859804741
C008832,-0.0012279974173307
C012430,0.0095072132506126
C013014,0.0040859579997194
C005030,0.0004508459748203
C012703,-0.0016198156838043
C007766,0.0053061059128052
C009934,0.0013703937469871
C000298,0.0154470378545169
C001456,-0.0029637890366309
C012948,0.0068952569532352
C000929,-0.0003549147157524
C003800,-0.0010020943198189
C013646,0.00609278801224
C008845,0.0007351044723005
C013072,-0.00165098158403
C000488,0.0001177784833503
C004845,-0.0028268242644925
C005474,0.0006573507344098
C011976,-0.00143798406911
C005509,0.0010421852233271
C013847,0.0044877911205247
C011899,-0.0006305863296278
C009525,0.0009676176865677
C008437,-0.0105168749027865
C001749,-0.0015692141179436
C006856,0.010831652299131
C002943,0.0018863069264247
C001618,0.0084673392343301
C009804,0.0148244160034515
C000569,0.0013267701974116
C010765,-0.0006750588311502
C010842,0.0036042464775317
C010869,-0.0016585914709248
C009396,-0.0040290207901332
C005295,0.0043929070265385
C007200,0.015526174690997
C013716,-0.0044208417850042
C003871,0.004800572638475
C008903,0.019360969906888
C013343,0.0049522855607434
C009027,0.000473594627359
C006800,0.002362375479218
C009773,0.0090086623817501
C002130,-0.0037487761855136
C000517,-0.0014943067752515
C007986,-0.00855431973832
C004362,4.1852196592243385e-05
C007254,-0.0013681570846712
C001746,0.0160569412757225
C004713,-0.0151565438065697
C001768,0.001076909513765
C011930,-0.0106323545232055
C010887,0.0100244019939191
C001030,-0.0056369979829991
C006120,0.0012163424811005
C006535,-0.0010217539548425
C013607,0.0057098587689242
C006566,0.0056287649806301
C009729,0.0101541528633431
C010800,-0.0003962506221706
C005432,0.0049620649070231
C005444,-0.0083724734326076
C007969,-0.0055213658140535
C009553,-0.0013001263093603
C007931,0.0036887973210069
C008206,-0.011779940465639
C001640,0.0185756255969414
C008432,0.0079487818608195
C013512,-0.0004002971206785
C000798,0.0128346805258393
C011926,-0.0050019917393351
C007176,0.0222934123561827
C013928,-0.0010750248948127
C009520,-0.0018355927300643
C008744,-0.0019104880638019
C008434,0.0068864917868078
C003007,0.0237610674723202
C006245,0.0076098591450476
C013832,-0.001437309664397
C012972,-0.0072515980370886
C005098,0.0001148082449218
C005807,-0.0037367119198202
C006532,-0.0019706741344031
C009189,-0.0006290597799437
C008358,-0.0038983900833324
C011841,-0.0049814531393579
C004767,-0.0006384392136934
C011857,0.0061799735317605
C012544,0.0038229235633154
C004308,-0.0128747655887619
C013516,-0.0050539927690314
C001347,0.0097947385431095
C013225,0.0003140673126333
C002595,-0.0128852926962398
C000003,-0.0141229047433418
C007523,-0.0137004914530718
C000065,-0.0135226368913179
C002808,-0.0012473431880373
C009404,-0.0070748604043591
C004196,-0.0074398670967489
C013055,-0.0019927556567649
C002910,0.000211247850621
C002443,0.00702449463792
C010149,0.0012186440256379
C013797,0.0160361029239278
C009587,-0.0128852926962398
C009861,0.023521895467698
C003597,0.0075202368141357
C000025,-0.0036184890151309
C010148,0.0172766788469776
C003990,-0.0014852900139916
C004068,-0.0048211047897074
C012309,0.0059287447256419
C012883,0.0151914226461235
C001660,0.0081501498731154
C013835,0.0056198820216297
C012486,-0.000777486972088
C002953,0.0012204844132508
C003672,-0.0049679479144958
C006175,-0.0058237128370522
C002893,-0.0058153552104914
C003795,-0.0100133977308022
C000581,-0.0041913110462998
C008043,-0.0007140144236711
C000346,-0.0048644577076421
C002533,-0.0058543382368981
C011784,-0.0002549557432532
C012912,0.0041207149911581
C006275,0.0027626162218771
C009131,0.0070769263836283
C005049,-0.0020019343407468
C011902,-0.0060664094792999
C013185,0.0001574512828969
C001088,0.0061955298926449
C011446,0.0061128775251582
C013189,0.0081020214757845
C000610,-0.006548152328146
C009912,-0.0051414480041742
C007739,-0.0001144443180427
C008044,-0.0012535878822645
C002823,-0.0081412596581446
C003527,-0.000958618805377
C008716,-0.0011273046767406
C013957,0.0163530033182985
C003914,-0.0025517782552648
C000078,0.0077865407330005
C009960,0.0069916744354659
C010006,0.0117002676141417
C005012,-0.0057608005752428
C005370,0.0060933005625231
C007693,0.00709155801175
C012423,-0.0012688086688546
C002248,0.0015533251007859
C011940,0.0029618920704081
C006468,-0.0006778958599989
C003381,0.0011543627239324
C009763,-0.0087234654467502
C003878,-0.0058558467851454
C000884,0.0140705447122363
C005840,-0.0011131529240401
C004988,0.0113564137179416
C005821,-0.0006414483793534
C013747,-0.0139946301490626
C011313,-0.005220891732608
C007101,0.0004000451175287
C005492,-0.0039138705200461
C012902,0.0014881912100233
C004495,-0.0006045738716891
C003327,-0.0022958624985332
C008413,-0.0016809947949332
C013758,0.0108401102264001
C010380,0.0002671468317139
C003265,0.0040893639650591
C008229,-0.0006292279726468
C011985,0.000758637538881
C002746,-0.001825822534312
C008602,-0.0003962506221706
C013496,-0.0082222782579331
C005341,0.0187249609424583
C007891,-0.0002220724176535
C007692,-0.0111000538678422
C003048,-0.0033407622733591
C013863,0.0015594217391094
C004947,-0.0008002358555394
C007172,-0.0004969663160817
C013469,-0.0009881151694093
C007924,-9.404373988901402e-05
C001697,-0.000615059608232
C012278,0.0001436252222026
C009101,0.0043242192224828
C003595,0.0054139889248462
C000107,-0.0153693904889391
C012354,-0.0038086941744241
C003211,-0.0049962064442298
C004864,0.0068573997414212
C002797,-0.0153247270504581
C011447,0.0159002716008681
C000917,0.0034065402354147
C012492,0.024392907921523
C007679,0.0002749657992115
C004967,0.0102076874500653
C008803,-0.0037477030201758
C007195,0.0050100629408318
C013010,-0.0007384798277475
C007682,0.0028824021388256
C000552,-0.0026824548927033
C012880,-0.0063941901335292
C006475,-0.0011207483365644
C000043,0.0053061059128052
C001809,0.0047214129021047
C007115,0.0004952309632418
C010898,0.0047476141926318
C008792,0.0037425426931533
C006576,0.002208167981221
C000478,0.0061819232310113
C001688,-0.0016557261874675
C008598,-0.0100972262204241
C004236,0.0184858482621556
C011420,-0.0009345859968024
C011540,-0.0101230305569567
C001942,0.0001475172126467
C010818,0.0237069680286704
C010663,-0.0047968030237724
C011516,-0.0076589496955257
C004263,-0.0001767333492536
C009969,0.0040388005755368
C005420,0.0006999173674291
C007828,0.015911636226327
C003420,0.0166046139235768
C004531,0.0073169583906187
C013175,-0.0036184890151309
C002444,-0.0051982885826594
C000222,-0.0069576516089751
C006990,0.0055203736366295
C004002,-0.0037487761855136
C005596,-0.0019919635456627
C009643,-0.0136532049728218
C003718,-0.0004196754858762
C011217,-0.0057977125968538
C012710,0.0072400128203831
C005867,-0.0245313380641618
C009406,0.0139654301465029
C004210,-0.0109814153040277
C010627,-0.0040746924200643
C003368,-0.0040529035063222
C013231,-0.0064189299279357
C009672,-0.0008249753458184
C002288,0.0014262722587792
C007263,0.0113332603304009
C013291,0.0036034006538233
C006101,-0.0066414354576272
C000775,-0.0009443830494351
C010900,-0.0041490577567563
C012662,-0.0101650178477348
C002484,-0.0124267795086469
C003340,-0.00149834704491
C000483,0.0038229235633154
C007205,-0.0072293445419498
C001609,-0.0151150930997011
C006616,0.0015594182594558
C007675,-0.0069193652949204
C006167,0.0021877123434063
C003410,-0.0089626124339524
C003451,0.0011839767325057
C001903,-0.0126330948522313
C011960,0.0149233427524439
C009749,-0.0008380436444924
C000194,-0.0022521121888915
C008750,0.0141643175369073
C009810,0.0025106435711953
C008937,0.0072032975823805
C004475,-0.0029637890366309
C011128,-0.0042039290665137
C013141,-0.0054868844103015
C007291,0.0013169142265753
C005146,-0.0008551186861532
C006894,-0.0098855632326017
C009386,-0.0150186548268873
C002307,-0.0093057354737636
C007498,-0.0004757768838217
C003082,-0.0090470084806453
C011318,-0.0007874038681969
C011354,-0.0148820293649688
C003704,0.0051514300583348
C012589,-0.0010497817680926
C004416,-0.0004681332731995
C006233,-0.0136860867911753
C000040,0.0046667996315152
C006074,-0.0047554607734091
C006751,-0.0014688956020756
C008310,0.0043678751614352
C011129,-0.0004943638646444
C004546,-0.0019257266678952
C002379,-0.0059782155664994
C007041,0.0031304818338745
C000546,-0.0003480603428536
C008657,0.0097372955658868
C009285,0.0032676528299281
C000006,0.0148880770559764
C009863,0.0062681206831745
C004814,-0.0047303055372823
C012675,-0.0015034203104585
C011292,-0.0010682163618655
C008444,0.0061044309807578
C013144,0.0155780336468996
C007455,-0.0141190213551103
C011037,-0.0017009276116007
C003835,0.0051351556273003
C006196,-0.0108341446769201
C000291,-0.0138822551050777
C005307,-0.0054645537063096
C009157,-0.002018988960011
C007055,0.0069192766323339
C008375,-0.0049996898252629
C001432,-0.0062358923974078
C002491,-0.0013292214264983
C000695,0.0180381711741822
C012442,0.0041406617698703
C005648,0.0100777926207844
C005257,0.0147588179808231
C011878,-0.0009075156554453
C011708,-0.0059806685458771
C013329,-0.0014937137108163
C008801,-0.0006968206391078
C001907,0.002284269619791
C000131,0.006067335079922
C013729,-0.0037480944147823
C007122,-0.0017068888196419
C010216,-0.0064376391935248
C010823,0.0038820930235233
C007572,-0.0074041711927069
C004855,-0.0019916936496016
C006513,-0.0054462573520398
C010985,0.001004069825905
C011225,-0.0047842074224757
C010843,0.0016282576153162
C010556,-0.0033746510536164
C010108,0.0106098008178429
C013241,0.0006589015172083
C006263,-0.0089282654552204
C005521,-0.0028245193007814
C000999,5.82463151935503e-06
C005102,0.0009280046642658
C008187,-0.0012410651952408
C009832,0.0006942362033556
C000912,0.0147496734004886
C011571,-0.0006181190321364
C007820,-0.0073871376636546
C012241,-0.0072481862926257
C010204,-0.0117386181985654
C002684,0.0021719045244506
C005022,0.0210792310982039
C001879,-0.0053114063561182
C005439,-0.0010038621303739
C006791,-0.0025611197359305
C006942,-0.0038465065630763
C006795,-0.0094036887127896
C011323,-0.011997242821458
C010448,-0.0005007567020558
C003084,0.0092427472250911
C009054,-0.0095764861472827
C005691,-0.0014884142834549
C001168,0.0116294077852242
C011140,-0.0144387322487673
C003781,0.0121295061761292
C012927,0.0030484435025759
C003719,-0.0028918192923143
C012087,0.0101998092536129
C011970,-0.0039992860551771
C010954,0.0010329366361464
C009482,0.0020257350315683
C000734,-0.0139729040783542
C007669,-0.0107766802193269
C002102,-0.0057532676285546
C012626,-0.0096430391180742
C003864,-0.0019222842365042
C013817,0.0002887922029169
C001124,0.0046397495398344
C005981,0.0236088574878012
C007867,0.0052141087509797
C010281,0.0079907262504393
C001401,0.0146981786711219
C001765,-0.0048700573335273
C006533,0.0138056838283282
C004214,-0.012945255723426
C012217,-0.0002605969454852
C005805,-0.0010071881377674
C002619,-0.0016348550295949
C009438,0.0056492781824667
C009466,0.0012993672701676
C002956,0.000172560480091
C013724,-0.0006111846646143
C013382,-0.0008492384997414
C000049,-0.0026449702378428
C005518,-0.014190111459849
C007778,-0.0071934940725839
C005839,0.0159380706482647
C008000,0.0022130603267478
C010491,0.0106707729075343
C006423,-0.0020515489815713
C009115,-0.0008930403108203
C008302,-0.0007290395811984
C006510,0.0118237078548425
C013464,0.0012949084772701
C013823,-0.0059336248791965
C012672,-0.0042546755224719
C012671,-0.0032696958669862
C008179,-0.0015652586747033
C003923,0.0061035645182954
C004384,-0.0078487561180888
C006214,-0.0031173520183988
C011564,0.0101189703267016
C002345,-0.0147935579621396
C012805,0.0069575929660715
C004274,-0.0110845771269988
C011167,-0.0009233101235496
C004452,0.0071152064505174
C012952,-0.0108044676246316
C010320,0.0100809868026584
C011721,0.0069540112000626
C003371,-0.0004600731073335
C005017,0.0074059930862036
C013551,4.5029802184346515e-05
C004808,-0.0003734859905934
C011089,-0.0015562977714289
C005018,0.0117138341043789
C007921,-0.0069147079745793
C000730,-0.0006805433199996
C009562,-0.0039738215629852
C004439,-0.0059225122654521
C012078,-0.003679639836246
C002209,-0.0006715370270199
C006055,0.0064805506197927
C011362,-0.0083808164933793
C011783,-0.0140874877277724
C000237,-0.0100503014257057
C000972,-0.0132502971772413
C002253,0.0007259588086149
C000390,0.0047909471564888
C010742,0.0190303854825257
C003290,0.0076471220763638
C001231,-0.0053857508233599
C003209,0.0012163424811005
C011814,-0.0006645234696214
C007955,0.0198685560291022
C008921,0.0063135541190445
C002380,0.0014829741571896
C001358,0.0086210721006057
C012318,-0.0009793305605241
C011150,-0.0005507339358942
C004004,-0.0006754696409426
C003958,-0.001022596325983
C011909,0.0171101730791667
C005506,0.0220769579781071
C004376,0.0073936130462879
C010573,-0.0049912804003426
C006416,-0.0070011020082575
C011558,0.0098110614794995
C011881,-0.013770699299883
C011747,0.0155416812299024
C002734,-0.0033629393181165
C004773,0.004655890189225
C004589,0.0008252118100354
C007324,-0.0011028050842563
C005777,0.0025361477174049
C002450,-0.0006243243991925
C006062,0.0038040908362746
C002051,0.0074138810637972
C001178,0.0178860128313145
C011181,0.0037922075686102
C003355,0.0146426317714112
C001130,-0.0063351740846652
C005009,0.0117049326267516
C007484,0.004453271225758
C001335,0.0067152002445937
C007269,-0.0009698077019292
C000377,-0.0004892178166199
C001090,-0.001561569721675
C011294,0.0026243671105872
C012961,0.00162584771169
C005312,-0.005466984324421
C007619,-0.0007053242112561
C001357,-0.0142657260638371
C004571,-0.0040928871390474
C006679,0.0027251214135882
C013593,0.0007297638700883
C011159,0.0188039950606115
C009276,0.0015210488668174
C002007,0.0073386459318946
C001050,-0.002229304083917
C000318,-0.0049228390841904
C006238,-0.0059544465904705
C006339,-0.0037477030201758
C004119,0.0178005134236581
C003757,-0.0150521212348299
C013517,-0.0070643368345678
C005329,-0.0061035648788792
C013818,-0.0134316060401096
C007346,0.0081655268593829
C004747,-0.0033221153797744
C011419,0.0014625546030982
C000135,0.0003588342499044
C001717,0.002695412011779
C004725,-0.0062939441944212
C002659,-0.0016690136609755
C013034,-0.004085539074207
C012745,0.0206936640550226
C007726,0.0077749839455252
C001923,0.0159994197392991
C004092,0.0059802429738116
C009879,0.0052838747011945
C005288,-0.0009376911434111
C012886,0.005359202502358
C005766,0.0124406052680214
C001232,-0.0046821431954806
C010897,-0.0016508346646414
C012377,-0.0006895772360989
C013881,-0.0016215436122063
C001288,-0.000740436151356
C000927,0.0067601835521757
C006801,0.0010643320738346
C006262,0.0048097023581948
C011531,0.0056889836210053
C010295,-0.0038964296726997
C002604,-0.0006313663713065
C000867,0.0032351017235274
C008189,-0.0121420724726455
C000014,-0.0026731790085107
C003840,0.0040840422103426
C000035,-0.0033255971304859
C010091,-0.0098078669386344
C008440,-0.0096852047335819
C003543,0.0203603825749772
C001832,-0.0008534172568397
C001926,0.0116643445802169
C006195,-0.0003720132610898
C000405,-0.0009227001502294
C012279,-0.0009111800353344
C005758,0.0038390737048334
C001835,-0.0009553283552085
C012520,-0.0016216173525151
C000700,0.0044083246616169
C005002,-0.0101841192192946
C011427,-0.0006563233767514
C001324,0.0137476566813735
C007034,-0.0060285772798664
C003537,0.0060159616098628
C012075,-0.0004681332731995
C004979,-0.009391045536148
C005487,0.0093817848471627
C001064,0.007296969795567
C013047,-0.0059336248791965
C006749,-0.0058470752579168
C001004,-0.0033026573771384
C001964,-0.0007279880895211
C009050,0.0117284092413783
C003320,-0.00149928633327
C010867,0.0080109038373776
C004896,0.0028519767109197
C009778,0.0071170366981834
C010562,-0.0124819498383724
C009583,-0.0137819027793379
C007505,-0.0005645091877871
C003234,0.0201095325456213
C006071,-0.0063299068672917
C007267,0.0073902385026746
C000315,0.0073902385026746
C006922,0.0019849301836811
C006552,-0.0065755602964558
C004338,-0.0091198764879921
C011488,0.000758637538881
C008785,0.0031486417756903
C007021,-0.0028798043512078
C003737,0.0125613400155762
C006804,0.0085105852176286
C013506,0.007615776592747
C001154,0.0023696557741621
C006667,0.0041084414420925
C012443,0.0128543038216293
C011502,-0.0016640043122287
C006095,0.0058381705308249
C001725,0.0013702491581791
C013739,-0.0009793305605241
C006308,-0.0118239595524072
C002841,-0.0073295856618821
C010837,0.0193137035726981
C009707,-0.015089421270693
C007224,-0.0009864541651965
C003613,0.0163295568799722
C013296,0.015372663147186
C000113,0.0008924715556954
C005168,0.010539317965104
C012650,-0.0010077538556815
C008439,0.0236962033079615
C004222,-0.0002761350336734
C003450,0.0060842342963618
C006224,0.0094199554889352
C000794,-0.0093797871498154
C004743,-0.0049459725064349
C011206,-0.0010128673512386
C001166,-0.0005186327556355
C009595,0.0036831550447112
C007576,-0.0141655871710689
C006633,-0.012223392642715
C011287,-0.0061693156177464
C013404,-0.0008725527823706
C013790,0.0187503973734132
C001466,-0.0098351940457277
C012955,0.0090401477033065
C000016,-0.0011296736840042
C007920,-0.0132958876415596
C007540,0.0059037499389669
C008161,0.0157339248842508
C006065,0.0039590860257068
C005575,-0.0053875094220021
C013482,0.0009832728768841
C009565,-0.0014412373501227
C011768,-0.0038872838598528
C004380,-0.0043308786777593
C003850,-0.0024203890263183
C012286,8.725981443298343e-05
C005014,-0.0006292160536659
C005231,-0.0044507300524498
C012191,-0.0003947918168579
C011908,-0.0014542867803194
C007051,0.006332198295278
C008988,0.0011492234496013
C003070,0.0156773168698313
C002668,-0.0014566110019182
C008145,0.010397002611547
C011951,-0.0054494130023772
C010374,-0.0009337200933175
C003021,0.0160310877213749
C001583,0.0003748222840055
C004507,-0.0035540370997248
C001317,-0.000445983060946
C002654,0.0072896413502454
C000707,-0.0022914852091624
C009601,0.0189257571441512
C013004,-0.0001261361155089
C013871,0.011854329306679
C012451,-0.0028809520018773
C008063,-0.0013256745506126
C009437,0.0101541528633431
C007493,-0.004533198588668
C001408,0.0022376576387424
C004181,-0.0063278951877145
C004379,0.0017419328549264
C010524,0.0027590736394392
C000150,0.0002887922029169
C001804,-0.000739731900393
C001224,0.0009662804313701
C004081,-0.0022388612743874
C013124,-7.199473206875527e-05
C010529,-0.0043724462405357
C000743,-0.0039978395369795
C010737,0.0159552266235808
C012556,0.0061847558304609
C007213,0.0054560835552428
C008896,-0.0031760756840977
C000192,0.0093158186812352
C001612,-0.0007891388666602
C011684,-0.0016134138386488
C000490,-0.0069238887236756
C000839,0.0102076874500653
C007908,0.0014339933068194
C001773,-0.0002873866452049
C008102,-0.0147935579621396
C003159,0.0154010905961912
C008795,-0.0050921069700317
C012679,-0.0006838733136409
C001740,-0.0019328551905637
C008314,-0.001604272168716
C007844,-0.0008837228475388
C004783,-0.0006390513499721
C001203,0.010096253998252
C003534,-0.0040291379531048
C004200,-0.0012660770295513
C011518,0.0027882630356031
C005632,0.0007237947511465
C006378,-0.0034607998592482
C003834,0.006233123601072
C002217,-0.000594316353571
C009111,0.00093765224414
C013581,-0.0049962064442298
C004836,0.0048433058519272
C007325,-0.0086675287997043
C000913,-0.0059875984171942
C012209,0.0009662804313701
C001806,0.0148244160034515
C012753,-0.001515161330136
C008764,0.0087977669491131
C005580,-0.0010413304924897
C004849,0.0001896342778776
C009702,0.0007782192069683
C007026,-0.0055401878622224
C010310,-0.0070060954443716
C011709,-0.0034604809924443
C006907,-0.0091936884523727
C008324,-0.0072764936399738
C013235,-0.0222618712141985
C007816,-0.0134256640210569
C010634,0.0028473753735426
C000190,-0.0050737689524317
C009336,-0.0139547098063802
C004246,0.0043234105352034
C006641,-0.0008019241292238
C009170,-0.0008728822662658
C001782,-0.0052488365841922
C002776,-0.0005716129087771
C006219,-0.0005756229206871
C009975,0.0084392259965923
C013662,-0.0009013098116688
C000758,-0.0006245646346904
C007559,-0.0071068164280329
C008684,0.0012573832200641
C001905,0.0032620801989162
C005740,-0.0038798852427819
C013112,0.0030108747203013
C000364,-0.0039642570262832
C007344,-0.0104856020597133
C000372,-0.0113108107343736
C011760,-0.0014312665239452
C003208,0.0061647218592313
C012171,-0.0118154572057041
C001680,-0.0040467263721467
C001841,0.0267401604494015
C000709,-0.0006177134502609
C007261,-0.0023970379884311
C006329,0.0022783190209355
C009813,0.0101300141967571
C001428,-0.0070643368345678
C000055,0.0038386610187998
C012788,-0.0036476459809391
C003190,-0.0024449322219822
C001955,0.0077244197674278
C012112,-0.0135673954995953
C001349,-0.0006307875339968
C000195,6.59254807290797e-05
C003144,-0.0035516425225664
C009412,-0.0030337162753704
C000694,0.006832749849763
C006465,-0.010703302056331
C005135,-0.0110745148121191
C012504,-0.0006459758762584
C010632,8.252241047482617e-05
C002597,0.0031296907393871
C012362,0.0012857575136741
C006374,0.0066745466205275
C008619,-0.0090804839290281
C003215,0.0026542786672827
C002492,-0.0003734859905934
C003686,0.0018355684049993
C012082,0.0070769263836283
C013874,-0.0006593489915621
C002810,0.0121199917012523
C008036,0.0179096985043514
C012996,-0.0104002576313067
C009943,-0.0079441371396307
C006621,-0.0150435160960422
C005127,0.0060394990378263
C003326,0.0103205818592816
C009817,0.0090564382138626
C000723,0.0102623977210627
C000009,-0.0014939719996907
C009867,-0.0015247235380883
C003955,-0.0150276867019559
C004647,0.0116288885837015
C004441,-0.0093630323299043
C008599,0.0067299106024843
C007731,-0.0013840908909649
C013722,0.0111215608392895
C004332,-0.001564313085762
C008205,-7.03057468453065e-05
C006575,-0.0033933253081143
C010912,-0.0069434449378782
C002991,0.0145837618232342
C007039,-0.0035194267695709
C011786,0.0091104719846064
C008992,0.0117582828748009
C006063,-0.0007343258540767
C011235,-0.0027217618039066
C009148,0.0159911138127862
C003107,5.82463151935503e-06
C011289,-0.0011456585833617
C005573,-0.0023137667150153
C010277,-0.0008810575679315
C012129,0.0031958232066117
C001972,-0.0042758730147888
C006218,-0.0101012663728198
C007226,0.0114604835783294
C006819,-0.0111194023615833
C010739,0.0009151499202401
C008909,-0.0006448353688007
C000889,0.006069557814913
C006517,-0.0018903570726498
C010539,-0.0140411460953759
C010058,0.0103312667682817
C001797,-0.0134927482254152
C007485,-0.0046240539680221
C001160,0.0021877123434063
C003693,-0.0039444634067338
C010893,-0.0121300180530505
C008119,0.0056297859694115
C002524,-0.0074754786140724
C002496,-0.0006304416485423
C012980,0.0127238455900124
C004395,0.021587551854862
C002843,0.0111556161324177
C013845,0.0007809039755362
C013376,0.0116643445802169
C004448,-0.0016809947949332
C009657,-0.0026135051599456
C011342,-0.0050690732619325
C013771,0.0193413191561391
C005849,-0.0016579240604179
C008172,-0.0008530871011961
C007477,-0.0148721556091847
C013340,-0.0134718010564975
C012779,5.449387434460235e-05
C004285,-0.0006390114715257
C003898,-0.001409838604706
C003363,0.0072998290534871
C012831,-0.0078198509988435
C006814,-0.0014786787792277
C000259,0.0166663659561436
C011833,-0.0014875028026398
C009858,-0.0070850151405513
C008775,-0.0013076883744461
C005121,-0.0025475695663266
C008183,-0.0084256071835949
C003011,-0.0063520147814777
C011900,0.0112292066432141
C003437,-0.0126559823196031
C000042,-0.0015002133686324
C006366,-0.0007535324716806
C003808,0.0010578465712255
C004098,7.856228606969149e-05
C011974,-0.0006209529639407
C005222,-0.001517976004057
C006113,-0.0030337162753704
C003385,0.000263734396943
C010435,-0.0059544465904705
C009018,0.0076526371628753
C000002,-0.0095600658570445
C001212,-0.0053909430656256
C013597,-0.0132958876415596
C008123,0.0032834322079414
C003743,-0.0092559134683776
C007740,0.0107861100050595
C010355,-0.0011606847259168
C009041,9.668704169249014e-05
C004720,-0.0016700031614022
C004279,0.0001110236785287
C011062,0.0017047386874133
C006244,-0.0010071881377674
C003946,-0.0150648802518471
C006606,-0.0053098025520793
C007338,-0.0129663771609737
C004757,-0.0004250635605584
C009968,-0.0083788711455873
C005895,-0.0002958714821183
C013297,0.0004726750810909
C000648,-0.0092309833012831
C009074,0.0114542035442557
C013748,-0.0007710534350916
C013447,0.0065037630347057
C006691,0.0183301036118098
C013796,0.0131489213224498
C003778,0.0193154050304578
C000423,0.0193773832937597
C006461,-0.0005167041573051
C001185,-0.0141181674533715
C007100,0.0158051182165558
C008813,-0.0031035284867875
C011112,0.0125059295582474
C013120,-0.0085060575037705
C001186,0.0012274648096805
C005169,-0.006080600583321
C003804,0.0084659808139558
C005503,-0.0122731035329515
C005862,0.0036368592806733
C009538,-0.0141181674533715
C009448,-0.0021308707974813
C006032,-0.0105881211896436
C003885,0.0083259334608955
C004432,0.0079368325868168
C000871,-0.0151445816274916
C002039,-0.0014979311903402
C006365,0.0082389478404275
C004911,-0.0008492384997414
C006672,-0.0006826353646099
C011536,0.0045022861962221
C004981,-0.0007297240806553
C010651,0.0097158235670547
C007956,0.0057772804353924
C012297,-0.0050167614476039
C002327,0.0111998828906902
C000169,0.0184818483595833
C013067,0.0063413927639602
C008812,-0.0044986334868817
C009640,-0.0086130139702857
C009431,-0.0017350527812155
C007879,-0.0136011116549338
C006639,-0.0070215253526963
C003038,-0.0016573044722581
C012698,0.0024900571504739
C002262,-0.0030477359402033
C012610,0.0131062077809561
C003901,0.0136914466302438
C006359,-0.0077809059379251
C002588,-0.0122292160774437
C001396,0.0100335264195294
C001571,-0.0144387322487673
C001528,0.0047858540555071
C008352,0.0012417860859046
C007829,0.0059430572765918
C003679,0.0006242277850082
C006342,0.0004680232258259
C009495,-0.0017027734082469
C012283,0.0180293475918227
C008746,-0.0012927656968359
C000612,0.0064894864374501
C001756,0.0059421822790361
C007898,-0.0010709069162887
C003359,0.0037620190133208
C008531,-0.0136651288807095
C000923,0.0065798218530049
C010029,0.0012227669042948
C012083,-0.0009236281816797
C002411,-0.001506124692934
C006615,-0.0008824480111356
C007948,-0.0011853371766317
C000051,-0.0060515292437732
C003442,0.0041790525590706
C006704,0.0039428737899777
C003005,0.001459391409738
C006863,-0.0136374447722412
C013289,0.0038136029846671
C007901,0.0073680439552364
C001519,-0.0048494605381694
C012314,0.0079720705489079
C009127,-0.0077329972419036
C007385,-0.0106701501561612
C011388,0.0059160997866578
C004422,-0.0148090654206813
C001787,-0.0025039200307568
C010084,0.0001148082449218
C003517,0.0190409810240634
C013440,-0.0031598044841402
C008393,-0.0033883384445556
C013969,0.0009898824106823
C005538,0.0080952076198267
C003609,-0.0001861101353429
C004520,0.0098347769511166
C013806,-0.0152185215845925
C004012,-0.0040317211361862
C000942,-0.0010803866603277
C010331,-0.0214612841893744
C006306,0.0158128335876603
C009727,-0.0100847745136284
C006933,-0.0078872697193919
C011058,0.008702772377505
C002676,-0.0110948980071121
C007300,0.0045666963033538
C000243,-0.0058565338151022
C004218,-0.00121854596544
C007574,-0.0132981761661887
C000795,0.014540939496141
C010230,-0.0001288747050835
C011851,0.0034657575780106
C005477,-0.0015515048946929
C003232,-0.001997435613319
C006505,0.0056895428965773
C010394,0.0070054489657869
C009896,-0.0052389290406471
C011546,-0.0016376535853319
C000520,-0.0007348377223923
C003095,0.0047741925945428
C005303,-0.0013398758437939
C009527,0.0131062077809561
C012322,0.0072032975823805
C006780,-0.0009671448571656
C006628,0.0089707677255216
C011524,0.0033711369656957
C004287,-0.0009423461751536
C008641,0.0172633332634325
C012422,0.0186903738012716
C010463,0.0064894864374501
C006803,0.0034657575780106
C006902,-0.0111196609006513
C006381,0.0006597878920059
C013974,-0.0057779055740548
C008829,-0.00165507119815
C005131,0.0112026395207374
C010018,0.0220413256869131
C006586,-0.0071102561518525
C011437,-0.00247615425007
C012211,-0.0120550823862939
C007636,0.0032043004059682
C012199,-0.009261306205061
C000143,0.0114142385601436
C006994,0.0046636266687739
C010100,0.0075750996504011
C008954,-0.0071862940528163
C009504,0.0091452855967536
C013644,-0.0058237128370522
C000790,-0.0053491604187203
C008382,0.0114328188836052
C012271,-0.0003889251770494
C013860,-0.0028315818906854
C009342,-0.0006990538991924
C002436,-0.0093149489917899
C007250,0.0060382421406627
C010834,0.0174205449008062
C013641,-0.0010476633521724
C012496,0.0013536035425994
C003388,0.0214708615319482
C009465,0.0116132832058069
C005059,0.0057213577558187
C011149,-0.0010978477826887
C009909,-0.0039634698378755
C010682,0.0157207849056236
C000948,0.0100141072142289
C013127,-0.009540741755806
C003848,0.0002435687189857
C004592,0.0023920369717805
C006354,0.0037508114603869
C010914,-0.0004097456383789
C010495,0.0097107785527509
C012510,0.0039487696257427
C006909,-0.0114351796321256
C000082,0.000347147380347
C004265,0.0048577719415348
C000041,-0.0068719595533214
C013457,-0.0097290990435765
C012917,0.0176803864178568
C008299,-0.003597364673448
C011370,0.0067431225907822
C001643,-0.0050531935326839
C013090,-0.0030812794594736
C013041,-0.0002235774410856
C008328,-0.0006430054701275
C006799,8.435810387273298e-06
C002403,0.0091517417502053
C011466,0.0002067280557458
C003654,0.0010721291538461
C005913,-0.0056204841125059
C013676,0.0035354028200703
C005940,-0.0002852286414145
C000980,0.0184471608658032
C005559,0.0153078764751853
C004612,0.007504845020277
C000591,-0.0013968060522167
C002916,-0.0041994318527579
C001045,0.0036094172933565
C006660,-0.0002487967490529
C013950,-0.0012117960946695
C009003,0.0075695887282797
C003392,-0.0149474680299992
C008374,-0.0017595235417141
C012677,0.0033658094108574
C000701,-0.003502431684084
C007522,-0.0151420276790066
C007713,0.0116193464363914
C007377,-0.0133024312792802
C006371,-0.0038070130805149
C003027,-0.0098828787109946
C009890,0.0163713569835883
C002367,-0.0072049582807564
C010064,0.0034976085565922
C003353,-0.0113177448744407
C005925,0.0143694490511508
C013461,0.006233123601072
C013365,0.0011475570783021
C004113,-0.0087736494400824
C006186,0.0050172137564985
C012870,0.0103919978027289
C009888,-0.0005455198804734
C000776,-0.0058135672713795
C013536,-0.0012333505117316
C006293,-0.0037027130537822
C013856,0.0116637344674231
C007293,-0.0011089670298526
C008097,-0.0011646712776355
C002408,-0.0024358842276293
C010501,-0.0013262091051086
C004270,0.0015599404474969
C013911,0.0008781236561999
C004406,-0.0135976463755436
C004390,0.0092756768155061
C001536,-0.0006739721194306
C005416,0.0047987058476286
C009379,-0.0029544264221166
C002641,0.016857962807989
C000997,-0.0126082423686057
C004658,-0.0007368039234416
C003571,-0.0004105167772983
C001843,0.0080819466155899
C013420,-0.0011423629540625
C010069,-0.0072049582807564
C011995,-0.0014587509462842
C009337,-0.001813707487377
C010443,0.0057157380423607
C002600,-0.0043308786777593
C007225,-0.012765259515373
C008816,-0.0048637024882445
C001299,-0.013568364644421
C001416,0.0027583904008675
C012308,0.0211032303072623
C010196,-0.0039027887475276
C003611,-0.0060782280793457
C002562,0.0017932294249861
C003924,-0.010390798686053
C010967,-0.0118480003579866
C000649,-0.0021937263285549
C011920,0.0003517082237343
C013478,-0.0002739110189452
C011434,-0.0027593468620605
C002059,0.0014139829067012
C002434,0.0073099334632671
C004770,-0.0118028534904597
C009769,-0.0020273097893964
C009208,0.0130312216381164
C007622,0.0078396275667887
C001096,0.0158507552110025
C009058,0.0093787874334262
C003785,0.0101478309443848
C011772,0.0037300155068605
C008272,0.0001436539073008
C000456,-0.0007333098639344
C002259,-0.0105497237469874
C003889,0.0032618491433454
C003570,-0.0057671047151093
C010077,-0.0037169436943898
C004388,0.0024488177999311
C009666,-0.015368547539565
C012168,0.0193357326415366
C004856,-0.0074843248460851
C013677,0.0095375143591772
C007119,0.00409333300801
C000823,0.0076277060038153
C002510,0.0003140673126333
C000429,-0.0056261937833251
C009518,-0.0036887291964888
C004913,0.0056895428965773
C007316,-0.0140813250998669
C011432,-0.0068398528233532
C001306,-0.008400768224944
C013578,-0.0007850797691783
C011853,-0.0144028939083956
C002976,-0.0021500995548004
C007402,-0.0142966629673951
C013114,0.0064382049667765
C006584,-0.009261306205061
C004427,-0.0061174189751358
C001602,-0.0147231341646486
C002064,0.0017459624971431
C007444,-0.0009909707419667
C003346,-0.0004992574670313
C004327,-0.0152396083863384
C010941,0.0093792533188797
C002104,-0.0065807313818725
C003832,-0.0006759676907043
C006296,0.0006364852515977
C006851,0.0049221957034087
C003097,-0.0078909035613071
C008545,-0.003479686625874
C003102,-0.003549488610041
C001369,-0.0010421956394443
C007433,-0.0035587640653541
C011754,-0.0009376223724695
C013292,0.0098683042629225
C011147,-0.0013617573334486
C007919,-0.0020172455623081
C006038,-0.0045708949835742
C012133,-0.0057170160390203
C004124,0.0144257222365567
C010540,0.0006670227483425
C000548,0.0008225199398684
C009887,0.014921249579323
C009936,-0.0006129779952746
C004339,-0.0029242692089076
C013727,0.0115395065123689
C011209,-0.0014854298015702
C013589,-0.0134981059481926
C000144,-0.0062790278468397
C002352,-0.0088120371650637
C010846,-0.0125117374016684
C013079,0.0008341759696087
C003032,0.0078834327919945
C007098,0.0058239657988371
C011544,-0.0054282493244597
C013250,-0.0048769305983261
C004233,0.000479221674614
C013142,0.0073384136186031
C005342,0.0082660986162164
C006190,-0.0121834907752036
C002199,0.0060794095516236
C007467,-0.0012365603212743
C001031,0.0016713876996215
C002048,-0.0015438548145622
C010775,0.0007008159867685
C000019,-0.0081286454050345
C005669,0.0098663762578976
C001356,-0.0007922195737786
C012337,0.0113530438243276
C005148,-0.0129561111613341
C003324,-0.0012660770295513
C008099,0.0096427276585478
C004582,-0.0073930254320749
C005557,-0.003711637652386
C008083,-0.0017901731232066
C010735,-0.0007494645109472
C003944,-0.0023551050138631
C001686,0.0013703937469871
C011430,0.006713527060682
C009878,-0.0114997979473573
C000209,0.0094729225511584
C001939,-0.0007846205335617
C011842,-0.0054560589796449
C002468,-0.014769517473886
C012963,-0.0057262807604252
C006261,0.0135453743465474
C011569,0.003408729838974
C002394,-0.0037155583454333
C010158,-0.0032379906419368
C008016,9.79512126455906e-05
C001713,-0.0013438294203979
C011450,0.0020021776435752
C005070,0.0015980472483474
C013755,-0.0131668584055695
C007683,-0.0025398301190931
C007822,-0.0094960891786794
C003771,0.016278988540301
C008683,-0.0064189299279357
C007654,-0.0071189697962066
C000386,-0.0056702678939738
C004261,-0.0056344813987711
C013534,0.0038134985167895
C001134,-0.0065714903944681
C006403,0.0064936432138929
C003498,-0.002717999331349
C004116,-0.0017702071933672
C003869,-0.001277152831381
C006762,-0.0005019533174116
C008316,-0.0115937784428439
C001129,-0.01529619376192
C004899,-0.0015644231700811
C000888,0.0154010905961912
C005156,0.0110324230122058
C012131,-0.0082960416314083
C001603,-0.0100355516258494
C009883,0.0050376384356194
C001485,0.0052838747011945
C011973,0.006654845599865
C007457,-0.0042449704197053
C007547,0.0068492948717772
C007042,0.0193808910749471
C007085,0.0018025774673596
C013097,0.0055751999468789
C006067,-0.0125657968291866
C003671,0.0003873069384969
C009797,-0.0107136061869048
C004591,0.0136493003759622
C005113,0.0041050410800793
C008152,-0.0059544465904705
C003896,0.0192162809546073
C013037,-0.0016906389081706
C001604,-0.0016515947649696
C012357,0.0005682288403246
C008467,-0.0063477302983767
C006956,-0.0104472709770914
C008270,0.00983041306791
C004962,-0.0003102404134266
C013620,-0.0001908583694743
C011214,0.0003564219377455
C002152,-0.0005665419989504
C010706,0.0010658742292659
C002359,-0.0008075791508421
C011799,0.0092210120763288
C005196,0.0013520471759125
C007602,-0.01083585597896
C001251,-0.0112114566975321
C005120,0.0169315310573475
C008647,-0.000516825643205
C009008,0.0034023637908928
C000850,-0.0010552738160784
C007434,0.0128004241272452
C000061,0.0196804801409378
C006512,0.0046894758548356
C005251,0.0010386986967726
C005023,-0.0032696958669862
C003890,-0.0086469576130359
C003203,-0.0008633929595146
C010751,0.0156507391619678
C001227,0.0136898822174528
C009713,-0.0057671047151093
C004663,0.0224893432530896
C004304,-0.000945608482942
C003376,-0.0130646225658097
C002037,0.0038774458329771
C005193,-0.0007330846408852
C001153,0.0055120388668878
C007476,-0.0002650274206123
C001469,-0.008973388449915
C003788,-0.0025517782552648
C004518,0.001341866060736
C007490,0.0106868517737004
C013720,0.0024866775932454
C002383,-0.0009665618141668
C000638,-0.0116831800603284
C004992,0.0003924753057184
C010963,0.0113774807541748
C013481,0.0016205417405195
C005013,0.0153805572018457
C003702,-0.0011822896497871
C011008,0.0155682399616575
C013261,-0.0006447922537756
C010057,-0.0125931279643161
C008562,0.0077313623685898
C003447,-0.0104472709770914
C003969,0.0033198305958382
C001389,-0.0151358448397742
C008534,-0.0085060575037705
C011257,0.0113478482973988
C006064,-0.0080128056317649
C008231,0.0120261914107399
C011203,-0.0014925824209863
C011280,-0.0015212602608855
C000995,-0.0061872697598398
C012893,-0.0020748935262862
C000158,0.0069071897627433
C003877,0.0013941953849922
C008214,0.0017914287960897
C009021,-0.0009723196632737
C010583,-0.0067931484917156
C005917,0.0161522828594051
C000902,0.0069384516643459
C006999,-0.0146011291035286
C007847,0.0069857542435318
C003821,0.0018579937383663
C007949,-0.000594316353571
