id_candidat,decision,score,merit_vote,model_vote,offset,factor_1,factor_2,factor_3
C011476,0,0.498375,0.538,0.45875,0.0,heures_travail -2.17,cote_r +2.00,log_revenu -1.26
C000471,0,0.5131874999999999,0.463375,0.563,0.0,heures_travail +5.37,cote_r -1.32,log_revenu -0.56
C006911,0,0.349125,0.287,0.41125,0.0,cote_r -10.21,log_revenu +5.47,heures_travail +1.18
C007718,0,0.12,0.11325,0.12675,0.0,cote_r -21.65,log_revenu +0.41,heures_travail +0.34
C003531,0,0.23881249999999998,0.326625,0.151,0.0,log_revenu -9.45,cote_r -7.90,heures_travail -1.33
C013582,0,0.426,0.47325,0.37875,0.0,log_revenu -2.40,heures_travail -2.17,cote_r -0.85
C001802,0,0.5238125,0.531875,0.51575,0.0,log_revenu -4.30,heures_travail +3.70,cote_r +1.70
C002621,1,0.9675,0.968,0.967,0.0,cote_r +35.14,log_revenu +1.93,heures_travail -1.33
C000214,0,0.409125,0.37175,0.4465,0.0,heures_travail +6.21,cote_r -5.94,log_revenu -2.23
C011333,0,0.0984375,0.090375,0.1065,0.0,cote_r -23.85,heures_travail +2.86,log_revenu -2.13
C005995,0,0.24856250000000002,0.296125,0.201,0.0,cote_r -9.50,log_revenu -3.20,heures_travail -3.01
C000764,1,0.9071875,0.907125,0.90725,0.0,cote_r +25.06,log_revenu +5.29,heures_travail -4.69
C009637,0,0.037375,0.02125,0.0535,0.0,cote_r -35.64,heures_travail +4.53,log_revenu +2.00
C010951,0,0.38293750000000004,0.398125,0.36775,0.0,cote_r -4.64,log_revenu -1.85,prog_Genie +0.39
C003989,1,0.6519375000000001,0.694375,0.6095,0.0,cote_r +9.47,log_revenu -2.65,heures_travail -1.33
C001997,0,0.05875,0.078,0.0395,0.0,cote_r -25.15,log_revenu -7.39,heures_travail +1.18
C008268,0,0.5796250000000001,0.6855,0.47375,0.0,cote_r +8.99,log_revenu -6.33,heures_travail -3.85
C004195,0,0.34450000000000003,0.42475,0.26425,0.0,log_revenu -9.27,cote_r -3.28,heures_travail +1.18
C008521,1,0.6935,0.62325,0.76375,0.0,cote_r +5.97,log_revenu +5.93,heures_travail +2.02
C003182,1,0.922875,0.923,0.92275,0.0,cote_r +27.07,heures_travail +3.70,log_revenu -3.21
C002397,1,0.6194999999999999,0.5985,0.6405,0.0,cote_r +4.78,log_revenu +2.72,heures_travail -0.50
C011557,0,0.18412499999999998,0.17875,0.1895,0.0,cote_r -16.62,log_revenu +2.33,heures_travail -2.17
C008762,0,0.062125,0.07375,0.0505,0.0,cote_r -25.74,log_revenu -4.63,prog_Genie +0.39
C011840,1,0.790625,0.77725,0.804,0.0,cote_r +14.03,heures_travail +2.02,log_revenu +0.52
C011316,1,0.884375,0.85475,0.914,0.0,cote_r +19.90,heures_travail +5.37,log_revenu +1.36
C010291,0,0.36787499999999995,0.38825,0.3475,0.0,cote_r -5.17,heures_travail -2.17,log_revenu +0.41
C006829,1,0.956625,0.97325,0.94,0.0,cote_r +36.26,log_revenu -5.61,heures_travail -0.50
C000068,1,0.8803749999999999,0.9055,0.85525,0.0,cote_r +24.94,log_revenu -4.85,heures_travail +0.34
C010665,1,0.6311875,0.632625,0.62975,0.0,cote_r +6.50,log_revenu +1.39,heures_travail -1.33
C008332,1,0.6781250000000001,0.62775,0.7285,0.0,cote_r +6.27,log_revenu +4.85,prog_Genie +0.39
C004852,1,0.6534375,0.673625,0.63325,0.0,cote_r +8.52,heures_travail -3.85,log_revenu +2.21
C002565,1,0.7658125,0.821125,0.7105,0.0,cote_r +17.12,heures_travail -3.01,log_revenu -2.96
C010674,1,0.6161875,0.590625,0.64175,0.0,cote_r +4.37,log_revenu +3.83,heures_travail -1.33
C001872,1,0.806375,0.79675,0.816,0.0,cote_r +15.34,heures_travail +5.37,log_revenu -3.13
C005733,1,0.667875,0.68725,0.6485,0.0,cote_r +9.05,log_revenu -3.65,heures_travail +2.02
C000703,1,0.7896875,0.816125,0.76325,0.0,cote_r +16.64,heures_travail -3.01,prog_Sante +0.29
C011867,1,0.7245625,0.691125,0.758,0.0,cote_r +9.35,log_revenu +4.24,heures_travail +0.34
C006713,1,0.8090625,0.858375,0.75975,0.0,cote_r +20.20,heures_travail -5.53,log_revenu -0.92
C000064,1,0.9635,0.97225,0.95475,0.0,cote_r +36.14,heures_travail -3.85,log_revenu +0.92
C004628,0,0.11331250000000001,0.096375,0.13025,0.0,cote_r -23.26,heures_travail +2.02,log_revenu +0.93
C012124,0,0.3934375,0.415875,0.371,0.0,cote_r -3.87,log_revenu -2.93,heures_travail +1.18
C004326,0,0.563125,0.5605,0.56575,0.0,log_revenu +5.08,heures_travail -4.69,cote_r +2.95
C008918,0,0.09375,0.111,0.0765,0.0,cote_r -21.89,log_revenu -5.96,heures_travail +1.18
C012871,1,0.9843125,0.988125,0.9805,0.0,cote_r +43.26,heures_travail -2.17,log_revenu -1.35
C010864,0,0.2615,0.23625,0.28675,0.0,cote_r -13.00,log_revenu +4.42,heures_travail -2.17
C000878,0,0.09493750000000001,0.116625,0.07325,0.0,cote_r -21.24,heures_travail -3.85,log_revenu -1.20
C012033,0,0.1014375,0.090375,0.1125,0.0,cote_r -23.85,log_revenu +1.22,heures_travail +0.34
C003603,1,0.669625,0.79325,0.546,0.0,cote_r +15.10,log_revenu -8.75,heures_travail -3.85
C012032,0,0.49043749999999997,0.526875,0.454,0.0,log_revenu -5.37,heures_travail +2.02,cote_r +1.47
C008543,1,0.8665625,0.870625,0.8625,0.0,cote_r +21.27,log_revenu +2.35,heures_travail -2.17
C009273,0,0.022875,0.02525,0.0205,0.0,cote_r -34.22,heures_travail -3.01,log_revenu +0.66
C009255,0,0.338625,0.263,0.41425,0.0,cote_r -11.64,log_revenu +5.59,heures_travail +2.86
C003722,1,0.9484375,0.942375,0.9545,0.0,cote_r +30.22,log_revenu +2.32,heures_travail +0.34
C009983,0,0.1476875,0.175125,0.12025,0.0,cote_r -16.85,log_revenu -8.25,heures_travail +3.70
C011185,0,0.29225,0.3755,0.209,0.0,cote_r -5.77,heures_travail -4.69,log_revenu -4.61
C011178,0,0.5775625,0.599875,0.55525,0.0,cote_r +4.84,heures_travail -1.33,log_revenu -0.60
C008130,0,0.46368750000000003,0.519625,0.40775,0.0,heures_travail -3.01,log_revenu -2.20,cote_r +1.11
C009829,0,0.3535625,0.364125,0.343,0.0,cote_r -6.30,log_revenu -1.04,heures_travail +0.34
C003554,1,0.7193125,0.778125,0.6605,0.0,cote_r +14.09,log_revenu -3.31,heures_travail -3.01
C007210,0,0.273,0.28775,0.25825,0.0,cote_r -10.09,heures_travail -1.33,log_revenu -0.75
C005321,0,0.38425,0.47325,0.29525,0.0,log_revenu -7.63,heures_travail -2.17,cote_r -0.85
C011236,1,0.600375,0.65,0.55075,0.0,cote_r +7.33,log_revenu -2.53,heures_travail -2.17
C001439,0,0.55675,0.54475,0.56875,0.0,heures_travail +3.70,log_revenu -2.56,cote_r +2.18
C003104,0,0.467,0.52575,0.40825,0.0,log_revenu -4.16,cote_r +1.41,heures_travail -1.33
C004474,1,0.6648125,0.655375,0.67425,0.0,cote_r +7.63,log_revenu +4.56,heures_travail -3.01
C011529,1,0.7543124999999999,0.799375,0.70925,0.0,cote_r +15.51,heures_travail -3.85,log_revenu -0.90
C007668,1,0.733375,0.69825,0.7685,0.0,cote_r +9.71,log_revenu +6.48,heures_travail -2.17
C005977,0,0.132375,0.0805,0.18425,0.0,cote_r -24.80,log_revenu +4.53,heures_travail +3.70
C009064,0,0.368625,0.30875,0.4285,0.0,cote_r -8.79,log_revenu +4.82,heures_travail +1.18
C005597,0,0.4735625,0.489375,0.45775,0.0,log_revenu -1.34,heures_travail +0.34,cote_r -0.25
C011831,0,0.46543749999999995,0.508875,0.422,0.0,heures_travail -3.01,log_revenu -0.88,cote_r +0.64
C003361,0,0.5593125000000001,0.533375,0.58525,0.0,heures_travail +2.02,cote_r +1.76,log_revenu +0.40
C004450,0,0.2815625,0.278125,0.285,0.0,cote_r -10.75,heures_travail -1.33,log_revenu +0.87
C008210,0,0.10200000000000001,0.10275,0.10125,0.0,cote_r -22.72,log_revenu -1.38,heures_travail +0.34
C012014,0,0.4511875,0.483125,0.41925,0.0,log_revenu -3.31,cote_r -0.49,heures_travail +0.34
C012665,0,0.036875000000000005,0.04175,0.032,0.0,cote_r -30.31,log_revenu -1.60,heures_travail -1.33
C005946,0,0.4495625,0.524125,0.375,0.0,log_revenu -6.62,cote_r +1.35,heures_travail -0.50
C007529,1,0.8256874999999999,0.837375,0.814,0.0,cote_r +18.36,heures_travail -1.33,log_revenu +0.30
C002940,0,0.15418749999999998,0.160875,0.1475,0.0,cote_r -17.68,heures_travail -1.33,prog_Genie -0.11
C012024,0,0.3961875,0.289125,0.50325,0.0,cote_r -9.98,heures_travail +7.05,log_revenu +3.18
C004250,1,0.7593125000000001,0.727125,0.7915,0.0,cote_r +11.42,log_revenu +4.73,heures_travail -0.50
C003108,1,0.6666875,0.672625,0.66075,0.0,cote_r +8.46,heures_travail -1.33,log_revenu +1.15
C009847,0,0.568875,0.5075,0.63025,0.0,heures_travail +5.37,log_revenu +0.78,cote_r +0.58
C011904,1,0.9115625,0.891625,0.9315,0.0,cote_r +23.40,heures_travail +4.53,log_revenu +0.90
C001380,1,0.733375,0.75375,0.713,0.0,cote_r +12.73,heures_travail -4.69,log_revenu +3.11
C001665,1,0.6456875,0.587875,0.7035,0.0,cote_r +4.19,log_revenu +3.12,heures_travail +2.86
C009318,0,0.058625,0.04175,0.0755,0.0,cote_r -30.31,log_revenu +2.79,heures_travail +1.18
C012553,0,0.07693749999999999,0.094375,0.0595,0.0,cote_r -23.49,log_revenu -4.31,heures_travail -0.50
C006434,1,0.98575,0.97975,0.99175,0.0,cote_r +38.40,heures_travail +6.21,log_revenu -0.54
C002777,1,0.7779375,0.778125,0.77775,0.0,cote_r +14.09,heures_travail +1.18,log_revenu -0.49
C004436,0,0.028499999999999998,0.031,0.026,0.0,cote_r -32.80,log_revenu -3.59,heures_travail +1.18
C006265,0,0.5237499999999999,0.5605,0.487,0.0,heures_travail -3.85,cote_r +2.95,log_revenu +0.75
C007230,0,0.5840624999999999,0.589375,0.57875,0.0,cote_r +4.31,log_revenu -2.33,heures_travail +2.02
C000924,0,0.185,0.08925,0.28075,0.0,cote_r -24.03,log_revenu +9.36,heures_travail +3.70
C010771,1,0.7866875,0.744125,0.82925,0.0,cote_r +12.31,log_revenu +5.37,heures_travail +0.34
C013731,1,0.7003125,0.715125,0.6855,0.0,cote_r +10.71,log_revenu -2.26,heures_travail +1.18
C013586,0,0.48825,0.4205,0.556,0.0,log_revenu +6.72,cote_r -3.51,heures_travail -0.50
C012137,1,0.83475,0.84725,0.82225,0.0,cote_r +19.31,log_revenu -2.34,heures_travail +1.18
C002258,0,0.1614375,0.148625,0.17425,0.0,cote_r -18.51,heures_travail +1.18,prog_Genie +0.39
C002275,1,0.629,0.6015,0.6565,0.0,cote_r +4.90,log_revenu +4.26,heures_travail -1.33
C012863,1,0.9456249999999999,0.9505,0.94075,0.0,cote_r +31.46,log_revenu -4.25,heures_travail +2.86
C003726,0,0.3528125,0.335625,0.37,0.0,cote_r -7.55,log_revenu +3.85,heures_travail -2.17
C012102,0,0.4594375,0.389375,0.5295,0.0,heures_travail +7.05,cote_r -5.12,prog_Genie -0.11
C007245,0,0.28731249999999997,0.302125,0.2725,0.0,cote_r -9.15,heures_travail -1.33,log_revenu -0.56
C010270,0,0.182,0.18225,0.18175,0.0,cote_r -16.38,log_revenu -0.78,heures_travail +0.34
C003803,1,0.6589375,0.581875,0.736,0.0,heures_travail +9.56,cote_r +3.90,log_revenu -1.01
C013694,1,0.72075,0.7425,0.699,0.0,cote_r +12.20,log_revenu -3.63,heures_travail +1.18
C007928,1,0.7489375,0.698875,0.799,0.0,cote_r +9.76,log_revenu +3.70,heures_travail +2.86
C003414,0,0.1084375,0.084875,0.132,0.0,cote_r -24.38,heures_travail +5.37,log_revenu -1.56
C001985,1,0.946375,0.96875,0.924,0.0,cote_r +35.37,heures_travail -3.85,log_revenu -3.52
C013889,1,0.9631875,0.953,0.973375,0.0,cote_r +31.76,heures_travail +5.37,log_revenu +0.94
C010308,0,0.2941875,0.328125,0.26025,0.0,cote_r -7.84,log_revenu -4.38,heures_travail +0.34
C009835,1,0.8825624999999999,0.880875,0.88425,0.0,cote_r +22.27,log_revenu +4.00,heures_travail -3.01
C008685,1,0.9488125000000001,0.967125,0.9305,0.0,cote_r +35.02,heures_travail -3.85,log_revenu -2.67
C006117,0,0.41012499999999996,0.38375,0.4365,0.0,cote_r -5.35,log_revenu +1.78,heures_travail +1.18
C011054,1,0.598375,0.5505,0.64625,0.0,heures_travail +2.86,cote_r +2.47,log_revenu +2.30
C009764,1,0.7715625,0.800625,0.7425,0.0,cote_r +15.57,heures_travail -6.36,log_revenu +3.58
C007962,0,0.4278125,0.497625,0.358,0.0,heures_travail -4.69,log_revenu -2.04,cote_r +0.22
C006820,0,0.36268750000000005,0.385375,0.34,0.0,cote_r -5.29,log_revenu -4.74,heures_travail +2.86
C006695,0,0.0940625,0.094375,0.09375,0.0,cote_r -23.49,log_revenu -0.90,heures_travail +0.34
C003339,0,0.47975,0.47325,0.48625,0.0,log_revenu +4.94,heures_travail -4.69,cote_r -0.85
C004906,0,0.35975,0.31025,0.40925,0.0,cote_r -8.73,heures_travail +2.86,log_revenu +2.06
C004834,0,0.2616875,0.289125,0.23425,0.0,cote_r -9.98,heures_travail -2.17,log_revenu -1.54
C002836,1,0.8705624999999999,0.831375,0.90975,0.0,cote_r +17.89,log_revenu +8.39,heures_travail -0.50
C007995,0,0.299375,0.227,0.37175,0.0,cote_r -13.59,heures_travail +4.53,log_revenu +3.32
C011917,0,0.17912499999999998,0.2175,0.14075,0.0,cote_r -14.24,heures_travail -4.69,log_revenu -0.58
C003676,0,0.2316875,0.232125,0.23125,0.0,cote_r -13.24,heures_travail -1.33,log_revenu +0.45
C008311,1,0.975875,0.96,0.99175,0.0,cote_r +33.24,log_revenu +4.70,heures_travail +4.53
C012715,0,0.0131875,0.011625,0.01475,0.0,cote_r -39.74,heures_travail +4.53,log_revenu -4.14
C010853,0,0.0821875,0.076625,0.08775,0.0,cote_r -25.33,heures_travail +2.86,log_revenu -2.20
C006031,1,0.8621875,0.839625,0.88475,0.0,cote_r +18.54,log_revenu +4.41,heures_travail +0.34
C009961,1,0.6708125,0.682375,0.65925,0.0,cote_r +8.88,heures_travail -2.17,log_revenu +1.02
C004133,0,0.167375,0.165,0.16975,0.0,cote_r -17.45,log_revenu -0.48,heures_travail +0.34
C011114,0,0.248875,0.1295,0.36825,0.0,cote_r -20.11,heures_travail +8.73,log_revenu +5.18
C007215,0,0.058687500000000004,0.053875,0.0635,0.0,cote_r -28.29,log_revenu +0.78,heures_travail -0.50
C004465,1,0.7955000000000001,0.802,0.789,0.0,cote_r +15.63,heures_travail -3.01,log_revenu +2.64
C010296,0,0.3665,0.3805,0.3525,0.0,cote_r -5.53,log_revenu -1.55,heures_travail +0.34
C008570,0,0.3818125,0.401625,0.362,0.0,cote_r -4.46,log_revenu -3.29,heures_travail +1.18
C010116,1,0.8044374999999999,0.773125,0.83575,0.0,cote_r +13.68,heures_travail +2.86,log_revenu +2.06
C003093,0,0.4786875,0.464875,0.4925,0.0,cote_r -1.26,heures_travail +1.18,prog_Genie +0.39
C002337,1,0.8535625,0.862375,0.84475,0.0,cote_r +20.49,heures_travail -3.01,log_revenu +1.66
C011621,0,0.14150000000000001,0.157,0.126,0.0,cote_r -17.92,log_revenu -1.95,heures_travail -1.33
C005587,1,0.991125,0.9905,0.99175,0.0,cote_r +44.92,heures_travail +1.18,log_revenu -0.30
C001167,0,0.5382499999999999,0.567,0.5095,0.0,heures_travail -3.85,cote_r +3.18,log_revenu +1.42
C001230,0,0.112,0.127,0.097,0.0,cote_r -20.47,log_revenu -10.66,heures_travail +7.05
C002710,0,0.1419375,0.134125,0.14975,0.0,cote_r -19.70,heures_travail +2.02,log_revenu -1.55
C002053,1,0.8947499999999999,0.891,0.8985,0.0,cote_r +23.34,log_revenu +1.90,heures_travail -0.50
C013670,0,0.0308125,0.027375,0.03425,0.0,cote_r -33.75,heures_travail +3.70,log_revenu -2.74
C011444,0,0.026750000000000003,0.01075,0.04275,0.0,cote_r -39.97,log_revenu +8.08,heures_travail +1.18
C001936,1,0.940125,0.92125,0.959,0.0,cote_r +26.72,heures_travail +6.21,log_revenu +0.83
C008831,0,0.1780625,0.224875,0.13125,0.0,cote_r -13.71,log_revenu -5.39,heures_travail -1.33
C000847,0,0.296875,0.29925,0.2945,0.0,cote_r -9.32,heures_travail -0.50,log_revenu -0.39
C013477,1,0.6159375,0.615875,0.616,0.0,cote_r +5.56,heures_travail +0.34,log_revenu +0.21
C008690,1,0.7764375,0.752375,0.8005,0.0,cote_r +12.67,log_revenu +3.16,heures_travail +0.34
C003701,0,0.199875,0.23825,0.1615,0.0,cote_r -12.88,heures_travail -4.69,log_revenu -1.08
C012673,0,0.007875,0.00725,0.0085,0.0,cote_r -43.65,heures_travail -1.33,log_revenu +1.32
C000236,0,0.382,0.40075,0.36325,0.0,cote_r -4.52,heures_travail -2.17,prog_Genie +0.39
C007520,0,0.44606250000000003,0.397375,0.49475,0.0,cote_r -4.70,log_revenu +2.66,heures_travail +2.02
C013939,0,0.381625,0.37175,0.3915,0.0,cote_r -5.94,heures_travail +1.18,log_revenu -0.24
C012683,0,0.1223125,0.110375,0.13425,0.0,cote_r -21.95,heures_travail +3.70,log_revenu -1.77
C004294,1,0.8883125000000001,0.851875,0.92475,0.0,cote_r +19.66,heures_travail +4.53,log_revenu +3.88
C002322,0,0.2810625,0.279375,0.28275,0.0,cote_r -10.69,log_revenu -1.54,heures_travail +1.18
C007776,1,0.782,0.8255,0.7385,0.0,cote_r +17.59,log_revenu -3.07,heures_travail -2.17
C002656,0,0.44543750000000004,0.406125,0.48475,0.0,log_revenu +4.29,cote_r -4.23,heures_travail -0.50
C005904,0,0.446625,0.46625,0.427,0.0,heures_travail -1.33,cote_r -1.14,log_revenu -0.43
C011586,0,0.33125000000000004,0.3295,0.333,0.0,cote_r -7.78,log_revenu +1.55,heures_travail -1.33
C009228,1,0.686625,0.6355,0.73775,0.0,cote_r +6.62,heures_travail +3.70,log_revenu +2.49
C001140,0,0.3978125,0.414125,0.3815,0.0,cote_r -3.93,heures_travail -3.01,log_revenu +1.70
C010244,0,0.21912500000000001,0.19975,0.2385,0.0,cote_r -15.25,log_revenu +4.12,heures_travail -2.17
C000184,0,0.090625,0.08975,0.0915,0.0,cote_r -23.91,log_revenu -1.14,prog_Genie +0.39
C000568,0,0.2875625,0.233875,0.34125,0.0,cote_r -13.12,log_revenu +4.19,heures_travail +1.18
C007633,1,0.959125,0.9645,0.95375,0.0,cote_r +34.66,heures_travail -3.01,log_revenu +0.79
C012476,1,0.97425,0.97625,0.97225,0.0,cote_r +36.74,heures_travail +4.53,log_revenu -4.24
C013158,1,0.96875,0.97575,0.96175,0.0,cote_r +36.56,log_revenu -2.20,heures_travail +0.34
C013016,0,0.37725,0.35675,0.39775,0.0,cote_r -6.60,heures_travail +4.53,log_revenu -2.42
C009497,1,0.9578125,0.963125,0.9525,0.0,cote_r +34.48,log_revenu -1.63,heures_travail -0.50
C012613,0,0.5220625,0.528125,0.516,0.0,cote_r +1.52,log_revenu -0.77,heures_travail +0.34
C000388,1,0.7194375,0.734125,0.70475,0.0,cote_r +11.78,heures_travail -1.33,prog_Sciences +0.22
C001162,0,0.019,0.02375,0.01425,0.0,cote_r -34.81,heures_travail -4.69,prog_Genie +0.39
C011810,0,0.42281250000000004,0.421875,0.42375,0.0,cote_r -3.46,log_revenu +0.38,heures_travail +0.34
C012658,0,0.102125,0.1035,0.10075,0.0,cote_r -22.60,heures_travail -1.33,prog_Sciences +0.22
C011492,0,0.5253125000000001,0.540375,0.51025,0.0,cote_r +2.06,log_revenu -1.43,heures_travail +0.34
C007185,1,0.9184375,0.891625,0.94525,0.0,cote_r +23.40,heures_travail +4.53,log_revenu +3.27
C010623,1,0.6891875000000001,0.705125,0.67325,0.0,cote_r +10.06,log_revenu -1.04,heures_travail -0.50
C006278,0,0.14,0.1435,0.1365,0.0,cote_r -18.93,log_revenu -1.46,heures_travail +0.34
C000503,0,0.293625,0.1915,0.39575,0.0,cote_r -15.84,heures_travail +10.40,log_revenu +0.44
C003224,0,0.18806250000000002,0.174125,0.202,0.0,cote_r -16.91,heures_travail +1.18,log_revenu +0.41
C003249,0,0.159,0.13275,0.18525,0.0,cote_r -19.82,heures_travail +2.86,log_revenu +0.42
C009682,0,0.4009375,0.359125,0.44275,0.0,cote_r -6.48,heures_travail +3.70,prog_Genie +0.39
C012375,1,0.665125,0.649,0.68125,0.0,cote_r +7.27,log_revenu +1.70,heures_travail +0.34
C004306,1,0.8393124999999999,0.875875,0.80275,0.0,cote_r +21.80,log_revenu -4.15,heures_travail -1.33
C003236,0,0.2996875,0.268875,0.3305,0.0,cote_r -11.34,log_revenu +4.21,heures_travail -1.33
C007387,1,0.6888125,0.652125,0.7255,0.0,cote_r +7.45,log_revenu +6.82,heures_travail -3.01
C013861,1,0.702,0.68725,0.71675,0.0,cote_r +9.05,log_revenu +3.46,heures_travail -1.33
C004620,1,0.619875,0.662,0.57775,0.0,cote_r +7.93,log_revenu -2.15,heures_travail -1.33
C012265,0,0.4349375,0.519625,0.35025,0.0,log_revenu -4.14,heures_travail -3.85,cote_r +1.11
C011642,0,0.2895,0.24275,0.33625,0.0,cote_r -12.70,heures_travail +3.70,log_revenu +1.67
C006565,1,0.8036875,0.789125,0.81825,0.0,cote_r +14.80,heures_travail +3.70,log_revenu -0.70
C007404,1,0.75675,0.747,0.7665,0.0,cote_r +12.43,heures_travail +2.02,log_revenu -0.38
C011657,1,0.9450000000000001,0.95675,0.93325,0.0,cote_r +32.65,heures_travail -2.17,log_revenu -1.12
C013948,0,0.3958125,0.414125,0.3775,0.0,cote_r -3.93,log_revenu -1.96,heures_travail +0.34
C003295,1,0.935875,0.92425,0.9475,0.0,cote_r +27.19,log_revenu +5.43,heures_travail -1.33
C003227,1,0.735625,0.67475,0.7965,0.0,cote_r +8.58,heures_travail +7.05,prog_Sante +0.29
C007403,1,0.8743125,0.892375,0.85625,0.0,cote_r +23.46,log_revenu -1.78,heures_travail -1.33
C012155,0,0.064625,0.0605,0.06875,0.0,cote_r -27.40,log_revenu +1.50,heures_travail -1.33
C005331,0,0.3093125,0.333875,0.28475,0.0,cote_r -7.60,log_revenu -3.24,heures_travail +0.34
C003703,1,0.7143124999999999,0.716625,0.712,0.0,cote_r +10.77,log_revenu +0.71,heures_travail -0.50
C008153,0,0.272625,0.26725,0.278,0.0,cote_r -11.46,log_revenu +3.04,heures_travail -3.01
C007810,0,0.154,0.1335,0.1745,0.0,cote_r -19.76,heures_travail +4.53,log_revenu -2.08
C007763,1,0.60675,0.60575,0.60775,0.0,cote_r +5.08,heures_travail +2.02,log_revenu -1.17
C000804,1,0.8039375,0.771875,0.836,0.0,cote_r +13.62,heures_travail +5.37,log_revenu -0.38
C007223,0,0.35325,0.3825,0.324,0.0,cote_r -5.41,log_revenu -3.38,heures_travail +0.34
C011277,0,0.18787500000000001,0.199,0.17675,0.0,cote_r -15.31,heures_travail -2.17,prog_Sante +0.29
C001322,1,0.815125,0.7765,0.85375,0.0,cote_r +13.97,heures_travail +4.53,log_revenu +2.03
C000290,0,0.14500000000000002,0.16825,0.12175,0.0,cote_r -17.21,log_revenu -4.78,heures_travail +0.34
C006246,0,0.2428125,0.266375,0.21925,0.0,cote_r -11.52,log_revenu -5.32,heures_travail +2.02
C012147,1,0.720375,0.756,0.68475,0.0,cote_r +12.85,heures_travail -3.85,log_revenu +0.34
C008754,0,0.266875,0.26175,0.272,0.0,cote_r -11.70,heures_travail +4.53,log_revenu -3.93
C004982,1,0.6681250000000001,0.684,0.65225,0.0,cote_r +8.93,log_revenu -2.69,heures_travail +1.18
C003328,0,0.4699375,0.442625,0.49725,0.0,cote_r -2.33,heures_travail +1.18,log_revenu +1.00
C000197,0,0.17831249999999998,0.170875,0.18575,0.0,cote_r -17.03,log_revenu +1.40,heures_travail -1.33
C005825,0,0.348375,0.31425,0.3825,0.0,cote_r -8.49,log_revenu +6.16,heures_travail -3.01
C009389,1,0.8314375,0.812875,0.85,0.0,cote_r +16.40,log_revenu +2.91,prog_Genie +0.39
C001703,0,0.262375,0.239,0.28575,0.0,cote_r -12.82,heures_travail +2.02,prog_Genie +0.39
C008587,1,0.8754375000000001,0.874125,0.87675,0.0,cote_r +21.68,heures_travail +4.53,log_revenu -3.59
C013751,0,0.4968125,0.463375,0.53025,0.0,heures_travail +6.21,log_revenu -2.90,cote_r -1.32
C009432,1,0.962375,0.982,0.94275,0.0,cote_r +39.41,log_revenu -5.97,heures_travail -3.01
C002682,0,0.20775,0.23275,0.18275,0.0,cote_r -13.18,heures_travail -6.36,log_revenu +2.38
C005792,1,0.972875,0.9845,0.96125,0.0,cote_r +40.89,log_revenu -3.68,heures_travail -3.01
C004878,0,0.5005625,0.580125,0.421,0.0,log_revenu -6.66,cote_r +3.84,heures_travail -0.50
C006015,0,0.4020625,0.376625,0.4275,0.0,cote_r -5.71,log_revenu +3.35,heures_travail -0.50
C009369,0,0.21325,0.2315,0.195,0.0,cote_r -13.30,log_revenu -2.99,heures_travail +0.34
C003270,0,0.3336875,0.293625,0.37375,0.0,cote_r -9.68,log_revenu +4.20,heures_travail -0.50
C008170,0,0.5334375,0.576625,0.49025,0.0,cote_r +3.72,log_revenu -2.08,heures_travail -1.33
C002098,1,0.8436250000000001,0.84375,0.8435,0.0,cote_r +18.89,log_revenu +1.13,heures_travail -0.50
C005105,1,0.7848125,0.781375,0.78825,0.0,cote_r +14.27,log_revenu +4.05,heures_travail -3.01
C006709,1,0.6191249999999999,0.5165,0.72175,0.0,log_revenu +5.76,heures_travail +4.53,cote_r +0.99
C003727,1,0.9438124999999999,0.932375,0.95525,0.0,cote_r +28.14,heures_travail +4.53,log_revenu +0.42
C002937,0,0.35431250000000003,0.376625,0.332,0.0,cote_r -5.71,heures_travail -2.17,prog_Genie -0.11
C011548,0,0.14500000000000002,0.135,0.155,0.0,cote_r -19.64,log_revenu +2.12,heures_travail -1.33
C004533,0,0.022375,0.01325,0.0315,0.0,cote_r -39.20,log_revenu +5.76,heures_travail +0.34
C001198,0,0.560625,0.57825,0.543,0.0,cote_r +3.78,log_revenu -1.14,heures_travail -0.50
C000934,0,0.137375,0.1505,0.12425,0.0,cote_r -18.39,log_revenu -3.28,prog_Genie +0.39
C005047,0,0.2764375,0.250875,0.302,0.0,cote_r -12.17,log_revenu +5.85,heures_travail -3.85
C013862,0,0.5755,0.611,0.54,0.0,cote_r +5.32,log_revenu -3.21,heures_travail +0.34
C009400,1,0.7909375,0.773125,0.80875,0.0,cote_r +13.68,heures_travail +2.02,log_revenu +0.87
C003805,1,0.8230625,0.795375,0.85075,0.0,cote_r +15.22,log_revenu +7.69,heures_travail -3.01
C001113,1,0.8796875,0.867125,0.89225,0.0,cote_r +20.97,log_revenu +3.74,heures_travail -0.50
C011242,0,0.5968125,0.608625,0.585,0.0,cote_r +5.20,log_revenu -2.21,heures_travail +1.18
C000861,1,0.6924375,0.710375,0.6745,0.0,cote_r +10.48,heures_travail -2.17,log_revenu +0.48
C011401,1,0.9465,0.96875,0.92425,0.0,cote_r +35.37,log_revenu -4.32,heures_travail -3.01
C008110,1,0.9801875,0.983,0.977375,0.0,cote_r +39.82,log_revenu -0.75,heures_travail -0.50
C005799,0,0.23993749999999997,0.266375,0.2135,0.0,cote_r -11.52,log_revenu -4.39,heures_travail +1.18
C010658,1,0.9293125,0.936125,0.9225,0.0,cote_r +28.73,heures_travail -0.50,premiere_generation -0.15
C005250,0,0.2870625,0.313125,0.261,0.0,cote_r -8.55,heures_travail -3.01,log_revenu -0.74
C002530,0,0.5918125000000001,0.639375,0.54425,0.0,cote_r +6.86,log_revenu -3.66,heures_travail -0.50
C004559,0,0.002875,0.003,0.00275,0.0,cote_r -47.80,log_revenu -3.22,heures_travail -0.50
C013519,0,0.0045,0.0035,0.0055,0.0,cote_r -46.91,heures_travail +2.02,log_revenu -1.91
C007755,1,0.9257500000000001,0.94725,0.90425,0.0,cote_r +30.75,log_revenu -3.09,heures_travail -2.17
C007357,0,0.5481875,0.489375,0.607,0.0,heures_travail +2.86,log_revenu +2.80,prog_Genie +0.39
C010199,0,0.38668749999999996,0.402875,0.3705,0.0,log_revenu -5.67,heures_travail +4.53,cote_r -4.40
C010165,0,0.5658125,0.670875,0.46075,0.0,cote_r +8.34,log_revenu -7.94,heures_travail -2.17
C003635,1,0.9658125,0.96175,0.969875,0.0,cote_r +33.89,log_revenu +2.61,heures_travail +0.34
C012343,0,0.050625,0.03325,0.068,0.0,cote_r -32.03,log_revenu +5.93,heures_travail -1.33
C006280,0,0.16018749999999998,0.145375,0.175,0.0,cote_r -18.81,log_revenu +3.25,heures_travail -2.17
C002571,1,0.9359375000000001,0.944625,0.92725,0.0,cote_r +30.39,log_revenu -2.02,heures_travail -0.50
C011563,0,0.4275625,0.322125,0.533,0.0,heures_travail +9.56,cote_r -8.08,log_revenu +0.59
C009891,1,0.649625,0.62775,0.6715,0.0,cote_r +6.27,log_revenu +1.95,heures_travail +0.34
C009047,0,0.1486875,0.138125,0.15925,0.0,cote_r -19.46,heures_travail +2.86,log_revenu -1.73
C010398,0,0.31481250000000005,0.286125,0.3435,0.0,cote_r -10.27,log_revenu +1.48,heures_travail +1.18
C004077,0,0.1780625,0.142125,0.214,0.0,cote_r -19.05,log_revenu +2.19,heures_travail +2.02
C005037,0,0.20525,0.254,0.1565,0.0,cote_r -12.05,log_revenu -3.20,heures_travail -3.01
C000773,0,0.043750000000000004,0.02125,0.06625,0.0,cote_r -35.64,heures_travail +5.37,log_revenu +2.42
C003845,1,0.8445625,0.850625,0.8385,0.0,cote_r +19.61,log_revenu -3.43,heures_travail +2.86
C012165,0,0.42725,0.39225,0.46225,0.0,cote_r -4.94,heures_travail +2.86,prog_Genie +0.39
C009056,0,0.34268750000000003,0.376625,0.30875,0.0,cote_r -5.71,heures_travail -3.01,log_revenu -1.12
C007630,0,0.24406250000000002,0.249125,0.239,0.0,cote_r -12.29,log_revenu -0.71,heures_travail -0.50
C010192,0,0.287625,0.342,0.23325,0.0,cote_r -7.25,log_revenu -5.98,heures_travail -0.50
C005194,0,0.5771875,0.676125,0.47825,0.0,cote_r +8.64,log_revenu -4.79,heures_travail -4.69
C009200,1,0.6226875000000001,0.660625,0.58475,0.0,cote_r +7.87,log_revenu -5.51,heures_travail +2.02
C013174,1,0.6621874999999999,0.620375,0.704,0.0,log_revenu +5.80,cote_r +5.79,heures_travail -1.33
C011117,1,0.8420000000000001,0.86975,0.81425,0.0,cote_r +21.21,log_revenu -4.40,heures_travail +0.34
C012742,1,0.6631875,0.700875,0.6255,0.0,cote_r +9.88,log_revenu -4.18,heures_travail +1.18
C010698,0,0.387,0.3045,0.4695,0.0,cote_r -9.03,log_revenu +8.11,heures_travail -0.50
C001300,0,0.1916875,0.159375,0.224,0.0,cote_r -17.74,log_revenu +4.07,heures_travail -0.50
C009549,0,0.3555625,0.325125,0.386,0.0,cote_r -7.96,log_revenu +6.38,heures_travail -3.85
C010628,0,0.34099999999999997,0.38825,0.29375,0.0,log_revenu -6.63,cote_r -5.17,heures_travail +1.18
C002027,1,0.7885,0.78475,0.79225,0.0,cote_r +14.51,log_revenu +3.15,heures_travail -2.17
C002204,1,0.8399375,0.907125,0.77275,0.0,cote_r +25.06,log_revenu -7.63,heures_travail -3.01
C011522,0,0.5368125,0.548875,0.52475,0.0,cote_r +2.41,heures_travail -1.33,log_revenu +0.44
C000637,1,0.6895625000000001,0.741375,0.63775,0.0,cote_r +12.14,log_revenu -2.84,heures_travail -2.17
C012624,1,0.6989375,0.705125,0.69275,0.0,cote_r +10.06,heures_travail -2.17,log_revenu +1.70
C007480,0,0.382875,0.43475,0.331,0.0,heures_travail -3.01,cote_r -2.74,log_revenu -2.48
C002159,0,0.150125,0.1475,0.15275,0.0,cote_r -18.63,log_revenu -1.37,heures_travail +1.18
C012830,0,0.11281250000000001,0.116625,0.109,0.0,cote_r -21.24,heures_travail -4.69,log_revenu +3.28
C003509,1,0.928375,0.94325,0.9135,0.0,cote_r +30.28,heures_travail -2.17,log_revenu -1.60
C009458,1,0.6725,0.67475,0.67025,0.0,cote_r +8.58,log_revenu +3.18,heures_travail -3.01
C007957,1,0.6615625,0.677875,0.64525,0.0,cote_r +8.70,log_revenu -5.09,heures_travail +3.70
C012426,0,0.0138125,0.011625,0.016,0.0,cote_r -39.74,heures_travail +2.02,log_revenu -1.48
C003247,1,0.8340000000000001,0.779,0.889,0.0,cote_r +14.15,heures_travail +6.21,log_revenu +3.74
C009305,1,0.9110625,0.919125,0.903,0.0,cote_r +26.42,log_revenu -0.50,heures_travail -0.50
C000646,1,0.8340000000000001,0.84375,0.82425,0.0,cote_r +18.89,heures_travail -2.17,log_revenu +1.01
C004433,1,0.6783125000000001,0.673625,0.683,0.0,heures_travail +8.73,cote_r +8.52,log_revenu -8.02
C002544,0,0.043625,0.04925,0.038,0.0,cote_r -29.01,heures_travail -3.85,log_revenu +1.09
C011293,1,0.9492499999999999,0.95875,0.93975,0.0,cote_r +33.06,log_revenu -2.51,heures_travail -0.50
C008859,0,0.2476875,0.240875,0.2545,0.0,cote_r -12.76,log_revenu +0.78,heures_travail -0.50
C000240,1,0.6595,0.6305,0.6885,0.0,cote_r +6.39,log_revenu +2.53,prog_Genie +0.39
C003482,0,0.3645625,0.285125,0.444,0.0,cote_r -10.33,log_revenu +4.58,heures_travail +3.70
C000986,1,0.8948125,0.890375,0.89925,0.0,cote_r +23.28,log_revenu +5.24,heures_travail -3.85
C010476,0,0.42381250000000004,0.489375,0.35825,0.0,log_revenu -4.82,heures_travail -1.33,cote_r -0.25
C006687,1,0.742625,0.74325,0.742,0.0,cote_r +12.25,heures_travail +3.70,log_revenu -3.09
C011919,0,0.575,0.585,0.565,0.0,cote_r +4.01,heures_travail -1.33,log_revenu +0.48
C002118,0,0.262,0.23625,0.28775,0.0,cote_r -13.00,heures_travail +3.70,log_revenu -1.38
C005221,0,0.49024999999999996,0.5505,0.43,0.0,heures_travail -6.36,cote_r +2.47,log_revenu +1.27
C000753,0,0.17975000000000002,0.16325,0.19625,0.0,cote_r -17.56,log_revenu +1.14,heures_travail +0.34
C006869,1,0.8555,0.84225,0.86875,0.0,cote_r +18.78,log_revenu +3.61,heures_travail -0.50
C010648,1,0.8228125,0.787125,0.8585,0.0,cote_r +14.63,heures_travail +6.21,log_revenu +0.57
C003207,0,0.048062499999999994,0.035375,0.06075,0.0,cote_r -31.73,heures_travail +2.02,log_revenu +1.71
C003918,0,0.12275,0.10275,0.14275,0.0,cote_r -22.72,heures_travail +2.86,log_revenu +0.76
C010349,0,0.277375,0.284,0.27075,0.0,cote_r -10.39,heures_travail -2.17,log_revenu +1.15
C001899,1,0.6231875,0.670875,0.5755,0.0,cote_r +8.34,heures_travail -3.01,log_revenu -1.28
C008596,0,0.09256249999999999,0.076625,0.1085,0.0,cote_r -25.33,log_revenu +4.00,heures_travail -1.33
C011243,0,0.045062500000000005,0.039875,0.05025,0.0,cote_r -30.96,heures_travail +2.86,log_revenu -1.52
C009253,0,0.3256875,0.368125,0.28325,0.0,cote_r -6.12,heures_travail -4.69,log_revenu -0.13
C000852,1,0.7617499999999999,0.74025,0.78325,0.0,cote_r +12.08,log_revenu +6.79,heures_travail -3.85
C011164,0,0.33518749999999997,0.333875,0.3365,0.0,cote_r -7.60,log_revenu -0.56,heures_travail +0.34
C006142,1,0.7854375,0.691125,0.87975,0.0,cote_r +9.35,log_revenu +7.98,heures_travail +5.37
C004041,1,0.7573125,0.727125,0.7875,0.0,cote_r +11.42,heures_travail +2.86,log_revenu +1.27
C005659,1,0.9468125000000001,0.927875,0.96575,0.0,cote_r +27.61,log_revenu +7.62,prog_Genie +0.39
C001393,1,0.8186875,0.752375,0.885,0.0,cote_r +12.67,heures_travail +9.56,log_revenu +1.47
C007298,1,0.8065625000000001,0.794625,0.8185,0.0,cote_r +15.16,log_revenu +1.20,heures_travail +1.18
C003662,1,0.89225,0.8805,0.904,0.0,cote_r +22.21,heures_travail +2.86,log_revenu +0.23
C008339,1,0.88425,0.88825,0.88025,0.0,cote_r +23.10,heures_travail -1.33,log_revenu +0.77
C006297,1,0.8390625,0.864375,0.81375,0.0,cote_r +20.67,log_revenu -3.34,heures_travail -0.50
C002222,0,0.5153125,0.557375,0.47325,0.0,log_revenu -3.12,cote_r +2.83,heures_travail -0.50
C007501,0,0.481,0.5005,0.4615,0.0,log_revenu -1.60,heures_travail -0.50,prog_Genie +0.39
C006915,0,0.3375,0.41,0.265,0.0,heures_travail -5.53,cote_r -4.11,log_revenu -2.22
C013721,0,0.49374999999999997,0.469,0.5185,0.0,heures_travail +1.18,cote_r -1.02,log_revenu +1.01
C000279,0,0.331875,0.287,0.37675,0.0,cote_r -10.21,heures_travail +4.53,prog_Sciences +0.22
C007117,1,0.7824375,0.783375,0.7815,0.0,cote_r +14.39,heures_travail +3.70,log_revenu -3.43
C008420,1,0.6748125,0.642625,0.707,0.0,cote_r +6.98,log_revenu +2.10,heures_travail +1.18
C005066,0,0.4749375,0.457625,0.49225,0.0,log_revenu +3.50,heures_travail -2.17,cote_r -1.68
C009079,0,0.20356249999999998,0.159375,0.24775,0.0,cote_r -17.74,log_revenu +3.84,heures_travail +1.18
C003643,1,0.6335,0.6885,0.5785,0.0,cote_r +9.11,heures_travail -3.01,log_revenu -2.06
C010184,0,0.5894999999999999,0.5365,0.6425,0.0,heures_travail +3.70,cote_r +1.94,log_revenu +1.30
C005511,0,0.4835625,0.460875,0.50625,0.0,cote_r -1.50,heures_travail +1.18,log_revenu +1.09
C002500,0,0.1045625,0.124875,0.08425,0.0,cote_r -20.59,heures_travail -3.01,log_revenu -1.88
C013696,1,0.641,0.62775,0.65425,0.0,cote_r +6.27,log_revenu +3.66,heures_travail -2.17
C001589,0,0.4669375,0.442625,0.49125,0.0,heures_travail +5.37,log_revenu -2.70,cote_r -2.33
C012335,0,0.42874999999999996,0.40075,0.45675,0.0,cote_r -4.52,log_revenu +2.22,prog_Genie +0.39
C011402,0,0.5666875,0.602875,0.5305,0.0,cote_r +4.96,heures_travail -4.69,log_revenu +1.54
C008639,0,0.5499375,0.524125,0.57575,0.0,log_revenu +1.63,cote_r +1.35,heures_travail +1.18
C013233,0,0.1125,0.15825,0.06675,0.0,cote_r -17.80,log_revenu -8.33,heures_travail -1.33
C004096,1,0.7735000000000001,0.7485,0.7985,0.0,cote_r +12.49,heures_travail +2.86,log_revenu +0.94
C007310,0,0.1873125,0.112125,0.2625,0.0,cote_r -21.77,heures_travail +8.73,log_revenu +0.79
C006221,1,0.937,0.946,0.928,0.0,cote_r +30.51,log_revenu -2.73,prog_Genie +0.39
C002158,0,0.4678125,0.425875,0.50975,0.0,cote_r -3.22,log_revenu +2.80,heures_travail +1.18
C008960,0,0.0894375,0.084875,0.094,0.0,cote_r -24.38,log_revenu +3.91,heures_travail -3.85
C007003,0,0.1835,0.157,0.21,0.0,cote_r -17.92,log_revenu +1.85,heures_travail +1.18
C010549,1,0.93425,0.91875,0.94975,0.0,cote_r +26.36,log_revenu +3.77,heures_travail +2.02
C004100,1,0.715875,0.75375,0.678,0.0,cote_r +12.73,heures_travail -3.01,log_revenu -0.76
C007296,0,0.28400000000000003,0.2605,0.3075,0.0,cote_r -11.75,heures_travail +2.02,prog_Genie +0.39
C012817,0,0.258375,0.1905,0.32625,0.0,cote_r -15.90,heures_travail +7.05,log_revenu +0.89
C011307,0,0.00625,0.00525,0.00725,0.0,cote_r -45.01,log_revenu -1.74,heures_travail +1.18
C008442,0,0.062375,0.0505,0.07425,0.0,cote_r -28.89,log_revenu +4.19,heures_travail -2.17
C002884,1,0.694625,0.7135,0.67575,0.0,cote_r +10.65,log_revenu -1.14,heures_travail -0.50
C001209,0,0.4135625,0.333875,0.49325,0.0,heures_travail +7.89,cote_r -7.60,prog_Genie -0.11
C010017,0,0.2553125,0.252125,0.2585,0.0,cote_r -12.11,heures_travail -0.50,prog_Genie +0.39
C012652,0,0.29675,0.277,0.3165,0.0,cote_r -10.81,heures_travail +1.18,log_revenu +0.54
C013979,0,0.518125,0.4845,0.55175,0.0,log_revenu +4.64,heures_travail -1.33,cote_r -0.43
C005405,1,0.9218124999999999,0.901125,0.9425,0.0,cote_r +24.47,log_revenu +7.50,heures_travail -1.33
C004045,0,0.051500000000000004,0.0545,0.0485,0.0,cote_r -28.18,log_revenu -3.18,heures_travail +1.18
C000844,1,0.732,0.809,0.655,0.0,cote_r +16.11,log_revenu -5.33,heures_travail -3.01
C008724,0,0.126625,0.15525,0.098,0.0,cote_r -18.04,log_revenu -7.22,heures_travail +1.18
C007865,1,0.8995625,0.901875,0.89725,0.0,cote_r +24.53,heures_travail +6.21,log_revenu -5.96
C005558,1,0.907875,0.9045,0.91125,0.0,cote_r +24.82,heures_travail +1.18,log_revenu +0.42
C006927,1,0.7044375,0.703625,0.70525,0.0,cote_r +10.00,heures_travail +1.18,log_revenu -0.62
C012640,0,0.3499375,0.344625,0.35525,0.0,cote_r -7.13,heures_travail +6.21,log_revenu -5.37
C000428,1,0.9736875,0.974625,0.97275,0.0,cote_r +36.44,log_revenu +2.48,heures_travail -1.33
C008769,0,0.409625,0.4295,0.38975,0.0,cote_r -2.98,log_revenu -2.65,prog_Genie +0.39
C002822,1,0.98775,0.98375,0.99175,0.0,cote_r +40.18,log_revenu +6.50,heures_travail -3.01
C001760,1,0.6076874999999999,0.586875,0.6285,0.0,cote_r +4.13,heures_travail +2.86,log_revenu -0.71
C012136,1,0.924625,0.94975,0.8995,0.0,cote_r +31.34,log_revenu -6.28,heures_travail +0.34
C009714,1,0.7178125,0.759125,0.6765,0.0,cote_r +13.03,heures_travail -2.17,log_revenu -2.06
C011759,0,0.2205,0.22375,0.21725,0.0,cote_r -13.77,heures_travail -3.01,log_revenu +1.88
C012002,0,0.32581249999999995,0.300125,0.3515,0.0,cote_r -9.26,heures_travail +2.02,log_revenu +0.28
C011297,0,0.073375,0.1035,0.04325,0.0,cote_r -22.60,heures_travail -4.69,log_revenu -3.99
C004640,1,0.7816875,0.812875,0.7505,0.0,cote_r +16.40,log_revenu -1.93,heures_travail -1.33
C003360,1,0.6366875000000001,0.680875,0.5925,0.0,cote_r +8.82,log_revenu -2.76,heures_travail -1.33
C010275,0,0.026,0.02175,0.03025,0.0,cote_r -35.59,heures_travail +2.86,log_revenu -1.31
C002416,0,0.29893749999999997,0.282125,0.31575,0.0,cote_r -10.51,heures_travail +4.53,log_revenu -3.00
C002711,1,0.7520625000000001,0.720125,0.784,0.0,cote_r +11.07,heures_travail +3.70,prog_Genie +0.39
C010051,0,0.3548125,0.374625,0.335,0.0,cote_r -5.83,heures_travail -5.53,log_revenu +3.41
C004027,1,0.6571875,0.737875,0.5765,0.0,cote_r +11.96,heures_travail -4.69,log_revenu -3.58
C005723,1,0.7626875,0.694375,0.831,0.0,cote_r +9.47,log_revenu +7.42,heures_travail +1.18
C001533,0,0.1185,0.127,0.11,0.0,cote_r -20.47,heures_travail -5.53,log_revenu +3.43
C010473,1,0.7200625,0.680875,0.75925,0.0,cote_r +8.82,heures_travail +6.21,log_revenu -1.48
C012668,0,0.52275,0.55875,0.48675,0.0,log_revenu -3.92,cote_r +2.89,heures_travail +1.18
C007005,1,0.6363125000000001,0.580125,0.6925,0.0,cote_r +3.84,log_revenu +3.14,heures_travail +2.86
C003229,1,0.8789374999999999,0.903125,0.85475,0.0,cote_r +24.70,log_revenu -4.89,heures_travail +0.34
C009375,1,0.8638125,0.837375,0.89025,0.0,cote_r +18.36,log_revenu +3.74,heures_travail +2.02
C005730,0,0.10518749999999999,0.128625,0.08175,0.0,cote_r -20.17,heures_travail -3.85,log_revenu -1.68
C009457,0,0.2831875,0.313125,0.25325,0.0,cote_r -8.55,log_revenu -4.95,heures_travail +1.18
C010666,1,0.8944375,0.867125,0.92175,0.0,cote_r +20.97,log_revenu +6.20,prog_Genie +0.39
C007582,0,0.4375625,0.483125,0.392,0.0,heures_travail -4.69,cote_r -0.49,prog_Genie +0.39
C009349,0,0.590625,0.61675,0.5645,0.0,cote_r +5.61,log_revenu -2.95,heures_travail +1.18
C000044,0,0.06875,0.0605,0.077,0.0,cote_r -27.40,heures_travail +2.02,log_revenu -0.76
C004535,1,0.83375,0.85475,0.81275,0.0,cote_r +19.90,log_revenu -3.16,heures_travail +0.34
C013930,1,0.8570625000000001,0.812875,0.90125,0.0,cote_r +16.40,log_revenu +6.47,heures_travail +2.02
C013197,1,0.699,0.65675,0.74125,0.0,cote_r +7.69,heures_travail +5.37,log_revenu -0.21
C005096,0,0.4915625,0.583625,0.3995,0.0,log_revenu -5.30,cote_r +3.96,heures_travail -3.01
C011072,0,0.21481250000000002,0.216875,0.21275,0.0,cote_r -14.30,log_revenu -1.46,prog_Genie +0.39
C006796,0,0.43981250000000005,0.513375,0.36625,0.0,heures_travail -3.85,log_revenu -3.08,cote_r +0.87
C009620,1,0.7603125,0.805375,0.71525,0.0,cote_r +15.81,heures_travail -3.01,log_revenu -1.86
C013103,1,0.672,0.6215,0.7225,0.0,cote_r +5.85,log_revenu +3.23,heures_travail +2.02
C009913,1,0.6092500000000001,0.59275,0.62575,0.0,cote_r +4.49,log_revenu +1.85,heures_travail +0.34
C005966,0,0.2278125,0.240875,0.21475,0.0,cote_r -12.76,log_revenu -4.34,heures_travail +2.02
C010388,0,0.5462499999999999,0.5165,0.576,0.0,heures_travail +2.86,cote_r +0.99,prog_Sante +0.29
C004798,0,0.59675,0.571,0.6225,0.0,cote_r +3.42,heures_travail +2.02,log_revenu +1.09
C000958,0,0.15425,0.1915,0.117,0.0,cote_r -15.84,heures_travail -3.01,log_revenu -2.73
C008974,1,0.746,0.76375,0.72825,0.0,cote_r +13.20,log_revenu -0.53,heures_travail -0.50
C007343,1,0.930625,0.9155,0.94575,0.0,cote_r +25.95,heures_travail +4.53,log_revenu +0.48
C004189,1,0.9005625,0.902375,0.89875,0.0,cote_r +24.58,heures_travail +4.53,log_revenu -4.29
C008674,0,0.56525,0.5885,0.542,0.0,cote_r +4.25,heures_travail -2.17,log_revenu +0.45
C002594,1,0.8600625,0.874125,0.846,0.0,cote_r +21.68,log_revenu -3.29,heures_travail +1.18
C002576,0,0.365,0.38375,0.34625,0.0,cote_r -5.35,log_revenu -2.26,heures_travail +0.34
C002615,0,0.3665625,0.330625,0.4025,0.0,cote_r -7.72,log_revenu +2.38,heures_travail +1.18
C002830,1,0.8040625,0.736625,0.8715,0.0,cote_r +11.90,log_revenu +7.38,heures_travail +2.86
C005488,1,0.9939375,0.996125,0.99175,0.0,cote_r +49.42,heures_travail +7.05,log_revenu -0.36
C009754,0,0.09237500000000001,0.08575,0.099,0.0,cote_r -24.32,heures_travail +2.02,log_revenu -1.65
C004944,0,0.132375,0.1115,0.15325,0.0,cote_r -21.83,heures_travail +4.53,log_revenu -1.90
C003186,1,0.891625,0.8715,0.91175,0.0,cote_r +21.38,heures_travail +4.53,log_revenu +0.79
C005458,1,0.858,0.8255,0.8905,0.0,cote_r +17.59,log_revenu +4.26,heures_travail +2.02
C011424,0,0.03275,0.03925,0.02625,0.0,cote_r -31.08,heures_travail -3.85,prog_Sciences +0.22
C001754,1,0.952125,0.955,0.94925,0.0,cote_r +32.11,heures_travail +0.34,log_revenu -0.32
C012186,0,0.3929375,0.296875,0.489,0.0,cote_r -9.44,log_revenu +9.02,heures_travail +0.34
C001953,0,0.4575,0.538,0.377,0.0,log_revenu -5.13,heures_travail -2.17,cote_r +2.00
C007399,0,0.1661875,0.194625,0.13775,0.0,cote_r -15.61,log_revenu -8.15,heures_travail +3.70
C010315,0,0.2206875,0.264875,0.1765,0.0,cote_r -11.58,heures_travail -3.01,log_revenu -2.96
C008487,0,0.450125,0.4205,0.47975,0.0,cote_r -3.51,heures_travail +2.86,prog_Sante +0.29
C004348,0,0.5569375,0.553375,0.5605,0.0,cote_r +2.59,log_revenu +1.66,heures_travail -1.33
C013615,1,0.6494375,0.677875,0.621,0.0,cote_r +8.70,heures_travail -1.33,log_revenu -0.77
C004129,1,0.9548749999999999,0.927125,0.982625,0.0,cote_r +27.55,log_revenu +8.26,heures_travail +5.37
C012551,1,0.6520625,0.625125,0.679,0.0,cote_r +6.09,heures_travail +2.02,log_revenu +0.88
C001714,0,0.1236875,0.167375,0.08,0.0,cote_r -17.27,log_revenu -4.51,heures_travail -3.85
C010128,1,0.7743125,0.774875,0.77375,0.0,cote_r +13.80,log_revenu +2.96,heures_travail -2.17
C002452,1,0.8229375,0.872375,0.7735,0.0,cote_r +21.50,log_revenu -5.59,heures_travail -1.33
C008105,0,0.305875,0.22275,0.389,0.0,cote_r -13.89,heures_travail +6.21,log_revenu +2.37
C010794,0,0.23175,0.227,0.2365,0.0,cote_r -13.59,log_revenu -5.51,heures_travail +5.37
C008994,0,0.1191875,0.106625,0.13175,0.0,cote_r -22.31,log_revenu +5.19,heures_travail -3.01
C004048,1,0.6609375,0.705125,0.61675,0.0,cote_r +10.06,heures_travail -3.01,log_revenu -0.95
C010265,0,0.46399999999999997,0.4845,0.4435,0.0,heures_travail -3.01,log_revenu +1.30,cote_r -0.43
C006771,0,0.274625,0.25,0.29925,0.0,cote_r -12.23,heures_travail +1.18,log_revenu +0.55
C000556,0,0.043062500000000004,0.057625,0.0285,0.0,cote_r -27.70,log_revenu -8.06,heures_travail +2.02
C008076,0,0.355375,0.3625,0.34825,0.0,cote_r -6.36,heures_travail -2.17,log_revenu +1.54
C002085,0,0.5880625,0.680875,0.49525,0.0,cote_r +8.82,heures_travail -5.53,log_revenu -3.31
C009077,0,0.5429375000000001,0.494375,0.5915,0.0,log_revenu +3.46,heures_travail +1.18,prog_Sante +0.29
C008238,0,0.16643750000000002,0.172375,0.1605,0.0,cote_r -16.97,log_revenu -2.06,prog_Genie +0.39
C012950,1,0.77075,0.85325,0.68825,0.0,cote_r +19.78,log_revenu -8.79,heures_travail -1.33
C012635,1,0.995125,0.9985,0.99175,0.0,cote_r +55.23,log_revenu -6.87,heures_travail +0.34
C003706,1,0.6500625,0.636125,0.664,0.0,cote_r +6.68,log_revenu +4.71,heures_travail -3.01
C002819,1,0.930375,0.93525,0.9255,0.0,cote_r +28.62,heures_travail -1.33,log_revenu +0.67
C010338,0,0.2439375,0.167375,0.3205,0.0,cote_r -17.27,heures_travail +5.37,log_revenu +3.30
C002223,0,0.4251875,0.470625,0.37975,0.0,log_revenu -5.80,heures_travail +1.18,cote_r -0.97
C009187,1,0.91325,0.905,0.9215,0.0,cote_r +24.88,heures_travail +3.70,log_revenu -1.07
C010526,0,0.2421875,0.200875,0.2835,0.0,cote_r -15.19,log_revenu +4.61,heures_travail -0.50
C009675,1,0.84125,0.809,0.8735,0.0,cote_r +16.11,heures_travail +3.70,log_revenu +2.18
C003317,0,0.0680625,0.071375,0.06475,0.0,cote_r -26.10,log_revenu -1.39,heures_travail -0.50
C009367,0,0.29612499999999997,0.30575,0.2865,0.0,cote_r -8.97,log_revenu -0.97,heures_travail -0.50
C009753,0,0.4555,0.469,0.442,0.0,heures_travail -3.85,log_revenu +2.44,cote_r -1.02
C011097,1,0.842375,0.84725,0.8375,0.0,cote_r +19.31,heures_travail -3.01,log_revenu +2.68
C013330,0,0.2911875,0.292375,0.29,0.0,cote_r -9.74,log_revenu -5.15,heures_travail +4.53
C004324,0,0.2023125,0.224875,0.17975,0.0,cote_r -13.71,heures_travail -3.01,log_revenu -0.62
C012497,0,0.07425,0.108,0.0405,0.0,cote_r -22.19,heures_travail -4.69,log_revenu -4.02
C007497,0,0.1303125,0.116625,0.144,0.0,cote_r -21.24,log_revenu +4.15,heures_travail -2.17
C013207,1,0.7433125,0.783375,0.70325,0.0,cote_r +14.39,log_revenu -3.68,heures_travail -0.50
C008582,1,0.6584375,0.617125,0.69975,0.0,log_revenu +5.68,cote_r +5.67,heures_travail -1.33
C003216,1,0.665375,0.654,0.67675,0.0,cote_r +7.57,heures_travail +4.53,log_revenu -3.04
C006211,1,0.8915625,0.865625,0.9175,0.0,cote_r +20.79,log_revenu +3.54,heures_travail +2.86
C005924,0,0.5236875000000001,0.572625,0.47475,0.0,heures_travail -3.85,cote_r +3.54,log_revenu -0.62
C011745,0,0.57975,0.594,0.5655,0.0,cote_r +4.55,log_revenu -3.52,heures_travail +2.86
C007248,0,0.013749999999999998,0.018,0.0095,0.0,cote_r -37.07,heures_travail -3.85,log_revenu -1.61
C013553,1,0.609375,0.61325,0.6055,0.0,cote_r +5.44,heures_travail -2.17,log_revenu +1.89
C008862,0,0.44025000000000003,0.45975,0.42075,0.0,heures_travail -4.69,log_revenu +3.15,cote_r -1.56
C003275,1,0.6075625,0.602875,0.61225,0.0,cote_r +4.96,log_revenu +2.21,heures_travail -1.33
C000524,0,0.077625,0.05925,0.096,0.0,cote_r -27.46,heures_travail +3.70,premiere_generation -0.15
C001419,1,0.8990625,0.901125,0.897,0.0,cote_r +24.47,heures_travail +1.18,log_revenu -0.91
C004871,0,0.109875,0.08,0.13975,0.0,cote_r -24.97,heures_travail +2.86,log_revenu +2.58
C007265,1,0.6356875,0.632625,0.63875,0.0,cote_r +6.50,log_revenu +4.32,heures_travail -3.85
C000347,1,0.86775,0.86975,0.86575,0.0,cote_r +21.21,log_revenu +4.04,heures_travail -3.85
C006626,0,0.1285625,0.097125,0.16,0.0,cote_r -23.20,heures_travail +4.53,log_revenu +0.42
C009715,1,0.8295,0.849,0.81,0.0,cote_r +19.49,heures_travail -3.85,log_revenu +1.32
C002384,1,0.60575,0.5605,0.651,0.0,log_revenu +5.33,cote_r +2.95,heures_travail -0.50
C001195,0,0.14475,0.165,0.1245,0.0,cote_r -17.45,log_revenu -2.68,heures_travail -0.50
C010982,1,0.8593124999999999,0.868375,0.85025,0.0,cote_r +21.09,heures_travail -3.85,log_revenu +2.64
C012706,1,0.8821874999999999,0.898125,0.86625,0.0,cote_r +24.11,log_revenu -2.75,heures_travail +0.34
C005954,0,0.026750000000000003,0.0345,0.019,0.0,cote_r -31.85,heures_travail -3.01,log_revenu -2.34
C007380,0,0.225875,0.22925,0.2225,0.0,cote_r -13.47,log_revenu -3.08,heures_travail +2.02
C012654,1,0.800875,0.77725,0.8245,0.0,cote_r +14.03,log_revenu +7.90,heures_travail -3.85
C002320,0,0.49568749999999995,0.514875,0.4765,0.0,log_revenu -3.62,heures_travail +2.02,cote_r +0.93
C000352,0,0.5886875,0.553375,0.624,0.0,log_revenu +4.18,cote_r +2.59,heures_travail -0.50
C013387,0,0.5554375,0.626625,0.48425,0.0,log_revenu -6.99,cote_r +6.21,heures_travail +0.34
C011551,0,0.2651875,0.282125,0.24825,0.0,cote_r -10.51,heures_travail -3.01,log_revenu +0.91
C008340,1,0.6291249999999999,0.59275,0.6655,0.0,cote_r +4.49,log_revenu +3.80,heures_travail +0.34
C001617,0,0.4030625,0.360875,0.44525,0.0,cote_r -6.42,heures_travail +3.70,log_revenu +0.58
C007196,0,0.4544375,0.478375,0.4305,0.0,heures_travail -3.85,log_revenu +1.63,cote_r -0.67
C008655,0,0.09056249999999999,0.106625,0.0745,0.0,cote_r -22.31,log_revenu -3.91,heures_travail -0.50
C000274,0,0.3861875,0.381625,0.39075,0.0,cote_r -5.47,log_revenu +2.05,heures_travail -1.33
C007416,0,0.1231875,0.136125,0.11025,0.0,cote_r -19.58,log_revenu -2.07,heures_travail -1.33
C000185,1,0.8595625,0.895375,0.82375,0.0,cote_r +23.87,log_revenu -8.10,heures_travail +2.02
C002809,1,0.9748749999999999,0.980625,0.969125,0.0,cote_r +38.69,log_revenu -5.62,heures_travail +3.70
C008334,0,0.5671875,0.524125,0.61025,0.0,heures_travail +2.86,log_revenu +1.72,cote_r +1.35
C000391,0,0.2235625,0.270875,0.17625,0.0,cote_r -11.22,log_revenu -3.96,heures_travail -2.17
C010578,1,0.95375,0.95875,0.94875,0.0,cote_r +33.06,heures_travail -3.85,log_revenu +2.41
C013479,0,0.0688125,0.046375,0.09125,0.0,cote_r -29.48,log_revenu +4.20,prog_Genie +0.39
C010670,0,0.0476875,0.057625,0.03775,0.0,cote_r -27.70,heures_travail -4.69,log_revenu +0.55
C007007,1,0.8569374999999999,0.878875,0.835,0.0,cote_r +22.10,heures_travail -3.01,log_revenu -0.97
C007177,0,0.00125,0.00125,0.00125,0.0,cote_r -51.35,log_revenu -1.50,heures_travail -1.33
C008200,0,0.4125,0.3825,0.4425,0.0,cote_r -5.41,heures_travail +4.53,log_revenu -1.33
C008005,0,0.186875,0.1915,0.18225,0.0,cote_r -15.84,heures_travail -1.33,prog_Sante +0.29
C008058,1,0.9689375,0.979125,0.95875,0.0,cote_r +37.75,heures_travail -4.69,log_revenu +1.01
C007599,0,0.34575,0.4085,0.283,0.0,log_revenu -4.88,cote_r -4.17,heures_travail -2.17
C003909,0,0.21781250000000002,0.240875,0.19475,0.0,cote_r -12.76,log_revenu -3.60,heures_travail +0.34
C001071,0,0.2724375,0.264875,0.28,0.0,cote_r -11.58,heures_travail +8.73,log_revenu -8.17
C005531,0,0.3863125,0.293625,0.479,0.0,cote_r -9.68,heures_travail +7.89,log_revenu +1.32
C011626,0,0.039125,0.04175,0.0365,0.0,cote_r -30.31,heures_travail -7.20,log_revenu +5.74
C009378,0,0.18075,0.1845,0.177,0.0,cote_r -16.26,heures_travail -3.01,log_revenu +1.99
C008591,0,0.209625,0.239,0.18025,0.0,cote_r -12.82,heures_travail -3.01,log_revenu -1.10
C004950,1,0.647125,0.651,0.64325,0.0,cote_r +7.39,heures_travail -2.17,log_revenu +2.00
C004477,1,0.781875,0.80325,0.7605,0.0,cote_r +15.69,heures_travail -1.33,log_revenu -0.48
C013685,1,0.9339375000000001,0.928625,0.93925,0.0,cote_r +27.67,heures_travail +2.02,prog_Sciences +0.22
C012913,0,0.16693750000000002,0.170875,0.163,0.0,cote_r -17.03,heures_travail -1.33,prog_Sante +0.29
C001815,1,0.861875,0.88,0.84375,0.0,cote_r +22.15,log_revenu -2.72,heures_travail -0.50
C011092,0,0.2840625,0.269875,0.29825,0.0,cote_r -11.28,log_revenu +3.07,heures_travail -2.17
C008990,0,0.37606249999999997,0.339875,0.41225,0.0,cote_r -7.37,heures_travail +2.02,log_revenu +1.54
C008998,0,0.3856875,0.418125,0.35325,0.0,cote_r -3.75,log_revenu -2.66,heures_travail -0.50
C006355,0,0.22625,0.22375,0.22875,0.0,cote_r -13.77,heures_travail -2.17,log_revenu +1.52
C008605,0,0.013125,0.011,0.01525,0.0,cote_r -39.85,log_revenu +3.57,heures_travail -3.01
C012001,0,0.207375,0.18825,0.2265,0.0,cote_r -16.02,log_revenu +1.63,heures_travail +0.34
C004464,0,0.51675,0.53,0.5035,0.0,heures_travail -2.17,cote_r +1.64,log_revenu +0.79
C009570,1,0.9728749999999999,0.97275,0.973,0.0,cote_r +36.20,log_revenu +4.69,heures_travail -3.01
C010536,0,0.336375,0.39225,0.2805,0.0,cote_r -4.94,heures_travail -3.85,log_revenu -2.57
C008338,1,0.8660625,0.823125,0.909,0.0,cote_r +17.35,log_revenu +7.09,heures_travail +1.18
C012561,0,0.167125,0.15525,0.179,0.0,cote_r -18.04,heures_travail +2.02,log_revenu -0.73
C005425,1,0.7538125,0.716625,0.791,0.0,cote_r +10.77,log_revenu +3.90,heures_travail +1.18
C011408,0,0.588625,0.604,0.57325,0.0,cote_r +5.02,heures_travail -3.01,log_revenu +1.75
C009837,0,0.282125,0.29025,0.274,0.0,cote_r -9.86,heures_travail -2.17,log_revenu +0.76
C009132,0,0.41137499999999994,0.5005,0.32225,0.0,log_revenu -4.79,heures_travail -3.85,cote_r +0.34
C008912,0,0.48043749999999996,0.455875,0.505,0.0,log_revenu +5.28,heures_travail -3.01,cote_r -1.74
C004716,0,0.160875,0.1895,0.13225,0.0,cote_r -15.96,heures_travail -3.85,log_revenu -0.75
C005505,1,0.7288125,0.737875,0.71975,0.0,cote_r +11.96,log_revenu -4.50,heures_travail +3.70
C002752,0,0.06775,0.08675,0.04875,0.0,cote_r -24.26,heures_travail -4.69,log_revenu -0.95
C012381,1,0.8766875000000001,0.880875,0.8725,0.0,cote_r +22.27,heures_travail -3.01,log_revenu +2.69
C004459,1,0.928125,0.9265,0.92975,0.0,cote_r +27.49,log_revenu +3.52,heures_travail -2.17
C010655,1,0.655125,0.644,0.66625,0.0,cote_r +7.04,log_revenu +2.57,heures_travail -1.33
C008835,1,0.84375,0.882,0.8055,0.0,cote_r +22.39,log_revenu -3.25,heures_travail -2.17
C007658,0,0.5685,0.5005,0.6365,0.0,log_revenu +5.57,heures_travail +1.18,cote_r +0.34
C000762,0,0.579,0.56875,0.58925,0.0,cote_r +3.24,heures_travail +1.18,log_revenu +0.72
C006570,0,0.35287500000000005,0.3435,0.36225,0.0,cote_r -7.19,heures_travail +2.02,log_revenu -1.09
C010738,1,0.6586875,0.716625,0.60075,0.0,cote_r +10.77,heures_travail -3.85,log_revenu -1.46
C008590,0,0.44675,0.4675,0.426,0.0,log_revenu -2.12,cote_r -1.08,heures_travail +0.34
C011449,0,0.23756249999999998,0.192625,0.2825,0.0,cote_r -15.79,log_revenu +4.51,heures_travail +0.34
C013899,1,0.827,0.762,0.892,0.0,cote_r +13.14,heures_travail +7.89,log_revenu +2.98
C008515,0,0.18462499999999998,0.1845,0.18475,0.0,cote_r -16.26,log_revenu -1.28,heures_travail +1.18
C009476,0,0.53425,0.511,0.5575,0.0,log_revenu +5.28,heures_travail -3.01,cote_r +0.75
C011012,0,0.5111875,0.448625,0.57375,0.0,heures_travail +6.21,cote_r -2.03,log_revenu -0.48
C001049,0,0.17175,0.12375,0.21975,0.0,cote_r -20.65,log_revenu +4.45,heures_travail +1.18
C004099,0,0.40575,0.44075,0.37075,0.0,log_revenu -4.42,cote_r -2.39,heures_travail +1.18
C013487,0,0.32318749999999996,0.333875,0.3125,0.0,cote_r -7.60,log_revenu -2.72,heures_travail +1.18
C002700,0,0.467125,0.45375,0.4805,0.0,log_revenu +5.04,heures_travail -3.85,cote_r -1.85
C012663,0,0.3043125,0.250875,0.35775,0.0,cote_r -12.17,heures_travail +7.05,log_revenu -1.80
C012400,1,0.734875,0.7455,0.72425,0.0,cote_r +12.37,log_revenu -1.51,prog_Genie +0.39
C000052,0,0.18625,0.17725,0.19525,0.0,cote_r -16.67,log_revenu +1.55,heures_travail -0.50
C002968,0,0.39712499999999995,0.44075,0.3535,0.0,log_revenu -7.80,heures_travail +3.70,cote_r -2.39
C008422,0,0.46806250000000005,0.417125,0.519,0.0,log_revenu +6.38,cote_r -3.81,heures_travail -1.33
C013074,1,0.7886875,0.799375,0.778,0.0,cote_r +15.51,heures_travail -2.17,log_revenu +1.50
C010422,0,0.3636875,0.311375,0.416,0.0,cote_r -8.67,log_revenu +3.70,heures_travail +1.18
C009020,0,0.5621875000000001,0.602875,0.5215,0.0,cote_r +4.96,log_revenu -4.29,heures_travail +1.18
C010449,1,0.8146875,0.819125,0.81025,0.0,cote_r +16.88,log_revenu +0.72,heures_travail -0.50
C005322,0,0.570125,0.653,0.48725,0.0,cote_r +7.51,log_revenu -7.36,heures_travail -0.50
C010563,1,0.717125,0.654,0.78025,0.0,cote_r +7.57,heures_travail +7.05,prog_Sciences +0.22
C012928,0,0.36275,0.3705,0.355,0.0,cote_r -6.00,log_revenu -3.25,heures_travail +2.86
C013935,0,0.06643750000000001,0.064625,0.06825,0.0,cote_r -26.99,log_revenu -4.27,heures_travail +3.70
C013439,0,0.12643749999999998,0.132125,0.12075,0.0,cote_r -19.88,heures_travail -1.33,log_revenu -0.44
C003925,0,0.527875,0.5165,0.53925,0.0,log_revenu +3.04,heures_travail -1.33,cote_r +0.99
C003091,0,0.18562499999999998,0.1195,0.25175,0.0,cote_r -21.06,heures_travail +7.89,log_revenu +0.92
C007935,0,0.3119375,0.293625,0.33025,0.0,cote_r -9.68,heures_travail +1.18,log_revenu +0.53
C011694,0,0.07250000000000001,0.101,0.044,0.0,cote_r -22.90,heures_travail -4.69,log_revenu -3.61
C008211,1,0.910875,0.909,0.91275,0.0,cote_r +25.24,log_revenu +2.29,heures_travail -1.33
C009820,1,0.9762500000000001,0.976625,0.975875,0.0,cote_r +36.92,log_revenu +2.71,heures_travail -1.33
C008969,0,0.07475,0.095,0.0545,0.0,cote_r -23.43,heures_travail -3.85,log_revenu -2.07
C012208,1,0.863,0.882,0.844,0.0,cote_r +22.39,heures_travail -2.17,log_revenu -1.25
C004729,0,0.2536875,0.240875,0.2665,0.0,cote_r -12.76,heures_travail +2.02,log_revenu -0.90
C002047,0,0.2890625,0.272875,0.30525,0.0,cote_r -11.10,log_revenu +2.09,heures_travail -0.50
C005663,1,0.8380000000000001,0.8445,0.8315,0.0,cote_r +18.95,log_revenu -0.96,heures_travail +0.34
C013203,0,0.1264375,0.114375,0.1385,0.0,cote_r -21.54,heures_travail +2.86,log_revenu -1.46
C013218,0,0.197,0.1505,0.2435,0.0,cote_r -18.39,log_revenu +5.13,heures_travail +0.34
C009480,0,0.1858125,0.181625,0.19,0.0,cote_r -16.44,heures_travail +1.18,log_revenu -1.03
C010633,1,0.73275,0.75375,0.71175,0.0,cote_r +12.73,log_revenu -1.52,heures_travail -0.50
C009315,1,0.929,0.9045,0.9535,0.0,cote_r +24.82,log_revenu +4.87,heures_travail +2.86
C010041,1,0.991375,0.991,0.99175,0.0,cote_r +45.21,log_revenu -1.05,heures_travail -0.50
C000792,0,0.400875,0.3195,0.48225,0.0,cote_r -8.20,log_revenu +7.93,heures_travail -0.50
C000841,0,0.35231250000000003,0.357625,0.347,0.0,cote_r -6.54,heures_travail -0.50,prog_Sante +0.29
C013130,0,0.39356250000000004,0.418125,0.369,0.0,cote_r -3.75,log_revenu -1.69,heures_travail -0.50
C010043,1,0.932375,0.95825,0.9065,0.0,cote_r +33.00,log_revenu -6.91,heures_travail -0.50
C002625,0,0.11256250000000001,0.094375,0.13075,0.0,cote_r -23.49,heures_travail +2.86,prog_Sciences +0.22
C005033,0,0.0595,0.0475,0.0715,0.0,cote_r -29.18,heures_travail +1.18,log_revenu +0.84
C012331,0,0.15875,0.17875,0.13875,0.0,cote_r -16.62,log_revenu -3.44,heures_travail +0.34
C008556,1,0.80275,0.84525,0.76025,0.0,cote_r +19.01,heures_travail -4.69,log_revenu -0.80
C007925,1,0.8336874999999999,0.798375,0.869,0.0,cote_r +15.46,log_revenu +3.70,heures_travail +2.86
C011192,1,0.9373125,0.939875,0.93475,0.0,cote_r +29.56,log_revenu -0.70,heures_travail +0.34
C002580,0,0.014624999999999999,0.0155,0.01375,0.0,cote_r -38.25,heures_travail -1.33,prog_Genie -0.11
C002570,0,0.206375,0.2145,0.19825,0.0,cote_r -14.48,log_revenu -3.02,heures_travail +2.02
C010817,0,0.39349999999999996,0.4295,0.3575,0.0,log_revenu -6.30,cote_r -2.98,heures_travail +2.86
C008132,0,0.27249999999999996,0.239,0.306,0.0,cote_r -12.82,log_revenu +2.14,heures_travail +1.18
C010773,0,0.3001875,0.318125,0.28225,0.0,cote_r -8.32,heures_travail -2.17,log_revenu -0.72
C005535,1,0.615125,0.60975,0.6205,0.0,cote_r +5.26,heures_travail +2.86,log_revenu -1.72
C001346,0,0.060062500000000005,0.066875,0.05325,0.0,cote_r -26.69,heures_travail -3.85,log_revenu +0.71
C013642,1,0.6823125,0.677875,0.68675,0.0,cote_r +8.70,log_revenu +0.85,heures_travail +0.34
C002096,1,0.8185625,0.816125,0.821,0.0,cote_r +16.64,heures_travail +2.02,log_revenu -0.79
C013146,0,0.055,0.05525,0.05475,0.0,cote_r -28.00,heures_travail -2.17,log_revenu +0.63
C008121,0,0.558875,0.56475,0.553,0.0,log_revenu -4.20,heures_travail +3.70,cote_r +3.13
C003356,1,0.84975,0.80425,0.89525,0.0,cote_r +15.75,heures_travail +5.37,log_revenu +3.34
C001412,0,0.15587499999999999,0.18825,0.1235,0.0,cote_r -16.02,log_revenu -4.55,heures_travail -0.50
C008631,0,0.5523125,0.572625,0.532,0.0,log_revenu -4.36,cote_r +3.54,heures_travail +2.86
C002420,0,0.0294375,0.037375,0.0215,0.0,cote_r -31.50,heures_travail -3.01,log_revenu -1.80
C007341,0,0.510875,0.529,0.49275,0.0,heures_travail -2.17,cote_r +1.58,log_revenu +0.49
C007601,0,0.14700000000000002,0.1535,0.1405,0.0,cote_r -18.22,log_revenu -0.77,heures_travail -0.50
C009297,1,0.6023125,0.664125,0.5405,0.0,cote_r +7.99,heures_travail -3.85,log_revenu -1.94
C003505,0,0.5310625,0.583625,0.4785,0.0,cote_r +3.96,heures_travail -3.01,log_revenu -1.79
C008977,1,0.778875,0.83275,0.725,0.0,cote_r +18.00,log_revenu -4.36,heures_travail -2.17
C008946,0,0.5253125,0.461625,0.589,0.0,log_revenu +4.24,heures_travail +2.02,cote_r -1.44
C013639,1,0.7561875,0.760375,0.752,0.0,cote_r +13.08,log_revenu +4.89,heures_travail -4.69
C005380,0,0.07775,0.076,0.0795,0.0,cote_r -25.39,heures_travail -6.36,log_revenu +5.39
C011340,0,0.45906250000000004,0.457625,0.4605,0.0,cote_r -1.68,heures_travail +0.34,prog_Sciences +0.22
C012993,0,0.2615625,0.302125,0.221,0.0,cote_r -9.15,heures_travail -3.01,log_revenu -2.22
C008212,0,0.25275,0.25925,0.24625,0.0,cote_r -11.81,heures_travail -0.50,log_revenu -0.48
C001993,0,0.1336875,0.095375,0.172,0.0,cote_r -23.37,log_revenu +2.96,heures_travail +2.86
C010290,0,0.00125,0.001,0.0015,0.0,cote_r -52.90,heures_travail -0.50,prog_Sciences +0.22
C002011,1,0.6395625,0.634375,0.64475,0.0,cote_r +6.56,log_revenu +3.30,heures_travail -2.17
C000300,0,0.0874375,0.061625,0.11325,0.0,cote_r -27.35,log_revenu +3.63,heures_travail +1.18
C010509,1,0.6216875,0.617125,0.62625,0.0,cote_r +5.67,log_revenu +2.85,heures_travail -2.17
C003975,0,0.23531249999999998,0.235125,0.2355,0.0,cote_r -13.06,heures_travail -0.50,log_revenu -0.35
C008924,1,0.80775,0.80325,0.81225,0.0,cote_r +15.69,log_revenu +4.16,heures_travail -3.01
C002486,1,0.7355,0.79325,0.67775,0.0,cote_r +15.10,log_revenu -3.79,heures_travail -2.17
C001157,1,0.7441875,0.717875,0.7705,0.0,cote_r +10.83,heures_travail +4.53,log_revenu -1.32
C010205,0,0.235375,0.26725,0.2035,0.0,cote_r -11.46,log_revenu -2.52,heures_travail -1.33
C005093,0,0.56025,0.5605,0.56,0.0,cote_r +2.95,log_revenu +1.68,heures_travail -1.33
C009233,1,0.9743125,0.97875,0.969875,0.0,cote_r +37.51,heures_travail -2.17,log_revenu +1.62
C008586,0,0.47043749999999995,0.438375,0.5025,0.0,log_revenu +5.92,heures_travail -3.01,cote_r -2.51
C012116,0,0.0139375,0.011625,0.01625,0.0,cote_r -39.74,log_revenu +1.50,heures_travail -0.50
C003872,1,0.9922500000000001,0.99275,0.99175,0.0,cote_r +47.11,heures_travail -2.17,log_revenu -0.80
C013761,0,0.1043125,0.126125,0.0825,0.0,cote_r -20.53,log_revenu -2.75,heures_travail -2.17
C009667,1,0.9136249999999999,0.92975,0.8975,0.0,cote_r +27.90,heures_travail -2.17,log_revenu -1.08
C001375,1,0.6938124999999999,0.710375,0.67725,0.0,cote_r +10.48,heures_travail -1.33,log_revenu -0.42
C007188,1,0.748625,0.7135,0.78375,0.0,cote_r +10.65,heures_travail +2.86,log_revenu +1.60
C008885,0,0.473375,0.44075,0.506,0.0,log_revenu +5.14,cote_r -2.39,heures_travail -2.17
C001909,0,0.5419375,0.522375,0.5615,0.0,log_revenu +4.62,heures_travail -2.17,cote_r +1.29
C008138,0,0.4624375,0.519625,0.40525,0.0,log_revenu -3.15,heures_travail -2.17,cote_r +1.11
C011578,0,0.138875,0.1295,0.14825,0.0,cote_r -20.11,heures_travail +4.53,log_revenu -3.25
C007730,0,0.222875,0.205,0.24075,0.0,cote_r -15.01,heures_travail +2.86,log_revenu -1.26
C010453,0,0.2225625,0.249125,0.196,0.0,cote_r -12.29,heures_travail -4.69,log_revenu +0.88
C003389,0,0.19825,0.19975,0.19675,0.0,cote_r -15.25,heures_travail -3.85,log_revenu +2.84
C002655,0,0.5509375,0.547125,0.55475,0.0,cote_r +2.30,log_revenu +1.51,heures_travail -0.50
C012294,0,0.5088125,0.442625,0.575,0.0,log_revenu +8.54,cote_r -2.33,heures_travail -2.17
C003844,0,0.4084375,0.378125,0.43875,0.0,cote_r -5.65,heures_travail +2.02,log_revenu +1.29
C013750,1,0.94475,0.94525,0.94425,0.0,cote_r +30.45,heures_travail +0.34,prog_Sciences +0.22
C004148,0,0.41925,0.39375,0.44475,0.0,cote_r -4.88,heures_travail +3.70,log_revenu -0.94
C011384,0,0.3766875,0.360875,0.3925,0.0,cote_r -6.42,log_revenu +4.43,heures_travail -3.01
C007152,1,0.977,0.980625,0.973375,0.0,cote_r +38.69,heures_travail -3.85,log_revenu +2.97
C012153,0,0.4356875,0.457625,0.41375,0.0,log_revenu -2.43,cote_r -1.68,heures_travail +0.34
C009299,0,0.2643125,0.229875,0.29875,0.0,cote_r -13.41,heures_travail +2.02,log_revenu +1.09
C006973,1,0.7016249999999999,0.708,0.69525,0.0,cote_r +10.36,heures_travail -2.17,log_revenu +1.97
C004858,0,0.0899375,0.074625,0.10525,0.0,cote_r -25.63,heures_travail +3.70,log_revenu -1.50
C013470,0,0.117125,0.128,0.10625,0.0,cote_r -20.29,heures_travail -2.17,log_revenu -0.55
C011254,1,0.6543125,0.552125,0.7565,0.0,heures_travail +10.40,cote_r +2.53,prog_Sante +0.29
C003572,0,0.5339375,0.533875,0.534,0.0,cote_r +1.82,log_revenu +0.86,heures_travail -0.50
C008849,0,0.388125,0.4525,0.32375,0.0,log_revenu -4.29,heures_travail -2.17,cote_r -1.91
C012628,0,0.252,0.22275,0.28125,0.0,cote_r -13.89,heures_travail +3.70,log_revenu -0.55
C007461,0,0.437,0.4205,0.4535,0.0,cote_r -3.51,log_revenu +1.68,heures_travail +0.34
C001783,0,0.5175624999999999,0.547125,0.488,0.0,cote_r +2.30,log_revenu -1.98,heures_travail -0.50
C005947,1,0.7996875,0.787875,0.8115,0.0,cote_r +14.68,log_revenu +5.84,heures_travail -3.85
C011982,1,0.7919375,0.785875,0.798,0.0,cote_r +14.57,log_revenu +2.15,heures_travail -0.50
C013681,0,0.25825,0.24275,0.27375,0.0,cote_r -12.70,log_revenu +0.80,heures_travail +0.34
C001447,0,0.05462500000000001,0.03925,0.07,0.0,cote_r -31.08,log_revenu +7.60,heures_travail -3.85
C010194,1,0.6256875,0.531875,0.7195,0.0,log_revenu +5.74,heures_travail +3.70,cote_r +1.70
C007192,0,0.521375,0.48025,0.5625,0.0,heures_travail +2.86,log_revenu +1.54,cote_r -0.61
C011202,1,0.68175,0.708,0.6555,0.0,cote_r +10.36,heures_travail -1.33,log_revenu -0.94
C006066,0,0.447125,0.521,0.37325,0.0,log_revenu -4.07,heures_travail -3.01,cote_r +1.17
C005150,1,0.7729375,0.760375,0.7855,0.0,cote_r +13.08,log_revenu +4.05,heures_travail -2.17
C012454,1,0.6170625000000001,0.599875,0.63425,0.0,cote_r +4.84,heures_travail +2.86,log_revenu -0.96
C003167,0,0.063875,0.08175,0.046,0.0,cote_r -24.62,log_revenu -3.68,heures_travail -2.17
C003752,1,0.9506875,0.954125,0.94725,0.0,cote_r +32.00,heures_travail -4.69,log_revenu +3.95
C011152,0,0.42475,0.4445,0.405,0.0,cote_r -2.27,heures_travail -2.17,prog_Genie +0.39
C013390,0,0.3848125,0.389375,0.38025,0.0,cote_r -5.12,log_revenu -2.99,heures_travail +2.86
C004138,0,0.4195625,0.373375,0.46575,0.0,cote_r -5.89,heures_travail +3.70,log_revenu +1.10
C008625,0,0.170375,0.18225,0.1585,0.0,cote_r -16.38,heures_travail -3.01,log_revenu +1.22
C004258,0,0.1486875,0.137125,0.16025,0.0,cote_r -19.52,heures_travail +2.86,log_revenu -1.35
C003480,1,0.6338125,0.591625,0.676,0.0,heures_travail +6.21,cote_r +4.43,log_revenu -1.81
C008840,0,0.17675000000000002,0.18625,0.16725,0.0,cote_r -16.14,log_revenu -1.40,heures_travail -0.50
C004649,0,0.2079375,0.207875,0.208,0.0,cote_r -14.90,log_revenu -5.23,heures_travail +4.53
C004732,0,0.446,0.4525,0.4395,0.0,log_revenu -3.01,heures_travail +2.86,cote_r -1.91
C010922,1,0.88975,0.91775,0.86175,0.0,cote_r +26.24,heures_travail -3.85,log_revenu -1.42
C005753,1,0.8349375,0.841125,0.82875,0.0,cote_r +18.66,heures_travail -3.01,log_revenu +2.44
C004935,1,0.6694375,0.677875,0.661,0.0,cote_r +8.70,log_revenu -5.77,heures_travail +5.37
C010498,1,0.6331875,0.634375,0.632,0.0,cote_r +6.56,log_revenu +2.47,heures_travail -2.17
C004717,0,0.3254375,0.330625,0.32025,0.0,cote_r -7.72,heures_travail -3.01,log_revenu +1.92
C004145,0,0.3858125,0.450625,0.321,0.0,log_revenu -7.03,cote_r -1.97,heures_travail +0.34
C002751,1,0.8774375,0.872375,0.8825,0.0,cote_r +21.50,log_revenu +5.65,heures_travail -3.85
C013228,1,0.9686874999999999,0.960625,0.97675,0.0,cote_r +33.42,log_revenu +3.07,heures_travail +2.02
C010615,1,0.67075,0.6225,0.719,0.0,cote_r +5.91,heures_travail +4.53,log_revenu +0.91
C000466,1,0.7625625,0.780125,0.745,0.0,cote_r +14.21,heures_travail -3.01,log_revenu +1.79
C003426,0,0.4930625,0.522375,0.46375,0.0,heures_travail -2.17,cote_r +1.29,log_revenu -0.65
C007495,0,0.5395000000000001,0.57825,0.50075,0.0,heures_travail -4.69,cote_r +3.78,log_revenu +1.67
C005629,0,0.350875,0.38375,0.318,0.0,cote_r -5.35,log_revenu -3.96,prog_Genie +0.39
C002983,0,0.5196875,0.442625,0.59675,0.0,heures_travail +7.05,cote_r -2.33,prog_Genie +0.39
C012391,1,0.9866874999999999,0.981625,0.99175,0.0,cote_r +39.05,log_revenu +5.61,heures_travail -2.17
C001752,0,0.523,0.45875,0.58725,0.0,log_revenu +5.19,cote_r -1.62,heures_travail +1.18
C000301,0,0.089,0.07925,0.09875,0.0,cote_r -25.03,log_revenu +0.65,heures_travail +0.34
C011394,0,0.23531249999999998,0.289875,0.18075,0.0,cote_r -9.92,heures_travail -3.85,log_revenu -3.11
C013875,1,0.99075,0.98975,0.99175,0.0,cote_r +44.44,log_revenu +5.30,heures_travail -1.33
C002879,1,0.7200625,0.691125,0.749,0.0,cote_r +9.35,log_revenu +5.42,heures_travail -1.33
C011156,0,0.225375,0.23275,0.218,0.0,cote_r -13.18,heures_travail -3.01,log_revenu +1.12
C010990,1,0.6475625,0.647625,0.6475,0.0,cote_r +7.22,heures_travail -0.50,log_revenu +0.48
C008565,0,0.5316875,0.556375,0.507,0.0,cote_r +2.77,log_revenu -2.21,heures_travail +0.34
C002317,0,0.5163125,0.614625,0.418,0.0,cote_r +5.50,heures_travail -4.69,log_revenu -4.43
C008665,0,0.4965,0.499,0.494,0.0,heures_travail -1.33,log_revenu +1.00,cote_r +0.28
C003486,0,0.24025000000000002,0.30875,0.17175,0.0,cote_r -8.79,heures_travail -5.53,log_revenu -3.11
C002506,1,0.6678124999999999,0.735625,0.6,0.0,cote_r +11.84,log_revenu -5.95,heures_travail -0.50
C002457,1,0.8370625,0.850625,0.8235,0.0,cote_r +19.61,heures_travail -3.85,log_revenu +2.21
C013414,1,0.70775,0.6305,0.785,0.0,log_revenu +8.23,cote_r +6.39,prog_Genie +0.39
C007214,1,0.8376250000000001,0.8085,0.86675,0.0,cote_r +16.05,log_revenu +4.25,heures_travail +1.18
C001246,0,0.038625,0.0325,0.04475,0.0,cote_r -32.27,heures_travail +5.37,log_revenu -4.24
C002371,0,0.223375,0.17875,0.268,0.0,cote_r -16.62,log_revenu +2.79,heures_travail +2.02
C010389,0,0.3415625,0.364125,0.319,0.0,cote_r -6.30,log_revenu -6.01,heures_travail +3.70
C008163,0,0.0075625,0.007625,0.0075,0.0,cote_r -43.29,log_revenu -2.17,heures_travail +0.34
C007345,1,0.9470625,0.939875,0.95425,0.0,cote_r +29.56,log_revenu +4.47,heures_travail -1.33
C000276,1,0.7756875000000001,0.782375,0.769,0.0,cote_r +14.33,heures_travail -2.17,log_revenu +1.87
C002076,0,0.356875,0.366,0.34775,0.0,cote_r -6.24,log_revenu -2.00,heures_travail +1.18
C011324,0,0.060687500000000005,0.051125,0.07025,0.0,cote_r -28.71,log_revenu +2.11,heures_travail -0.50
C005958,1,0.688,0.5985,0.7775,0.0,log_revenu +5.45,cote_r +4.78,heures_travail +4.53
C001826,0,0.005,0.005,0.005,0.0,cote_r -45.90,log_revenu -3.02,heures_travail +1.18
C001266,0,0.4575,0.4395,0.4755,0.0,cote_r -2.45,heures_travail +2.02,premiere_generation -0.15
C004083,0,0.1293125,0.121125,0.1375,0.0,cote_r -20.94,log_revenu +0.75,heures_travail +0.34
C006979,1,0.8605,0.863,0.858,0.0,cote_r +20.55,log_revenu +1.54,heures_travail -1.33
C005785,1,0.9326875,0.921625,0.94375,0.0,cote_r +26.78,log_revenu +3.48,prog_Genie +0.39
C003567,0,0.0346875,0.019875,0.0495,0.0,cote_r -35.94,heures_travail +7.89,log_revenu -1.65
C013781,0,0.277625,0.3295,0.22575,0.0,cote_r -7.78,log_revenu -7.19,heures_travail +1.18
C007715,1,0.6071875,0.587875,0.6265,0.0,cote_r +4.19,heures_travail +2.02,prog_Genie +0.39
C013040,0,0.5359375,0.583625,0.48825,0.0,cote_r +3.96,log_revenu -3.56,heures_travail -0.50
C012623,0,0.509375,0.48025,0.5385,0.0,log_revenu +2.35,cote_r -0.61,heures_travail +0.34
C004835,1,0.8815625,0.833625,0.9295,0.0,cote_r +18.06,log_revenu +10.81,heures_travail -0.50
C013859,1,0.91875,0.929,0.9085,0.0,cote_r +27.79,heures_travail -1.33,log_revenu -0.67
C011223,1,0.8961250000000001,0.889,0.90325,0.0,cote_r +23.16,log_revenu +3.93,heures_travail -1.33
C005729,1,0.6868749999999999,0.708,0.66575,0.0,cote_r +10.36,log_revenu -3.08,heures_travail +1.18
C004349,0,0.0405,0.03925,0.04175,0.0,cote_r -31.08,heures_travail +2.86,log_revenu -2.66
C008319,1,0.6951875000000001,0.732875,0.6575,0.0,cote_r +11.72,heures_travail -3.01,log_revenu -0.58
C009923,0,0.2335625,0.328125,0.139,0.0,cote_r -7.84,log_revenu -7.32,heures_travail -4.69
C010461,0,0.3061875,0.357625,0.25475,0.0,heures_travail -7.20,cote_r -6.54,log_revenu +1.44
C013322,0,0.126,0.1195,0.1325,0.0,cote_r -21.06,log_revenu +1.21,heures_travail -0.50
C012118,0,0.435,0.47325,0.39675,0.0,log_revenu -3.42,cote_r -0.85,heures_travail -0.50
C007595,1,0.8688750000000001,0.90375,0.834,0.0,cote_r +24.76,log_revenu -7.97,heures_travail +2.02
C010263,0,0.3463125,0.326625,0.366,0.0,cote_r -7.90,heures_travail +3.70,log_revenu -2.27
C000562,1,0.643625,0.67475,0.6125,0.0,cote_r +8.58,log_revenu -6.25,heures_travail +3.70
C012132,1,0.74875,0.77725,0.72025,0.0,cote_r +14.03,heures_travail -2.17,log_revenu -0.45
C010709,0,0.0795625,0.072125,0.087,0.0,cote_r -26.04,log_revenu +1.27,heures_travail -0.50
C011734,0,0.1195,0.0895,0.1495,0.0,cote_r -23.97,heures_travail +3.70,log_revenu +1.10
C001625,0,0.0601875,0.043625,0.07675,0.0,cote_r -30.07,log_revenu +2.49,heures_travail +1.18
C008866,0,0.0845,0.0535,0.1155,0.0,cote_r -28.35,log_revenu +7.46,heures_travail -1.33
C013408,1,0.772375,0.7455,0.79925,0.0,cote_r +12.37,log_revenu +3.39,heures_travail +0.34
C006271,1,0.6785000000000001,0.684,0.673,0.0,cote_r +8.93,heures_travail -0.50,prog_Genie +0.39
C002744,0,0.1191875,0.138875,0.0995,0.0,cote_r -19.34,heures_travail -4.69,log_revenu +0.63
C003028,1,0.819375,0.846,0.79275,0.0,cote_r +19.07,heures_travail -2.17,log_revenu -1.16
C009860,0,0.22993750000000002,0.166625,0.29325,0.0,cote_r -17.33,log_revenu +5.50,heures_travail +1.18
C006647,0,0.0393125,0.024625,0.054,0.0,cote_r -34.58,heures_travail +8.73,log_revenu -3.51
C003851,0,0.207125,0.2605,0.15375,0.0,cote_r -11.75,heures_travail -8.04,log_revenu +1.15
C007074,0,0.195625,0.1915,0.19975,0.0,cote_r -15.84,heures_travail +2.86,log_revenu -2.27
C000508,1,0.6055625,0.607375,0.60375,0.0,cote_r +5.14,heures_travail +2.86,log_revenu -2.66
C002243,0,0.145125,0.17725,0.113,0.0,cote_r -16.67,heures_travail -5.53,prog_Sante +0.29
C005640,0,0.4355,0.487,0.384,0.0,heures_travail -3.01,log_revenu -2.04,cote_r -0.31
C011971,1,0.7526250000000001,0.791,0.71425,0.0,cote_r +14.92,heures_travail -7.20,log_revenu +3.17
C008144,0,0.20618750000000002,0.216875,0.1955,0.0,cote_r -14.30,heures_travail -2.17,prog_Genie +0.39
C007857,1,0.7791250000000001,0.80325,0.755,0.0,cote_r +15.69,heures_travail -1.33,log_revenu -1.20
C010010,1,0.9049375,0.909875,0.9,0.0,cote_r +25.30,heures_travail -0.50,log_revenu +0.34
C008050,1,0.8552500000000001,0.8615,0.849,0.0,cote_r +20.44,log_revenu -1.49,heures_travail +1.18
C004873,1,0.9379375,0.927875,0.948,0.0,cote_r +27.61,heures_travail +2.86,log_revenu +0.66
C011648,1,0.731375,0.73925,0.7235,0.0,cote_r +12.02,heures_travail -3.01,log_revenu +2.53
C010935,1,0.803875,0.802,0.80575,0.0,cote_r +15.63,heures_travail +2.02,log_revenu -0.59
C003160,1,0.7806875,0.780125,0.78125,0.0,cote_r +14.21,log_revenu +5.01,heures_travail -3.85
C006519,1,0.9156875,0.863625,0.96775,0.0,cote_r +20.61,heures_travail +11.24,log_revenu +4.65
C003997,1,0.7291875,0.760375,0.698,0.0,cote_r +13.08,heures_travail -2.17,log_revenu -0.58
C000168,0,0.4284375,0.495375,0.3615,0.0,log_revenu -3.33,heures_travail -3.01,prog_Genie -0.11
C010647,0,0.27918750000000003,0.289125,0.26925,0.0,cote_r -9.98,log_revenu -2.26,prog_Genie +0.39
C002645,0,0.218125,0.22925,0.207,0.0,cote_r -13.47,log_revenu -1.51,heures_travail -0.50
C000657,1,0.77725,0.792,0.7625,0.0,cote_r +15.04,heures_travail -2.17,log_revenu +0.59
C001515,0,0.46225,0.431,0.4935,0.0,log_revenu +5.02,cote_r -2.92,heures_travail -2.17
C000511,0,0.321,0.3195,0.3225,0.0,cote_r -8.20,heures_travail -0.50,log_revenu +0.39
C010400,0,0.48050000000000004,0.4965,0.4645,0.0,log_revenu -1.67,heures_travail +0.34,cote_r +0.16
C008715,1,0.6243125,0.591625,0.657,0.0,cote_r +4.43,log_revenu +2.16,heures_travail +1.18
C008435,0,0.027125,0.0305,0.02375,0.0,cote_r -33.10,heures_travail -2.17,log_revenu -0.50
C001067,1,0.80125,0.82025,0.78225,0.0,cote_r +17.06,log_revenu -1.56,heures_travail -0.50
C009282,1,0.7230625,0.759125,0.687,0.0,cote_r +13.03,heures_travail -3.01,log_revenu -0.81
C005426,0,0.405625,0.35175,0.4595,0.0,cote_r -6.83,heures_travail +5.37,prog_Genie +0.39
C002825,1,0.8343750000000001,0.808,0.86075,0.0,cote_r +15.99,heures_travail +2.86,log_revenu +2.35
C013375,1,0.9939375,0.996125,0.99175,0.0,cote_r +49.42,heures_travail +7.05,log_revenu -1.16
C008425,0,0.0445625,0.045375,0.04375,0.0,cote_r -29.72,log_revenu -1.23,heures_travail +0.34
C001171,0,0.17049999999999998,0.1765,0.1645,0.0,cote_r -16.73,heures_travail -3.85,log_revenu +2.31
C006039,0,0.169375,0.16975,0.169,0.0,cote_r -17.09,log_revenu -3.18,heures_travail +2.86
C007814,1,0.705125,0.73925,0.671,0.0,cote_r +12.02,log_revenu -4.84,heures_travail +1.18
C007943,1,0.759,0.75,0.768,0.0,cote_r +12.55,log_revenu +3.81,heures_travail -2.17
C002842,0,0.31662500000000005,0.29925,0.334,0.0,cote_r -9.32,log_revenu +0.97,prog_Genie +0.39
C006809,0,0.030875,0.023,0.03875,0.0,cote_r -35.29,log_revenu +2.27,heures_travail +1.18
C013165,0,0.2155625,0.168875,0.26225,0.0,cote_r -17.15,heures_travail +3.70,log_revenu +1.41
C001912,0,0.1656875,0.185375,0.146,0.0,cote_r -16.20,log_revenu -2.74,heures_travail -0.50
C006092,0,0.5098125,0.448625,0.571,0.0,heures_travail +4.53,cote_r -2.03,log_revenu +1.35
C004140,1,0.6746875,0.634375,0.715,0.0,cote_r +6.56,heures_travail +6.21,log_revenu -1.61
C009445,1,0.990875,0.99,0.99175,0.0,cote_r +44.80,log_revenu +3.60,heures_travail -2.17
C001133,0,0.4599375,0.508875,0.411,0.0,heures_travail -4.69,cote_r +0.64,prog_Genie +0.39
C008133,0,0.07675,0.10725,0.04625,0.0,cote_r -22.25,heures_travail -7.20,log_revenu -0.94
C009556,1,0.729625,0.722,0.73725,0.0,cote_r +11.13,log_revenu +1.50,heures_travail -0.50
C009986,1,0.8505,0.877,0.824,0.0,cote_r +21.92,heures_travail -5.53,log_revenu +1.59
C000443,0,0.2898125,0.230625,0.349,0.0,cote_r -13.36,heures_travail +3.70,log_revenu +2.93
C012511,1,0.6677500000000001,0.7485,0.587,0.0,cote_r +12.49,log_revenu -10.63,heures_travail +2.86
C000109,0,0.326875,0.342,0.31175,0.0,cote_r -7.25,log_revenu -2.30,heures_travail +0.34
C003598,0,0.21568749999999998,0.219625,0.21175,0.0,cote_r -14.07,log_revenu -2.98,heures_travail +2.02
C011461,0,0.32218749999999996,0.345875,0.2985,0.0,cote_r -7.07,heures_travail -4.69,log_revenu +1.67
C001976,1,0.63925,0.626,0.6525,0.0,cote_r +6.15,log_revenu +3.67,heures_travail -2.17
C006600,0,0.27631249999999996,0.276375,0.27625,0.0,cote_r -10.87,log_revenu -3.64,heures_travail +2.86
C008101,0,0.008875000000000001,0.00975,0.008,0.0,cote_r -40.57,log_revenu -2.82,heures_travail -1.33
C001253,1,0.79,0.79,0.79,0.0,cote_r +14.86,heures_travail +1.18,log_revenu -0.33
C009427,0,0.5870625,0.634375,0.53975,0.0,cote_r +6.56,heures_travail -3.85,log_revenu -0.56
C008726,0,0.3189375,0.369375,0.2685,0.0,cote_r -6.06,log_revenu -5.15,heures_travail -0.50
C000542,0,0.04975,0.0345,0.065,0.0,cote_r -31.85,heures_travail +2.02,log_revenu +1.64
C010042,1,0.72925,0.72375,0.73475,0.0,cote_r +11.19,log_revenu +2.05,heures_travail -0.50
C008709,0,0.50275,0.567,0.4385,0.0,heures_travail -5.53,cote_r +3.18,prog_Genie -0.11
C007789,0,0.4490625,0.547125,0.351,0.0,log_revenu -7.94,cote_r +2.30,heures_travail -1.33
C013936,1,0.9615,0.96575,0.95725,0.0,cote_r +34.78,log_revenu -1.58,heures_travail +0.34
C010946,0,0.15631250000000002,0.113875,0.19875,0.0,cote_r -21.60,log_revenu +3.93,heures_travail +2.02
C013287,0,0.1979375,0.172375,0.2235,0.0,cote_r -16.97,heures_travail +2.86,log_revenu -0.48
C010467,1,0.7530625,0.727125,0.779,0.0,cote_r +11.42,log_revenu +2.41,heures_travail +1.18
C010924,1,0.6211875,0.669625,0.57275,0.0,cote_r +8.28,heures_travail -2.17,log_revenu -1.87
C006739,1,0.9895625,0.987375,0.99175,0.0,cote_r +43.02,log_revenu -2.19,prog_Genie +0.39
C012046,1,0.8498125,0.827375,0.87225,0.0,cote_r +17.71,log_revenu +6.54,heures_travail -2.17
C000457,0,0.4748125,0.554625,0.395,0.0,log_revenu -5.37,cote_r +2.65,heures_travail -2.17
C005811,0,0.499625,0.4965,0.50275,0.0,heures_travail +2.02,log_revenu -1.59,prog_Sante +0.29
C005696,0,0.3838125,0.442625,0.325,0.0,log_revenu -3.30,heures_travail -3.01,cote_r -2.33
C007896,0,0.35524999999999995,0.32375,0.38675,0.0,cote_r -8.02,log_revenu +4.77,heures_travail -2.17
C001120,0,0.0744375,0.098125,0.05075,0.0,cote_r -23.14,log_revenu -11.62,heures_travail +4.53
C007268,0,0.237375,0.22925,0.2455,0.0,cote_r -13.47,heures_travail +0.34,prog_Sciences +0.22
C010210,1,0.7118125,0.731875,0.69175,0.0,cote_r +11.66,heures_travail -3.01,log_revenu +0.97
C010217,0,0.1953125,0.172375,0.21825,0.0,cote_r -16.97,heures_travail +2.02,log_revenu +0.31
C008976,1,0.7553125,0.770375,0.74025,0.0,cote_r +13.56,log_revenu -0.58,heures_travail -0.50
C006487,0,0.3365625,0.344625,0.3285,0.0,cote_r -7.13,heures_travail -5.53,log_revenu +4.07
C005211,0,0.4891875,0.518125,0.46025,0.0,heures_travail -1.33,log_revenu -1.09,cote_r +1.05
C011515,1,0.891875,0.85625,0.9275,0.0,cote_r +20.02,log_revenu +5.41,heures_travail +2.86
C008492,0,0.5575625,0.614625,0.5005,0.0,cote_r +5.50,log_revenu -4.51,heures_travail -0.50
C004354,1,0.830125,0.83275,0.8275,0.0,cote_r +18.00,heures_travail +0.34,log_revenu +0.16
C008536,1,0.7334375,0.782375,0.6845,0.0,cote_r +14.33,log_revenu -4.32,heures_travail -0.50
C003003,0,0.36412500000000003,0.3435,0.38475,0.0,cote_r -7.19,log_revenu +2.19,heures_travail -0.50
C011494,0,0.29000000000000004,0.258,0.322,0.0,cote_r -11.87,heures_travail +2.86,log_revenu +0.29
C012313,0,0.5876874999999999,0.615875,0.5595,0.0,cote_r +5.56,log_revenu -5.32,heures_travail +2.86
C011416,0,0.571125,0.56475,0.5775,0.0,cote_r +3.13,heures_travail +2.86,log_revenu -1.64
C011351,1,0.69925,0.654,0.7445,0.0,heures_travail +9.56,cote_r +7.57,log_revenu -3.96
C004111,0,0.2605,0.258,0.263,0.0,cote_r -11.87,log_revenu +0.58,heures_travail -0.50
C002216,0,0.3425625,0.269875,0.41525,0.0,cote_r -11.28,heures_travail +4.53,log_revenu +3.07
C012184,1,0.893,0.88825,0.89775,0.0,cote_r +23.10,log_revenu +2.10,heures_travail -0.50
C000467,0,0.005375,0.00425,0.0065,0.0,cote_r -46.26,heures_travail +2.02,log_revenu -1.43
C010245,1,0.7030624999999999,0.676125,0.73,0.0,cote_r +8.64,heures_travail +7.89,log_revenu -4.76
C012467,1,0.9859375,0.980125,0.99175,0.0,cote_r +38.52,log_revenu +5.35,heures_travail +0.34
C009568,0,0.0696875,0.090375,0.049,0.0,cote_r -23.85,log_revenu -6.57,heures_travail +0.34
C006040,1,0.6809375,0.652125,0.70975,0.0,cote_r +7.45,heures_travail +3.70,log_revenu -0.23
C011063,0,0.5066875,0.489375,0.524,0.0,log_revenu +2.03,heures_travail -0.50,prog_Genie +0.39
C006411,0,0.5945625000000001,0.602875,0.58625,0.0,cote_r +4.96,heures_travail -2.17,log_revenu +1.61
C010767,0,0.1625625,0.152375,0.17275,0.0,cote_r -18.28,heures_travail +1.18,log_revenu -0.31
C003818,1,0.9473125,0.957375,0.93725,0.0,cote_r +32.83,heures_travail -4.69,log_revenu +1.62
C008699,0,0.44643750000000004,0.414125,0.47875,0.0,cote_r -3.93,heures_travail +2.02,log_revenu +1.37
C004777,0,0.004,0.00275,0.00525,0.0,cote_r -48.21,log_revenu +1.99,heures_travail -1.33
C003621,1,0.6111875,0.658125,0.56425,0.0,cote_r +7.75,log_revenu -2.59,heures_travail -1.33
C006657,1,0.99325,0.99475,0.99175,0.0,cote_r +48.48,heures_travail +1.18,log_revenu -0.70
C001464,0,0.3475625,0.297875,0.39725,0.0,cote_r -9.38,log_revenu +6.01,heures_travail -1.33
C004797,1,0.6288125,0.576625,0.681,0.0,heures_travail +4.53,cote_r +3.72,log_revenu +1.11
C013073,0,0.3583125,0.337375,0.37925,0.0,cote_r -7.49,heures_travail +2.02,prog_Genie -0.11
C009263,0,0.18006250000000001,0.192625,0.1675,0.0,cote_r -15.79,log_revenu -1.72,heures_travail -0.50
C008678,1,0.783625,0.80425,0.763,0.0,cote_r +15.75,log_revenu -3.21,heures_travail +1.18
C006544,1,0.8794375,0.898625,0.86025,0.0,cote_r +24.17,heures_travail -3.01,prog_Sciences +0.22
C011603,0,0.16312500000000002,0.16825,0.158,0.0,cote_r -17.21,log_revenu -3.23,heures_travail +2.02
C008524,1,0.7869999999999999,0.74025,0.83375,0.0,cote_r +12.08,log_revenu +4.98,heures_travail +1.18
C008986,1,0.8176874999999999,0.805375,0.83,0.0,cote_r +15.81,heures_travail +5.37,log_revenu -3.15
C008571,1,0.7404999999999999,0.707,0.774,0.0,cote_r +10.24,log_revenu +3.97,heures_travail +0.34
C000962,0,0.179375,0.165,0.19375,0.0,cote_r -17.45,log_revenu +1.09,heures_travail +0.34
C000582,0,0.5798125000000001,0.576625,0.583,0.0,cote_r +3.72,heures_travail +2.86,log_revenu -1.76
C002800,0,0.5405625000000001,0.445375,0.63575,0.0,log_revenu +5.57,heures_travail +3.70,cote_r -2.21
C002114,1,0.749625,0.7425,0.75675,0.0,cote_r +12.20,heures_travail +6.21,log_revenu -5.34
C007313,0,0.0193125,0.020625,0.018,0.0,cote_r -35.70,log_revenu -2.93,heures_travail +0.34
C011371,0,0.5915625,0.581875,0.60125,0.0,log_revenu +5.79,heures_travail -4.69,cote_r +3.90
C003099,1,0.6888125,0.618625,0.759,0.0,heures_travail +7.05,cote_r +5.73,log_revenu +0.54
C011032,0,0.38725,0.3625,0.412,0.0,cote_r -6.36,log_revenu +1.59,heures_travail +1.18
C012395,0,0.3425625,0.376625,0.3085,0.0,cote_r -5.71,heures_travail -5.53,log_revenu +1.58
C005623,1,0.7134375,0.700875,0.726,0.0,cote_r +9.88,log_revenu +5.74,heures_travail -3.85
C005555,0,0.426125,0.4375,0.41475,0.0,heures_travail -3.85,log_revenu +2.73,cote_r -2.57
C012059,0,0.2208125,0.232125,0.2095,0.0,cote_r -13.24,log_revenu -3.50,heures_travail +1.18
C004357,0,0.2029375,0.207875,0.198,0.0,cote_r -14.90,heures_travail -1.33,log_revenu +0.46
C005445,0,0.28925,0.25675,0.32175,0.0,cote_r -11.93,log_revenu +2.22,heures_travail +1.18
C012360,0,0.3834375,0.414125,0.35275,0.0,cote_r -3.93,heures_travail -1.33,log_revenu -1.26
C004800,0,0.563,0.54475,0.58125,0.0,cote_r +2.18,heures_travail +1.18,log_revenu +1.03
C006429,1,0.7051875000000001,0.669625,0.74075,0.0,cote_r +8.28,heures_travail +7.89,log_revenu -3.68
C013480,0,0.32725000000000004,0.34875,0.30575,0.0,cote_r -6.95,heures_travail -4.69,log_revenu +1.64
C011361,0,0.27075,0.301,0.2405,0.0,cote_r -9.21,log_revenu -5.41,heures_travail +1.18
C000383,0,0.2839375,0.264875,0.303,0.0,cote_r -11.58,log_revenu +2.18,heures_travail -0.50
C009679,0,0.34462499999999996,0.3625,0.32675,0.0,cote_r -6.36,log_revenu -3.08,heures_travail +1.18
C012361,1,0.84825,0.85325,0.84325,0.0,cote_r +19.78,heures_travail -2.17,log_revenu +1.49
C010297,0,0.5154375,0.504375,0.5265,0.0,heures_travail +1.18,cote_r +0.46,prog_Genie +0.39
C001663,1,0.6836875,0.660625,0.70675,0.0,cote_r +7.87,log_revenu +5.17,heures_travail -2.17
C004293,0,0.4886875,0.481875,0.4955,0.0,heures_travail +3.70,log_revenu -3.16,cote_r -0.55
C010176,0,0.4685625,0.508875,0.42825,0.0,heures_travail -2.17,log_revenu -1.29,cote_r +0.64
C007151,1,0.6129374999999999,0.518125,0.70775,0.0,heures_travail +5.37,log_revenu +4.30,cote_r +1.05
C003857,1,0.59875,0.7135,0.484,0.0,cote_r +10.65,log_revenu -8.71,heures_travail -2.17
C003126,1,0.75775,0.63775,0.87775,0.0,heures_travail +8.73,log_revenu +7.24,cote_r +6.80
C013159,0,0.5145625,0.547125,0.482,0.0,cote_r +2.30,log_revenu -1.75,heures_travail -1.33
C008768,0,0.5045625,0.533875,0.47525,0.0,log_revenu -1.96,cote_r +1.82,heures_travail -0.50
C012359,0,0.5174375,0.476375,0.5585,0.0,log_revenu +3.23,cote_r -0.73,prog_Genie +0.39
C013616,1,0.7350625,0.727125,0.743,0.0,cote_r +11.42,heures_travail +3.70,log_revenu -1.98
C000652,1,0.9815625,0.988125,0.975,0.0,cote_r +43.26,log_revenu -3.27,heures_travail -2.17
C001425,0,0.3993125,0.350125,0.4485,0.0,heures_travail +8.73,cote_r -6.89,log_revenu -4.21
C006860,0,0.17125,0.1295,0.213,0.0,cote_r -20.11,heures_travail +3.70,log_revenu +1.22
C002091,1,0.7663125,0.702125,0.8305,0.0,cote_r +9.94,log_revenu +4.66,heures_travail +3.70
C012328,1,0.8845000000000001,0.90375,0.86525,0.0,cote_r +24.76,heures_travail -3.01,log_revenu -0.31
C008627,0,0.25575000000000003,0.247,0.2645,0.0,cote_r -12.41,log_revenu +3.23,heures_travail -2.17
C000114,1,0.698125,0.7295,0.66675,0.0,cote_r +11.54,heures_travail -3.85,log_revenu +0.53
C007779,0,0.5646249999999999,0.5075,0.62175,0.0,log_revenu +3.84,heures_travail +2.02,cote_r +0.58
C004259,0,0.13093749999999998,0.115625,0.14625,0.0,cote_r -21.36,heures_travail +2.02,prog_Sante +0.29
C013802,0,0.06075,0.08575,0.03575,0.0,cote_r -24.32,log_revenu -7.03,heures_travail -0.50
C005933,0,0.031,0.0345,0.0275,0.0,cote_r -31.85,log_revenu -7.05,heures_travail +4.53
C007922,1,0.9299999999999999,0.882625,0.977375,0.0,cote_r +22.57,log_revenu +8.44,heures_travail +7.89
C013784,1,0.60175,0.5755,0.628,0.0,cote_r +3.66,log_revenu +1.81,heures_travail +1.18
C002673,0,0.4281875,0.423875,0.4325,0.0,cote_r -3.34,log_revenu +1.05,heures_travail -0.50
C012077,1,0.6525624999999999,0.669625,0.6355,0.0,cote_r +8.28,heures_travail -4.69,log_revenu +3.22
C012571,0,0.271625,0.342,0.20125,0.0,cote_r -7.25,heures_travail -4.69,log_revenu -3.69
C006763,0,0.567,0.6225,0.5115,0.0,cote_r +5.91,heures_travail -4.69,log_revenu -0.37
C013012,1,0.8389375,0.823625,0.85425,0.0,cote_r +17.41,log_revenu +6.40,heures_travail -3.85
C013454,0,0.13074999999999998,0.1195,0.142,0.0,cote_r -21.06,log_revenu +1.03,heures_travail +0.34
C009489,1,0.8174375,0.812875,0.822,0.0,cote_r +16.40,log_revenu +0.97,heures_travail +0.34
C001421,1,0.6655,0.72375,0.60725,0.0,cote_r +11.19,log_revenu -3.32,heures_travail -2.17
C005760,0,0.403375,0.4205,0.38625,0.0,cote_r -3.51,log_revenu -1.20,heures_travail -0.50
C001675,1,0.8111250000000001,0.8615,0.76075,0.0,cote_r +20.44,log_revenu -7.72,heures_travail +1.18
C001028,0,0.3890625,0.337375,0.44075,0.0,cote_r -7.49,heures_travail +3.70,log_revenu +1.83
C006602,0,0.24206249999999999,0.194625,0.2895,0.0,cote_r -15.61,heures_travail +5.37,log_revenu -0.35
C004491,1,0.722,0.747,0.697,0.0,cote_r +12.43,log_revenu -1.92,heures_travail -0.50
C002315,0,0.30743750000000003,0.317125,0.29775,0.0,cote_r -8.38,log_revenu -3.81,heures_travail +2.02
C003978,0,0.57125,0.55875,0.58375,0.0,heures_travail +4.53,cote_r +2.89,log_revenu -2.79
C011744,1,0.7626875,0.682375,0.843,0.0,cote_r +8.88,heures_travail +8.73,log_revenu +1.75
C001286,1,0.856875,0.8465,0.86725,0.0,cote_r +19.19,log_revenu +4.41,heures_travail -2.17
C002070,0,0.4940625,0.571625,0.4165,0.0,heures_travail -3.85,cote_r +3.48,log_revenu -2.85
C011965,1,0.7609999999999999,0.74025,0.78175,0.0,cote_r +12.08,log_revenu +3.08,heures_travail -0.50
C000690,0,0.5820625,0.587875,0.57625,0.0,cote_r +4.19,heures_travail -0.50,prog_Genie +0.39
C009413,0,0.3843125,0.379375,0.38925,0.0,cote_r -5.59,heures_travail +2.02,log_revenu -1.74
C012876,0,0.4684375,0.415875,0.521,0.0,cote_r -3.87,heures_travail +2.86,log_revenu +2.36
C007984,0,0.382,0.43325,0.33075,0.0,heures_travail -3.01,cote_r -2.80,log_revenu -2.58
C013838,0,0.0614375,0.063625,0.05925,0.0,cote_r -27.11,heures_travail -2.17,log_revenu +0.62
C009161,1,0.7369375,0.719125,0.75475,0.0,cote_r +11.01,log_revenu +1.59,prog_Genie +0.39
C003074,0,0.030375,0.03175,0.029,0.0,cote_r -32.50,log_revenu -3.27,heures_travail +2.02
C005482,0,0.156875,0.162,0.15175,0.0,cote_r -17.62,log_revenu -1.64,heures_travail +0.34
C005793,0,0.3071875,0.386875,0.2275,0.0,log_revenu -7.39,cote_r -5.23,heures_travail -1.33
C002727,1,0.9009375,0.901125,0.90075,0.0,cote_r +24.47,heures_travail +3.70,log_revenu -3.14
C009580,0,0.10425000000000001,0.116,0.0925,0.0,cote_r -21.30,heures_travail -3.01,log_revenu -0.17
C013173,0,0.208375,0.20225,0.2145,0.0,cote_r -15.13,heures_travail +2.86,log_revenu -2.31
C006504,0,0.3561875,0.374625,0.33775,0.0,cote_r -5.83,log_revenu -3.26,heures_travail +1.18
C013743,1,0.61175,0.521,0.7025,0.0,heures_travail +6.21,log_revenu +3.03,cote_r +1.17
C008232,0,0.1214375,0.126125,0.11675,0.0,cote_r -20.53,heures_travail -3.01,log_revenu +1.41
C001984,0,0.3576875,0.390125,0.32525,0.0,cote_r -5.06,heures_travail -4.69,log_revenu +1.40
C009236,1,0.7530625,0.716625,0.7895,0.0,cote_r +10.77,heures_travail +3.70,log_revenu +1.26
C004760,0,0.5309999999999999,0.5555,0.5065,0.0,cote_r +2.71,log_revenu -1.85,heures_travail -0.50
C002789,0,0.546375,0.43475,0.658,0.0,log_revenu +6.28,heures_travail +4.53,cote_r -2.74
C007125,0,0.003375,0.002,0.00475,0.0,cote_r -49.81,log_revenu +2.35,heures_travail -0.50
C006769,1,0.9318124999999999,0.912125,0.9515,0.0,cote_r +25.65,log_revenu +5.21,heures_travail +1.18
C002073,0,0.237125,0.21525,0.259,0.0,cote_r -14.42,log_revenu +3.06,heures_travail -0.50
C008337,0,0.21737499999999998,0.24375,0.191,0.0,cote_r -12.64,heures_travail -5.53,log_revenu +2.19
C010528,0,0.372625,0.3435,0.40175,0.0,cote_r -7.19,log_revenu +4.04,heures_travail -1.33
C012418,1,0.822375,0.843,0.80175,0.0,cote_r +18.83,log_revenu -3.95,heures_travail +1.18
C013909,0,0.17262499999999997,0.20375,0.1415,0.0,cote_r -15.07,heures_travail -3.01,log_revenu -1.66
C000189,0,0.1099375,0.134125,0.08575,0.0,cote_r -19.70,heures_travail -3.85,log_revenu -2.05
C005507,0,0.18987500000000002,0.16425,0.2155,0.0,cote_r -17.50,log_revenu +2.94,heures_travail -0.50
C000560,0,0.264125,0.258,0.27025,0.0,cote_r -11.87,log_revenu +1.48,heures_travail -1.33
C003619,0,0.545875,0.56175,0.53,0.0,cote_r +3.01,heures_travail -2.17,log_revenu +0.93
C007870,1,0.62625,0.60975,0.64275,0.0,cote_r +5.26,log_revenu +2.19,heures_travail -0.50
C002087,1,0.7369375,0.765375,0.7085,0.0,cote_r +13.26,log_revenu -1.39,heures_travail -1.33
C011375,0,0.5346249999999999,0.5075,0.56175,0.0,log_revenu +5.04,heures_travail -2.17,cote_r +0.58
C007672,1,0.9685,0.94525,0.99175,0.0,cote_r +30.45,heures_travail +9.56,log_revenu +2.11
C008104,1,0.69075,0.684,0.6975,0.0,cote_r +8.93,heures_travail +1.18,prog_Genie -0.11
C012311,1,0.726625,0.722,0.73125,0.0,cote_r +11.13,log_revenu +1.26,heures_travail -0.50
C004692,1,0.8899375,0.898625,0.88125,0.0,cote_r +24.17,log_revenu -3.39,heures_travail +2.02
C001814,0,0.0116875,0.006375,0.017,0.0,cote_r -44.06,log_revenu +4.20,heures_travail +1.18
C003034,0,0.010312499999999999,0.008875,0.01175,0.0,cote_r -41.28,heures_travail +4.53,log_revenu -3.82
C013045,0,0.5943125,0.646375,0.54225,0.0,cote_r +7.16,log_revenu -7.08,heures_travail +2.02
C011398,1,0.9944999999999999,0.99725,0.99175,0.0,cote_r +52.98,heures_travail -7.20,log_revenu +1.28
C003471,0,0.198125,0.16325,0.233,0.0,cote_r -17.56,log_revenu +2.38,heures_travail +1.18
C003994,1,0.7931250000000001,0.8385,0.74775,0.0,cote_r +18.42,log_revenu -5.68,heures_travail +0.34
C000763,0,0.4573125,0.402875,0.51175,0.0,heures_travail +4.53,cote_r -4.40,log_revenu +1.14
C006746,1,0.6164375,0.696625,0.53625,0.0,cote_r +9.59,log_revenu -5.06,heures_travail -2.17
C004024,1,0.8320000000000001,0.83575,0.82825,0.0,cote_r +18.24,log_revenu -3.93,heures_travail +3.70
C003913,1,0.82625,0.83225,0.82025,0.0,cote_r +17.95,log_revenu -3.19,heures_travail +2.86
C011961,0,0.55175,0.662,0.4415,0.0,cote_r +7.93,log_revenu -5.40,heures_travail -4.69
C013424,1,0.6820625,0.771875,0.59225,0.0,cote_r +13.62,log_revenu -5.32,heures_travail -3.01
C012062,0,0.0444375,0.027875,0.061,0.0,cote_r -33.69,heures_travail +6.21,log_revenu -0.87
C007988,0,0.5225625,0.504375,0.54075,0.0,log_revenu +2.24,heures_travail -0.50,cote_r +0.46
C011352,1,0.961875,0.95875,0.965,0.0,cote_r +33.06,heures_travail +2.02,log_revenu +0.45
C013475,1,0.7028749999999999,0.747,0.65875,0.0,cote_r +12.43,heures_travail -5.53,log_revenu +1.02
C011701,0,0.34299999999999997,0.39375,0.29225,0.0,cote_r -4.88,log_revenu -4.19,heures_travail -1.33
C000327,0,0.08549999999999999,0.099,0.072,0.0,cote_r -23.08,log_revenu -2.56,heures_travail -1.33
C009323,0,0.0399375,0.046375,0.0335,0.0,cote_r -29.48,log_revenu -1.83,heures_travail -1.33
C013151,0,0.5854999999999999,0.56475,0.60625,0.0,heures_travail +3.70,cote_r +3.13,log_revenu -1.43
C007473,0,0.3243125,0.292375,0.35625,0.0,cote_r -9.74,heures_travail +2.02,log_revenu +1.16
C006379,1,0.927875,0.92025,0.9355,0.0,cote_r +26.60,log_revenu +2.14,prog_Genie +0.39
C012246,0,0.439125,0.511,0.36725,0.0,log_revenu -3.92,heures_travail -3.01,cote_r +0.75
C011158,1,0.7821875,0.766625,0.79775,0.0,cote_r +13.32,heures_travail +2.02,log_revenu +0.66
C005984,1,0.7,0.75,0.65,0.0,cote_r +12.55,heures_travail -3.01,log_revenu -1.57
C001980,0,0.2249375,0.245625,0.20425,0.0,cote_r -12.47,heures_travail -3.01,prog_Sciences +0.22
C005010,1,0.7359374999999999,0.771875,0.7,0.0,cote_r +13.62,log_revenu -2.07,heures_travail -1.33
C006659,0,0.0524375,0.049875,0.055,0.0,cote_r -28.95,heures_travail -0.50,log_revenu +0.31
C010832,0,0.071875,0.0625,0.08125,0.0,cote_r -27.23,log_revenu +5.24,heures_travail -3.85
C013019,1,0.78125,0.76375,0.79875,0.0,cote_r +13.20,heures_travail +2.86,prog_Genie +0.39
C006614,0,0.2928125,0.272875,0.31275,0.0,cote_r -11.10,heures_travail +1.18,log_revenu +0.46
C007174,0,0.18175000000000002,0.20225,0.16125,0.0,cote_r -15.13,log_revenu -2.39,heures_travail -0.50
C012620,1,0.7360625000000001,0.732875,0.73925,0.0,cote_r +11.72,prog_Genie +0.39,heures_travail +0.34
C004110,0,0.32175,0.31425,0.32925,0.0,cote_r -8.49,heures_travail +2.86,log_revenu -2.69
C013293,0,0.49268750000000006,0.522375,0.463,0.0,heures_travail -2.17,cote_r +1.29,log_revenu -0.59
C012606,1,0.8713124999999999,0.884375,0.85825,0.0,cote_r +22.75,log_revenu -1.58,heures_travail -0.50
C013960,1,0.848625,0.8605,0.83675,0.0,cote_r +20.38,heures_travail -4.69,log_revenu +2.91
C007953,1,0.7518125,0.691125,0.8125,0.0,cote_r +9.35,log_revenu +5.49,heures_travail +2.02
C013102,0,0.0724375,0.056125,0.08875,0.0,cote_r -27.94,log_revenu +4.47,heures_travail -1.33
C004378,1,0.6460625,0.632625,0.6595,0.0,cote_r +6.50,log_revenu +4.86,heures_travail -3.01
C007929,0,0.2771875,0.315625,0.23875,0.0,cote_r -8.43,heures_travail -3.01,log_revenu -2.08
C002113,1,0.6321875,0.639375,0.625,0.0,cote_r +6.86,heures_travail -1.33,log_revenu +0.85
C012179,0,0.3414375,0.347375,0.3355,0.0,cote_r -7.01,heures_travail -2.17,log_revenu +1.53
C005500,0,0.06225,0.08775,0.03675,0.0,cote_r -24.20,log_revenu -7.89,heures_travail +0.34
C006735,1,0.7511875,0.770375,0.732,0.0,cote_r +13.56,log_revenu -1.97,prog_Genie +0.39
C013555,1,0.8618125000000001,0.851875,0.87175,0.0,cote_r +19.66,log_revenu +5.15,heures_travail -3.01
C006914,1,0.7875624999999999,0.805375,0.76975,0.0,cote_r +15.81,log_revenu -1.92,heures_travail +0.34
C012206,0,0.22499999999999998,0.18625,0.26375,0.0,cote_r -16.14,heures_travail +4.53,log_revenu -0.29
C011397,1,0.8320624999999999,0.785875,0.87825,0.0,cote_r +14.57,log_revenu +5.34,heures_travail +2.86
C007312,0,0.22212500000000002,0.19975,0.2445,0.0,cote_r -15.25,log_revenu +2.44,heures_travail -0.50
C003081,1,0.8438125,0.780125,0.9075,0.0,cote_r +14.21,heures_travail +6.21,log_revenu +5.65
C008877,0,0.487375,0.48025,0.4945,0.0,heures_travail +1.18,log_revenu -0.67,cote_r -0.61
C006361,0,0.0281875,0.028375,0.028,0.0,cote_r -33.63,log_revenu -2.60,heures_travail +2.02
C006531,1,0.7714375,0.780125,0.76275,0.0,cote_r +14.21,log_revenu -1.68,heures_travail +1.18
C012985,0,0.22349999999999998,0.18075,0.26625,0.0,cote_r -16.50,log_revenu +3.52,heures_travail +1.18
C002163,1,0.655625,0.71225,0.599,0.0,cote_r +10.59,heures_travail -3.01,log_revenu -2.16
C010191,0,0.019062500000000003,0.017375,0.02075,0.0,cote_r -37.13,log_revenu +2.90,heures_travail -2.17
C000574,1,0.7251875000000001,0.696625,0.75375,0.0,cote_r +9.59,log_revenu +3.09,heures_travail +0.34
C009639,1,0.671875,0.653,0.69075,0.0,cote_r +7.51,heures_travail +1.18,log_revenu +1.11
C011247,1,0.9354374999999999,0.937375,0.9335,0.0,cote_r +29.03,heures_travail +1.18,log_revenu -1.11
C011041,0,0.48425,0.49225,0.47625,0.0,log_revenu -3.81,heures_travail +2.86,prog_Genie +0.39
C010214,0,0.4556875,0.423875,0.4875,0.0,log_revenu +3.42,cote_r -3.34,heures_travail -0.50
C011645,0,0.5168124999999999,0.528125,0.5055,0.0,cote_r +1.52,heures_travail -0.50,premiere_generation -0.15
C005566,1,0.8586875,0.827375,0.89,0.0,cote_r +17.71,log_revenu +5.21,heures_travail +1.18
C012253,0,0.25987499999999997,0.258,0.26175,0.0,cote_r -11.87,heures_travail +0.34,log_revenu -0.24
C003745,0,0.0844375,0.069125,0.09975,0.0,cote_r -26.34,log_revenu +6.93,heures_travail -4.69
C013530,1,0.66675,0.666,0.6675,0.0,cote_r +8.05,log_revenu +3.25,heures_travail -3.01
C003830,0,0.3439375,0.344625,0.34325,0.0,cote_r -7.13,heures_travail -1.33,log_revenu +1.25
C012248,1,0.9228125,0.932375,0.91325,0.0,cote_r +28.14,log_revenu -1.16,heures_travail -0.50
C010020,0,0.4193125,0.427125,0.4115,0.0,cote_r -3.16,heures_travail -1.33,log_revenu +0.94
C004403,1,0.7556875,0.778125,0.73325,0.0,cote_r +14.09,log_revenu -4.43,heures_travail +2.86
C009937,1,0.6871875000000001,0.718625,0.65575,0.0,cote_r +10.95,log_revenu -1.41,heures_travail -1.33
C012957,1,0.995,0.99825,0.99175,0.0,cote_r +55.17,heures_travail -3.85,log_revenu +2.12
C012790,1,0.615875,0.60575,0.626,0.0,cote_r +5.08,log_revenu +4.27,heures_travail -3.01
C007337,0,0.29225,0.284,0.3005,0.0,cote_r -10.39,heures_travail -3.85,log_revenu +3.81
C011031,0,0.29237500000000005,0.31025,0.2745,0.0,cote_r -8.73,heures_travail -2.17,log_revenu -0.59
C012676,1,0.9926875,0.993625,0.99175,0.0,cote_r +47.76,log_revenu -3.28,heures_travail +2.86
C012281,0,0.216125,0.254,0.17825,0.0,cote_r -12.05,log_revenu -2.98,heures_travail -2.17
C004420,1,0.910875,0.9055,0.91625,0.0,cote_r +24.94,log_revenu +3.76,heures_travail -2.17
C011947,0,0.0344375,0.027375,0.0415,0.0,cote_r -33.75,heures_travail +3.70,log_revenu -1.49
C001827,1,0.7535625,0.800625,0.7065,0.0,cote_r +15.57,log_revenu -4.23,heures_travail -0.50
C004784,0,0.341125,0.3625,0.31975,0.0,cote_r -6.36,heures_travail -3.01,log_revenu +0.46
C011244,1,0.981375,0.986,0.97675,0.0,cote_r +42.07,log_revenu -4.06,heures_travail +1.18
C013030,1,0.99575,0.99975,0.99175,0.0,cote_r +68.33,log_revenu +4.10,heures_travail +3.70
C011239,1,0.620125,0.585,0.65525,0.0,heures_travail +7.05,cote_r +4.01,log_revenu -3.01
C006635,0,0.212375,0.19775,0.227,0.0,cote_r -15.43,heures_travail +2.86,log_revenu -1.27
C007144,0,0.269625,0.3045,0.23475,0.0,cote_r -9.03,log_revenu -2.65,heures_travail -2.17
C000639,0,0.5001875,0.463375,0.537,0.0,log_revenu +3.93,cote_r -1.32,heures_travail -0.50
C005786,0,0.006625,0.00925,0.004,0.0,cote_r -40.92,log_revenu -5.12,heures_travail -3.01
C008694,1,0.965875,0.9645,0.96725,0.0,cote_r +34.66,log_revenu +1.55,heures_travail +0.34
C010112,1,0.8461875,0.878875,0.8135,0.0,cote_r +22.10,log_revenu -3.58,heures_travail -1.33
C001449,0,0.389,0.33875,0.43925,0.0,cote_r -7.43,heures_travail +4.53,prog_Genie +0.39
C001771,0,0.5351874999999999,0.524125,0.54625,0.0,log_revenu +2.42,cote_r +1.35,heures_travail -1.33
C013326,0,0.3298125,0.297875,0.36175,0.0,cote_r -9.38,log_revenu +2.69,heures_travail +0.34
C000899,0,0.4585,0.45975,0.45725,0.0,cote_r -1.56,heures_travail -1.33,log_revenu +1.22
C004226,0,0.48943749999999997,0.509875,0.469,0.0,heures_travail -3.01,log_revenu +1.61,cote_r +0.69
C000767,0,0.0848125,0.071375,0.09825,0.0,cote_r -26.10,heures_travail +6.21,log_revenu -3.93
C012669,0,0.575875,0.6015,0.55025,0.0,cote_r +4.90,log_revenu -3.74,heures_travail +2.02
C000770,0,0.5467500000000001,0.4545,0.639,0.0,log_revenu +7.53,cote_r -1.80,heures_travail +1.18
C011839,0,0.020874999999999998,0.016,0.02575,0.0,cote_r -38.08,log_revenu +2.58,heures_travail +0.34
C001308,0,0.3785625,0.344625,0.4125,0.0,cote_r -7.13,log_revenu +2.98,heures_travail +0.34
C004016,1,0.78075,0.76775,0.79375,0.0,cote_r +13.38,heures_travail +4.53,log_revenu -2.20
C009388,0,0.2456875,0.252125,0.23925,0.0,cote_r -12.11,log_revenu -0.72,heures_travail -0.50
C013081,1,0.6403125000000001,0.589375,0.69125,0.0,cote_r +4.31,log_revenu +3.05,heures_travail +2.02
C001601,0,0.5974375000000001,0.547125,0.64775,0.0,log_revenu +5.40,cote_r +2.30,heures_travail -0.50
C003630,1,0.84275,0.882,0.8035,0.0,cote_r +22.39,log_revenu -4.76,heures_travail -1.33
C001053,1,0.7956875,0.756875,0.8345,0.0,cote_r +12.91,heures_travail +3.70,log_revenu +1.64
C005065,1,0.6405,0.62325,0.65775,0.0,cote_r +5.97,log_revenu +1.48,heures_travail +0.34
C006426,0,0.39568749999999997,0.302125,0.48925,0.0,cote_r -9.15,log_revenu +5.37,heures_travail +3.70
C008465,1,0.8678125000000001,0.902375,0.83325,0.0,cote_r +24.58,log_revenu -5.05,heures_travail -1.33
C010635,1,0.977875,0.97525,0.9805,0.0,cote_r +36.50,log_revenu +2.31,heures_travail +1.18
C008284,0,0.41118750000000004,0.406125,0.41625,0.0,cote_r -4.23,heures_travail +3.70,log_revenu -2.75
C011343,0,0.019625,0.03,0.00925,0.0,cote_r -33.27,log_revenu -8.70,heures_travail -0.50
C009898,1,0.8489375,0.834875,0.863,0.0,cote_r +18.18,log_revenu +4.42,heures_travail -1.33
C008622,0,0.2699375,0.272875,0.267,0.0,cote_r -11.10,heures_travail -0.50,log_revenu -0.41
C010865,1,0.8040625,0.783375,0.82475,0.0,cote_r +14.39,log_revenu +2.75,heures_travail +1.18
C008640,0,0.3389375,0.360875,0.317,0.0,cote_r -6.42,log_revenu -1.73,heures_travail -0.50
C011272,1,0.6578125,0.629375,0.68625,0.0,cote_r +6.33,heures_travail +4.53,log_revenu -1.56
C006372,0,0.0566875,0.039875,0.0735,0.0,cote_r -30.96,heures_travail +3.70,log_revenu +0.58
C005205,1,0.7731250000000001,0.755,0.79125,0.0,cote_r +12.79,log_revenu +4.47,heures_travail -1.33
C009770,1,0.897375,0.84825,0.9465,0.0,cote_r +19.43,log_revenu +7.45,heures_travail +4.53
C004153,1,0.99175,0.99175,0.99175,0.0,cote_r +45.93,log_revenu +3.97,heures_travail -0.50
C012723,1,0.7966249999999999,0.747,0.84625,0.0,cote_r +12.43,log_revenu +6.31,heures_travail +1.18
C003085,0,0.47262499999999996,0.431,0.51425,0.0,log_revenu +8.23,heures_travail -3.85,cote_r -2.92
C004438,1,0.60225,0.55875,0.64575,0.0,log_revenu +4.32,cote_r +2.89,heures_travail +0.34
C009630,1,0.7290625,0.692625,0.7655,0.0,cote_r +9.41,log_revenu +6.49,heures_travail -2.17
C007262,0,0.061937500000000006,0.058125,0.06575,0.0,cote_r -27.58,heures_travail -3.01,log_revenu +2.46
C001363,1,0.920625,0.94525,0.896,0.0,cote_r +30.45,heures_travail -3.85,log_revenu -2.34
C001155,1,0.75725,0.7425,0.772,0.0,cote_r +12.20,heures_travail +3.70,log_revenu -1.91
C000855,1,0.8302499999999999,0.7885,0.872,0.0,cote_r +14.74,heures_travail +7.05,prog_Genie +0.39
C011735,1,0.6825625,0.664125,0.701,0.0,cote_r +7.99,heures_travail +2.86,log_revenu -0.97
C006311,1,0.9236875,0.909875,0.9375,0.0,cote_r +25.30,heures_travail +4.53,log_revenu -0.33
C009972,0,0.374,0.41,0.338,0.0,cote_r -4.11,log_revenu -3.64,heures_travail +0.34
C009441,1,0.6051249999999999,0.6305,0.57975,0.0,cote_r +6.39,log_revenu -4.91,heures_travail +2.86
C012022,0,0.473375,0.4085,0.53825,0.0,cote_r -4.17,heures_travail +3.70,log_revenu +2.55
C008254,0,0.28075,0.284,0.2775,0.0,cote_r -10.39,log_revenu -1.32,heures_travail +0.34
C006227,1,0.770375,0.80425,0.7365,0.0,cote_r +15.75,log_revenu -2.30,heures_travail -1.33
C007421,0,0.2260625,0.148625,0.3035,0.0,cote_r -18.51,log_revenu +4.90,heures_travail +3.70
C006025,0,0.20218750000000002,0.245625,0.15875,0.0,cote_r -12.47,log_revenu -6.24,heures_travail +0.34
C001006,1,0.7901875,0.815625,0.76475,0.0,cote_r +16.58,log_revenu -5.25,heures_travail +2.86
C005338,1,0.7546875,0.718625,0.79075,0.0,cote_r +10.95,log_revenu +4.11,prog_Genie +0.39
C008066,0,0.3635625,0.359125,0.368,0.0,cote_r -6.48,log_revenu +1.24,heures_travail -0.50
C000350,0,0.334375,0.366,0.30275,0.0,cote_r -6.24,log_revenu -3.93,heures_travail +0.34
C002340,0,0.5893125,0.620375,0.55825,0.0,cote_r +5.79,log_revenu -2.46,heures_travail -0.50
C010362,1,0.9229375,0.930625,0.91525,0.0,cote_r +28.02,heures_travail -2.17,log_revenu +0.88
C008395,1,0.6759375,0.658125,0.69375,0.0,cote_r +7.75,log_revenu +2.82,heures_travail -0.50
C002418,1,0.820125,0.84825,0.792,0.0,cote_r +19.43,heures_travail -3.85,prog_Sante +0.29
C005721,0,0.4308125,0.455875,0.40575,0.0,log_revenu -6.84,heures_travail +4.53,cote_r -1.74
C013920,1,0.6060000000000001,0.5985,0.6135,0.0,cote_r +4.78,heures_travail +4.53,log_revenu -3.45
C002648,0,0.2729375,0.275375,0.2705,0.0,cote_r -10.92,log_revenu -1.63,heures_travail +1.18
C000549,1,0.68075,0.644,0.7175,0.0,cote_r +7.04,log_revenu +2.75,heures_travail +1.18
C007243,0,0.07825,0.073,0.0835,0.0,cote_r -25.92,log_revenu +1.86,heures_travail -1.33
C011776,0,0.2478125,0.245625,0.25,0.0,cote_r -12.47,log_revenu -2.94,heures_travail +2.86
C002731,1,0.7850625,0.770375,0.79975,0.0,cote_r +13.56,heures_travail +4.53,log_revenu -1.76
C001767,0,0.4214375,0.425875,0.417,0.0,cote_r -3.22,log_revenu +3.03,heures_travail -3.01
C011777,0,0.3370625,0.345875,0.32825,0.0,cote_r -7.07,log_revenu -2.31,heures_travail +1.18
C006488,0,0.3571875,0.385375,0.329,0.0,cote_r -5.29,log_revenu -3.19,heures_travail +0.34
C011327,0,0.45025000000000004,0.4525,0.448,0.0,heures_travail -3.85,log_revenu +3.36,cote_r -1.91
C013108,1,0.8101875,0.805375,0.815,0.0,cote_r +15.81,log_revenu +1.70,heures_travail -0.50
C004023,1,0.95575,0.953,0.9585,0.0,cote_r +31.76,log_revenu +2.17,heures_travail +0.34
C013922,0,0.5075624999999999,0.518125,0.497,0.0,log_revenu -1.18,cote_r +1.05,heures_travail +0.34
C012782,1,0.683,0.7115,0.6545,0.0,cote_r +10.54,heures_travail -3.85,log_revenu +1.48
C007877,1,0.6387499999999999,0.60975,0.66775,0.0,cote_r +5.26,heures_travail +3.70,log_revenu -0.60
C003820,0,0.4009375,0.442625,0.35925,0.0,log_revenu -5.56,cote_r -2.33,heures_travail +1.18
C013983,0,0.1301875,0.120375,0.14,0.0,cote_r -21.00,heures_travail +1.18,log_revenu +0.25
C004268,0,0.067125,0.08125,0.053,0.0,cote_r -24.68,log_revenu -5.74,heures_travail +1.18
C004762,1,0.6644375,0.664125,0.66475,0.0,cote_r +7.99,log_revenu +1.56,heures_travail -1.33
C008601,0,0.2544375,0.293625,0.21525,0.0,cote_r -9.68,log_revenu -3.29,heures_travail -2.17
C011220,1,0.6665625,0.664125,0.669,0.0,cote_r +7.99,log_revenu +1.40,heures_travail -0.50
C013199,0,0.482,0.487,0.477,0.0,log_revenu -1.72,heures_travail +1.18,prog_Genie +0.39
C004758,0,0.051125000000000004,0.048,0.05425,0.0,cote_r -29.12,heures_travail -3.01,log_revenu +2.85
C002791,0,0.1106875,0.112125,0.10925,0.0,cote_r -21.77,log_revenu -1.83,heures_travail +1.18
C002888,0,0.218875,0.227,0.21075,0.0,cote_r -13.59,heures_travail -2.17,log_revenu +0.69
C005446,1,0.8646875,0.867125,0.86225,0.0,cote_r +20.97,heures_travail +2.86,log_revenu -2.40
C008346,1,0.6938124999999999,0.634375,0.75325,0.0,cote_r +6.56,heures_travail +5.37,log_revenu +0.92
C010662,1,0.76425,0.79325,0.73525,0.0,cote_r +15.10,log_revenu -6.13,heures_travail +3.70
C006320,1,0.92925,0.934,0.9245,0.0,cote_r +28.38,log_revenu -2.55,heures_travail +2.02
C002609,1,0.9195,0.94975,0.88925,0.0,cote_r +31.34,log_revenu -4.44,heures_travail -3.01
C006114,0,0.46299999999999997,0.4365,0.4895,0.0,heures_travail +4.53,cote_r -2.63,log_revenu -2.16
C013550,0,0.38025,0.356,0.4045,0.0,cote_r -6.66,heures_travail +2.86,log_revenu -0.65
C006358,1,0.9519375,0.957875,0.946,0.0,cote_r +32.88,log_revenu -5.81,heures_travail +3.70
C000811,1,0.9114375,0.920875,0.902,0.0,cote_r +26.66,log_revenu -1.66,heures_travail +0.34
C010827,1,0.877625,0.87325,0.882,0.0,cote_r +21.56,log_revenu +1.87,heures_travail -0.50
C008820,0,0.155625,0.157,0.15425,0.0,cote_r -17.92,log_revenu -0.92,heures_travail +0.34
C004368,1,0.721,0.78475,0.65725,0.0,cote_r +14.51,heures_travail -6.36,log_revenu -0.30
C005203,1,0.7698750000000001,0.81825,0.7215,0.0,cote_r +16.82,heures_travail -3.01,log_revenu -2.35
C008738,1,0.81175,0.81825,0.80525,0.0,cote_r +16.82,heures_travail -4.69,log_revenu +4.64
C006758,1,0.84475,0.85325,0.83625,0.0,cote_r +19.78,log_revenu -1.45,heures_travail +0.34
C008457,0,0.4499375,0.406125,0.49375,0.0,cote_r -4.23,log_revenu +4.02,heures_travail +0.34
C005440,0,0.210625,0.22825,0.193,0.0,cote_r -13.53,heures_travail -5.53,log_revenu +2.73
C005298,0,0.336125,0.284,0.38825,0.0,cote_r -10.39,log_revenu +3.26,heures_travail +2.02
C002612,0,0.3541875,0.315625,0.39275,0.0,cote_r -8.43,log_revenu +6.74,heures_travail -3.01
C011026,0,0.107,0.108,0.106,0.0,cote_r -22.19,heures_travail -1.33,prog_Sante +0.29
C003347,1,0.6214375,0.618625,0.62425,0.0,cote_r +5.73,heures_travail +1.18,log_revenu -0.57
C003952,1,0.9374375,0.940625,0.93425,0.0,cote_r +29.74,log_revenu -1.18,prog_Genie +0.39
C013672,1,0.8786875,0.875875,0.8815,0.0,cote_r +21.80,log_revenu +4.71,heures_travail -3.85
C004163,0,0.27656250000000004,0.278125,0.275,0.0,cote_r -10.75,heures_travail -0.50,prog_Genie +0.39
C007815,0,0.37068749999999995,0.390875,0.3505,0.0,cote_r -5.00,heures_travail -1.33,log_revenu -0.76
C009795,1,0.9200625,0.914375,0.92575,0.0,cote_r +25.83,heures_travail +2.02,log_revenu +0.42
C010888,0,0.1290625,0.142125,0.116,0.0,cote_r -19.05,heures_travail -5.53,log_revenu +2.78
C001561,1,0.982,0.9855,0.9785,0.0,cote_r +41.66,heures_travail -2.17,prog_Sante +0.29
C012223,1,0.6795625,0.615875,0.74325,0.0,cote_r +5.56,log_revenu +4.86,heures_travail +2.02
C004843,0,0.3239375,0.325125,0.32275,0.0,cote_r -7.96,log_revenu -3.65,heures_travail +2.86
C004266,0,0.1369375,0.140375,0.1335,0.0,cote_r -19.16,log_revenu -1.72,prog_Genie +0.39
C000515,1,0.8765625,0.889625,0.8635,0.0,cote_r +23.22,heures_travail -2.17,log_revenu +0.27
C000262,0,0.5873125,0.581875,0.59275,0.0,log_revenu +3.91,cote_r +3.90,heures_travail -3.01
C008844,0,0.4241875,0.448625,0.39975,0.0,log_revenu -2.83,cote_r -2.03,prog_Genie +0.39
C010047,1,0.6383125000000001,0.655375,0.62125,0.0,cote_r +7.63,heures_travail -1.33,log_revenu +0.31
C005719,0,0.4379375,0.495375,0.3805,0.0,heures_travail -7.20,log_revenu +1.47,prog_Genie +0.39
C001341,0,0.5965625,0.489375,0.70375,0.0,heures_travail +7.05,log_revenu +3.45,cote_r -0.25
C004143,1,0.7818125,0.798375,0.76525,0.0,cote_r +15.46,log_revenu -2.01,prog_Genie +0.39
C011187,1,0.93525,0.9365,0.934,0.0,cote_r +28.91,log_revenu +1.80,heures_travail -1.33
C004862,0,0.2504375,0.240875,0.26,0.0,cote_r -12.76,heures_travail +1.18,log_revenu -0.52
C001971,1,0.881625,0.911,0.85225,0.0,cote_r +25.47,heures_travail -3.85,log_revenu -1.36
C012204,0,0.1468125,0.151375,0.14225,0.0,cote_r -18.33,log_revenu -5.53,heures_travail +4.53
C001079,0,0.106125,0.09325,0.119,0.0,cote_r -23.61,log_revenu +2.11,heures_travail -0.50
C011328,0,0.3569375,0.326625,0.38725,0.0,cote_r -7.90,log_revenu +3.23,heures_travail -0.50
C013147,1,0.9955,0.99925,0.99175,0.0,cote_r +61.04,log_revenu +4.04,heures_travail -3.01
C004573,1,0.6280625,0.618625,0.6375,0.0,cote_r +5.73,log_revenu +4.83,heures_travail -3.85
C005428,1,0.97,0.97325,0.96675,0.0,cote_r +36.26,log_revenu -5.94,heures_travail +5.37
C000505,0,0.5585625,0.524125,0.593,0.0,heures_travail +3.70,cote_r +1.35,prog_Genie +0.39
C000437,1,0.6769375,0.642625,0.71125,0.0,cote_r +6.98,heures_travail +3.70,log_revenu +0.38
C000446,0,0.18475,0.162,0.2075,0.0,cote_r -17.62,log_revenu +4.40,heures_travail -2.17
C012303,1,0.813875,0.82025,0.8075,0.0,cote_r +17.06,heures_travail -1.33,log_revenu +0.83
C004262,1,0.9841875,0.976625,0.99175,0.0,cote_r +36.92,heures_travail +6.21,log_revenu -0.46
C003550,1,0.8315,0.802,0.861,0.0,cote_r +15.63,log_revenu +3.46,heures_travail +2.02
C012398,1,0.844375,0.81075,0.878,0.0,cote_r +16.29,log_revenu +7.06,heures_travail -0.50
C012152,1,0.9746250000000001,0.98575,0.9635,0.0,cote_r +41.78,heures_travail -3.85,log_revenu -2.59
C000856,0,0.014124999999999999,0.01475,0.0135,0.0,cote_r -38.61,log_revenu -2.73,heures_travail +1.18
C004457,1,0.6910000000000001,0.6355,0.7465,0.0,cote_r +6.62,log_revenu +4.42,heures_travail +2.02
C008149,0,0.20500000000000002,0.19775,0.21225,0.0,cote_r -15.43,heures_travail +0.34,log_revenu +0.14
C009360,0,0.364625,0.41,0.31925,0.0,cote_r -4.11,log_revenu -4.01,heures_travail -0.50
C007531,0,0.297375,0.35675,0.238,0.0,cote_r -6.60,log_revenu -3.48,heures_travail -3.01
C004208,0,0.3771875,0.326625,0.42775,0.0,cote_r -7.90,heures_travail +6.21,log_revenu -1.07
C010392,1,0.6551875,0.652125,0.65825,0.0,cote_r +7.45,log_revenu +2.62,heures_travail -2.17
C011020,1,0.9110625,0.934625,0.8875,0.0,cote_r +28.56,heures_travail -4.69,log_revenu -0.21
C011997,1,0.6378125,0.626625,0.649,0.0,cote_r +6.21,log_revenu +0.96,prog_Genie +0.39
C007033,1,0.7534375,0.765375,0.7415,0.0,cote_r +13.26,log_revenu -5.56,heures_travail +5.37
C001518,0,0.056625,0.06625,0.047,0.0,cote_r -26.75,log_revenu -5.59,heures_travail +2.02
C010015,0,0.5695,0.611,0.528,0.0,heures_travail -6.36,cote_r +5.32,log_revenu +2.66
C001556,0,0.0931875,0.096375,0.09,0.0,cote_r -23.26,log_revenu -3.15,heures_travail +2.02
C012247,1,0.942,0.953,0.931,0.0,cote_r +31.76,heures_travail -5.53,log_revenu +2.55
C004712,1,0.9195,0.909,0.93,0.0,cote_r +25.24,heures_travail +2.86,log_revenu +0.38
C005238,0,0.42956249999999996,0.526875,0.33225,0.0,log_revenu -4.86,heures_travail -4.69,cote_r +1.47
C009644,0,0.1001875,0.056875,0.1435,0.0,cote_r -27.82,heures_travail +4.53,log_revenu +4.14
C013914,0,0.2491875,0.221875,0.2765,0.0,cote_r -13.95,log_revenu +3.24,heures_travail -0.50
C011824,1,0.873125,0.8605,0.88575,0.0,cote_r +20.38,log_revenu +3.30,heures_travail -0.50
C010185,0,0.0628125,0.044625,0.081,0.0,cote_r -29.89,log_revenu +5.81,heures_travail -2.17
C008656,0,0.1236875,0.154375,0.093,0.0,cote_r -18.16,heures_travail -5.53,log_revenu -0.70
C005229,0,0.1428125,0.165875,0.11975,0.0,cote_r -17.39,log_revenu -7.51,heures_travail +3.70
C003769,1,0.7398750000000001,0.722,0.75775,0.0,cote_r +11.13,heures_travail +2.86,log_revenu -0.42
C005421,1,0.9124375,0.910625,0.91425,0.0,cote_r +25.41,log_revenu +1.80,heures_travail -0.50
C009065,1,0.833375,0.877,0.78975,0.0,cote_r +21.92,heures_travail -4.69,log_revenu -1.53
C013313,1,0.8474999999999999,0.83,0.865,0.0,cote_r +17.83,heures_travail +6.21,log_revenu -2.11
C007769,1,0.6880625,0.632625,0.7435,0.0,cote_r +6.50,heures_travail +3.70,log_revenu +2.24
C003015,0,0.13187500000000002,0.13975,0.124,0.0,cote_r -19.22,log_revenu -2.00,heures_travail +0.34
C009100,1,0.767625,0.81075,0.7245,0.0,cote_r +16.29,heures_travail -3.85,log_revenu -1.22
C007606,1,0.8034375,0.819125,0.78775,0.0,cote_r +16.88,log_revenu -6.26,heures_travail +4.53
C000069,0,0.18987500000000002,0.18825,0.1915,0.0,cote_r -16.02,heures_travail -1.33,log_revenu +1.17
C008748,0,0.044875,0.06725,0.0225,0.0,cote_r -26.57,log_revenu -5.39,heures_travail -3.85
C011283,0,0.07493749999999999,0.074625,0.07525,0.0,cote_r -25.63,log_revenu -3.84,heures_travail +2.86
C010472,0,0.252125,0.2145,0.28975,0.0,cote_r -14.48,log_revenu +5.03,heures_travail -1.33
C006225,0,0.1711875,0.179875,0.1625,0.0,cote_r -16.56,heures_travail -1.33,log_revenu -0.45
C002657,1,0.7736875000000001,0.765375,0.782,0.0,cote_r +13.26,log_revenu +1.34,heures_travail +0.34
C013566,0,0.4503125,0.463375,0.43725,0.0,log_revenu -4.21,heures_travail +2.86,cote_r -1.32
C010182,1,0.8558125,0.840375,0.87125,0.0,cote_r +18.60,log_revenu +7.52,heures_travail -3.85
C008563,0,0.2203125,0.272875,0.16775,0.0,cote_r -11.10,heures_travail -7.20,log_revenu +0.53
C012992,0,0.063,0.06975,0.05625,0.0,cote_r -26.28,heures_travail -2.17,log_revenu -1.01
C007304,0,0.4611875,0.476375,0.446,0.0,log_revenu -2.45,heures_travail +1.18,cote_r -0.73
C011118,0,0.2814375,0.339875,0.223,0.0,cote_r -7.37,heures_travail -3.85,log_revenu -2.94
C003055,0,0.381125,0.366,0.39625,0.0,cote_r -6.24,log_revenu +2.24,heures_travail -0.50
C003882,1,0.9485,0.94025,0.95675,0.0,cote_r +29.68,log_revenu +4.66,heures_travail -0.50
C005744,1,0.7269375,0.735625,0.71825,0.0,cote_r +11.84,log_revenu -2.58,heures_travail +2.02
C006050,0,0.5271875,0.554625,0.49975,0.0,heures_travail -5.53,log_revenu +3.15,cote_r +2.65
C003578,0,0.491625,0.5605,0.42275,0.0,heures_travail -4.69,cote_r +2.95,log_revenu -1.20
C001598,1,0.754375,0.758,0.75075,0.0,cote_r +12.97,heures_travail +2.02,log_revenu -1.81
C009063,1,0.7671874999999999,0.778125,0.75625,0.0,cote_r +14.09,heures_travail -2.17,log_revenu +1.60
C002833,1,0.818875,0.78475,0.853,0.0,cote_r +14.51,heures_travail +6.21,log_revenu -0.46
C012047,0,0.206625,0.17875,0.2345,0.0,cote_r -16.62,log_revenu +5.70,heures_travail -3.01
C009202,1,0.6112500000000001,0.611,0.6115,0.0,cote_r +5.32,log_revenu +5.24,heures_travail -4.69
C006294,1,0.764375,0.779,0.74975,0.0,cote_r +14.15,log_revenu -0.57,heures_travail -0.50
C000918,0,0.3301875,0.359125,0.30125,0.0,cote_r -6.48,log_revenu -4.67,heures_travail +1.18
C009130,0,0.36306249999999995,0.376625,0.3495,0.0,cote_r -5.71,heures_travail -3.85,log_revenu +2.21
C011826,1,0.805,0.84225,0.76775,0.0,cote_r +18.78,log_revenu -6.92,heures_travail +2.02
C009454,0,0.434875,0.419,0.45075,0.0,cote_r -3.63,heures_travail +2.86,log_revenu -1.10
C000719,1,0.994875,0.998,0.99175,0.0,cote_r +53.99,log_revenu -5.01,heures_travail +4.53
C007803,0,0.3234375,0.333875,0.313,0.0,cote_r -7.60,heures_travail -1.33,premiere_generation -0.15
C008242,1,0.65025,0.684,0.6165,0.0,cote_r +8.93,heures_travail -3.01,prog_Sciences +0.22
C001798,0,0.1804375,0.181625,0.17925,0.0,cote_r -16.44,heures_travail -3.01,log_revenu +2.09
C001027,1,0.98375,0.987,0.9805,0.0,cote_r +42.84,log_revenu -1.69,heures_travail -1.33
C005820,0,0.3576875,0.345875,0.3695,0.0,cote_r -7.07,heures_travail +2.02,log_revenu -0.81
C004634,1,0.94475,0.957,0.9325,0.0,cote_r +32.77,heures_travail -3.01,log_revenu -1.02
C012859,0,0.052250000000000005,0.05725,0.04725,0.0,cote_r -27.76,log_revenu -1.48,heures_travail -1.33
C001952,0,0.078875,0.0675,0.09025,0.0,cote_r -26.52,heures_travail +2.86,log_revenu -1.44
C004892,0,0.168625,0.15625,0.181,0.0,cote_r -17.98,heures_travail +2.02,log_revenu -0.67
C011623,0,0.552,0.5605,0.5435,0.0,heures_travail -3.01,cote_r +2.95,log_revenu +2.37
C002331,0,0.432625,0.423,0.44225,0.0,cote_r -3.40,heures_travail +2.86,log_revenu -1.89
C005252,0,0.3003125,0.333875,0.26675,0.0,cote_r -7.60,heures_travail -3.01,log_revenu -0.77
C004476,1,0.9280625,0.914375,0.94175,0.0,cote_r +25.83,log_revenu +2.23,heures_travail +2.02
C006940,1,0.760875,0.756,0.76575,0.0,cote_r +12.85,heures_travail +7.89,log_revenu -6.76
C012316,1,0.9209375,0.923625,0.91825,0.0,cote_r +27.13,heures_travail +0.34,log_revenu -0.22
C011871,1,0.7771874999999999,0.737875,0.8165,0.0,cote_r +11.96,heures_travail +7.89,log_revenu -2.80
C008266,0,0.4559375,0.404125,0.50775,0.0,log_revenu +5.49,cote_r -4.34,heures_travail -0.50
C000330,0,0.412125,0.43475,0.3895,0.0,cote_r -2.74,log_revenu -2.74,heures_travail +0.34
C010851,0,0.324,0.30575,0.34225,0.0,cote_r -8.97,log_revenu +3.45,heures_travail -2.17
C011581,0,0.5425,0.567,0.518,0.0,heures_travail -6.36,log_revenu +4.14,cote_r +3.18
C010833,0,0.1423125,0.172375,0.11225,0.0,cote_r -16.97,log_revenu -4.95,heures_travail -0.50
C013765,1,0.96825,0.95975,0.97675,0.0,cote_r +33.18,log_revenu +5.12,heures_travail +0.34
C002917,1,0.9570624999999999,0.951125,0.963,0.0,cote_r +31.52,log_revenu +4.55,heures_travail -1.33
C009671,0,0.3651875,0.427125,0.30325,0.0,log_revenu -4.75,cote_r -3.16,heures_travail -2.17
C007719,1,0.859875,0.86625,0.8535,0.0,cote_r +20.85,log_revenu -4.02,heures_travail +3.70
C000102,0,0.526625,0.56875,0.4845,0.0,cote_r +3.24,log_revenu -2.35,heures_travail -1.33
C004848,1,0.7769375000000001,0.768625,0.78525,0.0,cote_r +13.44,heures_travail +3.70,log_revenu -1.80
C002977,1,0.9805625,0.986625,0.9745,0.0,cote_r +42.67,heures_travail -3.85,log_revenu -0.61
C002240,0,0.5951249999999999,0.54475,0.6455,0.0,heures_travail +4.53,cote_r +2.18,log_revenu +0.60
C008618,1,0.86625,0.83,0.9025,0.0,cote_r +17.83,heures_travail +6.21,log_revenu +1.14
C006873,1,0.95925,0.947625,0.970875,0.0,cote_r +30.81,heures_travail +5.37,log_revenu +0.70
C003866,1,0.7753125,0.730625,0.82,0.0,cote_r +11.60,heures_travail +7.05,log_revenu -1.29
C004809,0,0.135375,0.1495,0.12125,0.0,cote_r -18.45,heures_travail -3.85,log_revenu +0.66
C003079,0,0.313125,0.32375,0.3025,0.0,cote_r -8.02,log_revenu -5.38,heures_travail +3.70
C008933,0,0.29137500000000005,0.30675,0.276,0.0,cote_r -8.91,heures_travail -1.33,log_revenu -1.20
C012382,1,0.63975,0.604,0.6755,0.0,log_revenu +6.81,cote_r +5.02,heures_travail -3.01
C010820,1,0.6792499999999999,0.594,0.7645,0.0,heures_travail +8.73,cote_r +4.55,log_revenu +0.72
C002721,0,0.05425,0.05275,0.05575,0.0,cote_r -28.47,heures_travail -3.85,log_revenu +3.07
C001474,1,0.8206249999999999,0.79675,0.8445,0.0,cote_r +15.34,log_revenu +4.38,heures_travail -0.50
C011393,0,0.503125,0.3535,0.65275,0.0,log_revenu +11.86,cote_r -6.77,heures_travail +2.86
C000540,0,0.19343749999999998,0.221875,0.165,0.0,cote_r -13.95,heures_travail -2.17,log_revenu -1.85
C006140,1,0.719375,0.755,0.68375,0.0,cote_r +12.79,heures_travail -3.01,log_revenu -0.32
C003798,1,0.8140624999999999,0.789125,0.839,0.0,cote_r +14.80,log_revenu +5.09,heures_travail -1.33
C009579,0,0.44325000000000003,0.47325,0.41325,0.0,log_revenu -2.67,cote_r -0.85,heures_travail -0.50
C008863,1,0.6791875,0.766625,0.59175,0.0,cote_r +13.32,log_revenu -10.66,heures_travail +2.02
C006021,1,0.7466875,0.770375,0.723,0.0,cote_r +13.56,log_revenu -1.68,heures_travail -0.50
C008482,0,0.511,0.5505,0.4715,0.0,heures_travail -3.85,cote_r +2.47,prog_Genie +0.39
C002840,0,0.064375,0.033,0.09575,0.0,cote_r -32.09,log_revenu +4.52,heures_travail +3.70
C013840,0,0.2354375,0.292375,0.1785,0.0,cote_r -9.74,log_revenu -4.50,heures_travail -3.01
C013048,0,0.572875,0.59725,0.5485,0.0,cote_r +4.73,heures_travail -2.17,prog_Genie +0.39
C002622,0,0.04025,0.05925,0.02125,0.0,cote_r -27.46,heures_travail -6.36,log_revenu -2.48
C013546,0,0.5740624999999999,0.531875,0.61625,0.0,log_revenu +5.84,cote_r +1.70,heures_travail -1.33
C008326,1,0.798875,0.79675,0.801,0.0,cote_r +15.34,heures_travail +2.02,log_revenu -1.16
C004544,0,0.2789375,0.335625,0.22225,0.0,cote_r -7.55,heures_travail -3.85,log_revenu -3.16
C000537,0,0.2475625,0.244375,0.25075,0.0,cote_r -12.58,heures_travail -1.33,log_revenu +1.14
C003876,0,0.2414375,0.252125,0.23075,0.0,cote_r -12.11,heures_travail -1.33,log_revenu -0.52
C003217,1,0.8330625,0.840375,0.82575,0.0,cote_r +18.60,heures_travail -0.50,log_revenu +0.20
C002232,1,0.9166875,0.909875,0.9235,0.0,cote_r +25.30,heures_travail +2.02,prog_Genie +0.39
C001544,1,0.934625,0.90825,0.961,0.0,cote_r +25.18,log_revenu +4.84,heures_travail +4.53
C002343,1,0.7371875,0.741375,0.733,0.0,cote_r +12.14,heures_travail -4.69,log_revenu +4.63
C004385,1,0.7883125,0.806625,0.77,0.0,cote_r +15.87,heures_travail -2.17,log_revenu +0.39
C010533,1,0.9205,0.90825,0.93275,0.0,cote_r +25.18,heures_travail +2.86,log_revenu +1.02
C009901,0,0.07500000000000001,0.08025,0.06975,0.0,cote_r -24.86,heures_travail -5.53,log_revenu +3.05
C003551,0,0.4464375,0.497625,0.39525,0.0,log_revenu -5.17,heures_travail +0.34,cote_r +0.22
C000752,1,0.6304375,0.694375,0.5665,0.0,cote_r +9.47,heures_travail -5.53,log_revenu -0.49
C004231,0,0.5724374999999999,0.629375,0.5155,0.0,cote_r +6.33,log_revenu -4.24,heures_travail -0.50
C005654,0,0.011125,0.01225,0.01,0.0,cote_r -39.56,log_revenu -1.69,heures_travail -1.33
C000834,0,0.45475,0.499,0.4105,0.0,log_revenu -3.07,heures_travail -1.33,prog_Genie +0.39
C011527,0,0.4216875,0.390125,0.45325,0.0,cote_r -5.06,heures_travail +2.02,log_revenu +1.12
C012004,0,0.5055625,0.481875,0.52925,0.0,log_revenu +4.64,heures_travail -2.17,cote_r -0.55
C000393,0,0.2215625,0.200875,0.24225,0.0,cote_r -15.19,heures_travail +5.37,log_revenu -2.99
C003741,0,0.31225,0.332,0.2925,0.0,cote_r -7.66,heures_travail -1.33,log_revenu -1.11
C012041,0,0.40818750000000004,0.381625,0.43475,0.0,cote_r -5.47,log_revenu +1.40,heures_travail +1.18
C013096,0,0.2008125,0.211875,0.18975,0.0,cote_r -14.60,heures_travail -2.17,log_revenu +0.47
C011455,0,0.32618749999999996,0.333875,0.3185,0.0,cote_r -7.60,log_revenu -2.10,heures_travail +1.18
C009955,0,0.2920625,0.245625,0.3385,0.0,cote_r -12.47,heures_travail +4.53,log_revenu +0.47
C010703,0,0.25006249999999997,0.275375,0.22475,0.0,cote_r -10.92,log_revenu -3.75,heures_travail +0.34
C004461,1,0.8369375,0.800625,0.87325,0.0,cote_r +15.57,heures_travail +7.89,log_revenu -0.98
C012598,0,0.5384375,0.540375,0.5365,0.0,cote_r +2.06,heures_travail -1.33,log_revenu +1.13
C002852,1,0.7993125000000001,0.795375,0.80325,0.0,cote_r +15.22,log_revenu +3.50,heures_travail -2.17
C000521,1,0.83725,0.88,0.7945,0.0,cote_r +22.15,log_revenu -5.55,heures_travail -0.50
C001732,0,0.359625,0.3435,0.37575,0.0,cote_r -7.19,log_revenu +1.94,heures_travail -0.50
C011337,0,0.214,0.239,0.189,0.0,cote_r -12.82,heures_travail -6.36,log_revenu +2.66
C004695,0,0.09475,0.08175,0.10775,0.0,cote_r -24.62,log_revenu +5.84,heures_travail -3.85
C003243,1,0.9065,0.9265,0.8865,0.0,cote_r +27.49,log_revenu -4.40,heures_travail +0.34
C013664,0,0.1078125,0.092875,0.12275,0.0,cote_r -23.67,log_revenu +4.76,heures_travail -2.17
C009099,1,0.8255,0.82425,0.82675,0.0,cote_r +17.47,heures_travail +1.18,log_revenu -0.48
C005364,1,0.63225,0.586,0.6785,0.0,log_revenu +4.55,cote_r +4.07,heures_travail +0.34
C013205,0,0.18462499999999998,0.21325,0.156,0.0,cote_r -14.54,heures_travail -3.01,log_revenu -1.24
C009252,1,0.9351875,0.932375,0.938,0.0,cote_r +28.14,log_revenu +2.04,heures_travail -0.50
C009029,0,0.36187499999999995,0.4085,0.31525,0.0,heures_travail -6.36,cote_r -4.17,log_revenu +1.15
C009864,0,0.0053124999999999995,0.006375,0.00425,0.0,cote_r -44.06,heures_travail -3.01,log_revenu -1.27
C002162,1,0.8674999999999999,0.82275,0.91225,0.0,cote_r +17.29,log_revenu +6.71,heures_travail +2.02
C004986,1,0.8595625,0.872375,0.84675,0.0,cote_r +21.50,log_revenu -5.45,heures_travail +3.70
C005874,0,0.25775,0.23625,0.27925,0.0,cote_r -13.00,heures_travail +3.70,log_revenu -2.02
C005529,1,0.7346874999999999,0.785875,0.6835,0.0,cote_r +14.57,log_revenu -3.82,heures_travail -1.33
C010567,1,0.6115,0.538,0.685,0.0,log_revenu +6.93,cote_r +2.00,heures_travail +0.34
C008208,0,0.1906875,0.174125,0.20725,0.0,cote_r -16.91,heures_travail +3.70,log_revenu -2.41
C004479,0,0.1454375,0.170875,0.12,0.0,cote_r -17.03,log_revenu -2.83,heures_travail -1.33
C009698,1,0.696,0.59725,0.79475,0.0,log_revenu +10.55,cote_r +4.73,prog_Genie +0.39
C000502,0,0.03275,0.03275,0.03275,0.0,cote_r -32.15,log_revenu -1.67,heures_travail +1.18
C007771,0,0.002875,0.0025,0.00325,0.0,cote_r -48.75,heures_travail -3.85,log_revenu +2.27
C005367,0,0.472625,0.4675,0.47775,0.0,log_revenu +6.09,heures_travail -5.53,cote_r -1.08
C013643,0,0.184875,0.20375,0.166,0.0,cote_r -15.07,log_revenu -7.45,heures_travail +4.53
C011055,1,0.7153750000000001,0.65,0.78075,0.0,cote_r +7.33,heures_travail +3.70,log_revenu +3.56
C004889,0,0.12425,0.1305,0.118,0.0,cote_r -20.05,heures_travail -2.17,log_revenu +0.48
C010055,0,0.097,0.11325,0.08075,0.0,cote_r -21.65,log_revenu -6.41,heures_travail +2.02
C007548,0,0.0886875,0.084125,0.09325,0.0,cote_r -24.44,log_revenu +1.46,heures_travail -1.33
C006539,1,0.9906250000000001,0.9895,0.99175,0.0,cote_r +44.38,heures_travail -2.17,log_revenu +1.10
C009833,0,0.47931250000000003,0.485875,0.47275,0.0,heures_travail -0.50,cote_r -0.37,log_revenu +0.33
C011200,1,0.9400625,0.934625,0.9455,0.0,cote_r +28.56,heures_travail +1.18,log_revenu +0.98
C011884,0,0.5639375,0.546125,0.58175,0.0,heures_travail +3.70,cote_r +2.24,log_revenu -1.52
C010339,0,0.1266875,0.168875,0.0845,0.0,cote_r -17.15,heures_travail -5.53,log_revenu -2.58
C001353,0,0.5358125,0.514875,0.55675,0.0,log_revenu +1.67,cote_r +0.93,prog_Genie +0.39
C003257,0,0.356125,0.25675,0.4555,0.0,cote_r -11.93,heures_travail +8.73,log_revenu +1.21
C003180,1,0.721625,0.7295,0.71375,0.0,cote_r +11.54,heures_travail -2.17,log_revenu +1.43
C008086,0,0.026187500000000002,0.024625,0.02775,0.0,cote_r -34.58,log_revenu -5.42,heures_travail +5.37
C004411,1,0.83075,0.86,0.8015,0.0,cote_r +20.32,heures_travail -3.01,log_revenu -0.84
C001655,0,0.4705625,0.476375,0.46475,0.0,heures_travail -3.85,log_revenu +3.16,cote_r -0.73
C012718,0,0.4723125,0.470625,0.474,0.0,log_revenu +3.87,heures_travail -3.85,cote_r -0.97
C011808,0,0.0395625,0.036625,0.0425,0.0,cote_r -31.55,log_revenu +6.08,heures_travail -5.53
C006903,0,0.312125,0.30875,0.3155,0.0,cote_r -8.79,heures_travail -0.50,log_revenu +0.32
C011493,1,0.849,0.843,0.855,0.0,cote_r +18.83,log_revenu +1.07,heures_travail +0.34
C004035,0,0.287125,0.29525,0.279,0.0,cote_r -9.56,log_revenu -1.48,heures_travail -0.50
C012593,0,0.27975,0.24275,0.31675,0.0,cote_r -12.70,heures_travail +2.86,log_revenu +0.72
C001473,0,0.4281875,0.385375,0.471,0.0,cote_r -5.29,heures_travail +3.70,log_revenu +0.74
C010413,0,0.135125,0.11325,0.157,0.0,cote_r -21.65,log_revenu +1.76,heures_travail +1.18
C008289,0,0.5596875,0.599875,0.5195,0.0,cote_r +4.84,log_revenu -2.04,heures_travail -1.33
C005158,0,0.5363125,0.513375,0.55925,0.0,heures_travail +3.70,log_revenu -1.49,cote_r +0.87
C005388,0,0.00075,0.0005,0.001,0.0,cote_r -55.50,prog_Genie +0.39,heures_travail +0.34
C012250,1,0.686375,0.7115,0.66125,0.0,cote_r +10.54,heures_travail -4.69,log_revenu +1.97
C007446,0,0.1161875,0.104625,0.12775,0.0,cote_r -22.48,heures_travail +4.53,log_revenu -2.39
C005571,0,0.274,0.28075,0.26725,0.0,cote_r -10.63,heures_travail -4.69,log_revenu +3.75
C012187,0,0.2156875,0.179875,0.2515,0.0,cote_r -16.56,heures_travail +3.70,log_revenu +0.58
C013692,0,0.5555,0.594,0.517,0.0,heures_travail -4.69,cote_r +4.55,log_revenu +1.28
C006967,0,0.003875,0.00475,0.003,0.0,cote_r -45.96,log_revenu -6.28,heures_travail +2.02
C008081,0,0.2238125,0.279375,0.16825,0.0,cote_r -10.69,log_revenu -4.59,heures_travail -2.17
C013572,0,0.2563125,0.282875,0.22975,0.0,cote_r -10.45,log_revenu -2.95,heures_travail -0.50
C000575,1,0.633875,0.56475,0.703,0.0,log_revenu +9.03,cote_r +3.13,heures_travail -2.17
C012600,0,0.2389375,0.297875,0.18,0.0,cote_r -9.38,log_revenu -6.60,heures_travail -1.33
C012113,1,0.9870625,0.993625,0.9805,0.0,cote_r +47.76,log_revenu -5.38,heures_travail -2.17
C001992,1,0.7383124999999999,0.774875,0.70175,0.0,cote_r +13.80,heures_travail -3.01,log_revenu -0.44
C002019,0,0.2310625,0.224875,0.23725,0.0,cote_r -13.71,log_revenu +3.25,heures_travail -3.01
C003287,0,0.3703125,0.427125,0.3135,0.0,cote_r -3.16,log_revenu -3.10,heures_travail -3.01
C009900,1,0.78525,0.722,0.8485,0.0,cote_r +11.13,heures_travail +10.40,log_revenu -1.46
C000024,0,0.3499375,0.296125,0.40375,0.0,cote_r -9.50,heures_travail +4.53,log_revenu +0.97
C004019,0,0.08549999999999999,0.1195,0.0515,0.0,cote_r -21.06,log_revenu -5.99,heures_travail -3.01
C001922,1,0.8899375,0.874875,0.905,0.0,cote_r +21.74,log_revenu +4.19,heures_travail -0.50
C012769,0,0.37093750000000003,0.478375,0.2635,0.0,log_revenu -11.39,cote_r -0.67,heures_travail +0.34
C012935,0,0.111125,0.1295,0.09275,0.0,cote_r -20.11,heures_travail -3.01,log_revenu -1.03
C013407,0,0.0315,0.029,0.034,0.0,cote_r -33.57,heures_travail +2.86,log_revenu -1.77
C005950,1,0.8634375,0.865625,0.86125,0.0,cote_r +20.79,heures_travail +3.70,log_revenu -2.94
C004614,0,0.56,0.48025,0.63975,0.0,heures_travail +4.53,log_revenu +3.01,cote_r -0.61
C008953,1,0.7545625,0.734125,0.775,0.0,cote_r +11.78,log_revenu +5.67,heures_travail -3.01
C009831,1,0.826375,0.8835,0.76925,0.0,cote_r +22.69,log_revenu -4.53,heures_travail -3.85
C008295,1,0.6110625000000001,0.580125,0.642,0.0,log_revenu +4.42,cote_r +3.84,heures_travail -1.33
C001652,0,0.2894375,0.264875,0.314,0.0,cote_r -11.58,heures_travail +3.70,log_revenu -1.41
C012431,0,0.5155625,0.483125,0.548,0.0,heures_travail +2.86,log_revenu +0.72,cote_r -0.49
C008721,0,0.5720624999999999,0.607375,0.53675,0.0,cote_r +5.14,log_revenu -1.42,heures_travail -1.33
C013145,1,0.9804375,0.97825,0.982625,0.0,cote_r +37.39,log_revenu +1.41,heures_travail +1.18
C000960,0,0.4645625,0.421875,0.50725,0.0,heures_travail +3.70,cote_r -3.46,log_revenu +0.90
C011139,0,0.491625,0.5505,0.43275,0.0,log_revenu -2.89,cote_r +2.47,heures_travail -2.17
C000072,1,0.993375,0.995,0.99175,0.0,cote_r +48.53,log_revenu +2.63,heures_travail +0.34
C002998,1,0.8536874999999999,0.859375,0.848,0.0,cote_r +20.26,heures_travail -2.17,log_revenu +1.89
C012748,1,0.6908125,0.655375,0.72625,0.0,cote_r +7.63,heures_travail +3.70,log_revenu +0.38
C001554,0,0.4809375,0.504375,0.4575,0.0,heures_travail -4.69,log_revenu +2.35,cote_r +0.46
C013829,0,0.5391874999999999,0.535125,0.54325,0.0,log_revenu +2.44,heures_travail -2.17,cote_r +1.88
C006017,0,0.530875,0.4845,0.57725,0.0,heures_travail +6.21,log_revenu -1.66,cote_r -0.43
C006324,1,0.8870625,0.907125,0.867,0.0,cote_r +25.06,log_revenu -4.67,heures_travail +1.18
C000385,0,0.5634375,0.502375,0.6245,0.0,heures_travail +7.05,log_revenu -0.91,cote_r +0.40
C005112,0,0.5216875000000001,0.502375,0.541,0.0,heures_travail +2.86,log_revenu -0.70,cote_r +0.40
C010081,0,0.015,0.01275,0.01725,0.0,cote_r -39.38,heures_travail +1.18,log_revenu +0.17
C007420,1,0.9674375,0.974625,0.96025,0.0,cote_r +36.44,log_revenu -3.90,heures_travail +2.02
C013665,1,0.985125,0.9785,0.99175,0.0,cote_r +37.45,log_revenu +3.77,heures_travail +0.34
C007463,0,0.11199999999999999,0.10575,0.11825,0.0,cote_r -22.37,log_revenu +1.85,heures_travail -1.33
C003444,0,0.5664375,0.634375,0.4985,0.0,cote_r +6.56,log_revenu -3.58,heures_travail -3.01
C013398,1,0.656625,0.662,0.65125,0.0,cote_r +7.93,heures_travail -3.85,log_revenu +3.72
C010506,0,0.175,0.15775,0.19225,0.0,cote_r -17.86,heures_travail +3.70,log_revenu -2.20
C013058,0,0.2760625,0.248125,0.304,0.0,cote_r -12.35,heures_travail +4.53,log_revenu -2.31
C010186,1,0.739625,0.725,0.75425,0.0,cote_r +11.31,heures_travail +2.86,log_revenu -1.05
C003012,0,0.28893749999999996,0.340875,0.237,0.0,cote_r -7.31,log_revenu -3.45,heures_travail -3.01
C007375,0,0.32625,0.355,0.2975,0.0,cote_r -6.72,heures_travail -3.01,log_revenu -0.32
C009699,1,0.7898125,0.709125,0.8705,0.0,cote_r +10.42,log_revenu +8.74,heures_travail +2.86
C002766,0,0.07175000000000001,0.04425,0.09925,0.0,cote_r -29.95,log_revenu +5.45,prog_Genie +0.39
C008127,1,0.9063125000000001,0.925875,0.88675,0.0,cote_r +27.37,log_revenu -6.59,heures_travail +2.86
C004481,0,0.582875,0.64525,0.5205,0.0,heures_travail -8.04,cote_r +7.10,log_revenu +2.25
C009593,0,0.27025,0.28075,0.25975,0.0,cote_r -10.63,heures_travail -1.33,log_revenu +0.26
C005818,1,0.8167500000000001,0.82225,0.81125,0.0,cote_r +17.23,heures_travail -0.50,log_revenu +0.19
C007070,0,0.3838125,0.402875,0.36475,0.0,cote_r -4.40,log_revenu -1.39,heures_travail -0.50
C009608,0,0.3148125,0.368125,0.2615,0.0,cote_r -6.12,log_revenu -3.36,heures_travail -2.17
C009010,0,0.5117499999999999,0.47475,0.54875,0.0,log_revenu +3.81,cote_r -0.79,heures_travail -0.50
C003049,1,0.739375,0.707,0.77175,0.0,cote_r +10.24,log_revenu +4.86,heures_travail -0.50
C004977,1,0.794,0.75375,0.83425,0.0,cote_r +12.73,log_revenu +5.24,prog_Genie +0.39
C004679,0,0.4839375,0.531875,0.436,0.0,log_revenu -3.22,cote_r +1.70,heures_travail -1.33
C008333,0,0.4271875,0.460875,0.3935,0.0,log_revenu -1.78,cote_r -1.50,heures_travail -1.33
C010363,0,0.1484375,0.126125,0.17075,0.0,cote_r -20.53,log_revenu +6.55,heures_travail -3.85
C009871,0,0.4615625,0.524125,0.399,0.0,heures_travail -5.53,cote_r +1.35,log_revenu -0.48
C008165,0,0.43837499999999996,0.4285,0.44825,0.0,log_revenu +3.24,cote_r -3.04,heures_travail -2.17
C009734,1,0.85175,0.82625,0.87725,0.0,cote_r +17.65,heures_travail +3.70,log_revenu +1.14
C011268,1,0.97725,0.96275,0.99175,0.0,cote_r +34.43,log_revenu +6.16,heures_travail +3.70
C008978,1,0.993625,0.9955,0.99175,0.0,cote_r +49.13,heures_travail -4.69,log_revenu +3.13
C012050,1,0.818875,0.83,0.80775,0.0,cote_r +17.83,log_revenu -0.93,heures_travail -0.50
C006182,1,0.7420625000000001,0.732875,0.75125,0.0,cote_r +11.72,log_revenu +0.92,heures_travail +0.34
C007097,0,0.4673125,0.463375,0.47125,0.0,cote_r -1.32,log_revenu +0.71,heures_travail -0.50
C009653,0,0.0755,0.09125,0.05975,0.0,cote_r -23.79,heures_travail -4.69,log_revenu +0.31
C008283,0,0.338375,0.332,0.34475,0.0,cote_r -7.66,log_revenu +1.11,heures_travail -0.50
C010766,0,0.43056249999999996,0.307625,0.5535,0.0,cote_r -8.85,log_revenu +6.98,heures_travail +4.53
C005386,0,0.094,0.08775,0.10025,0.0,cote_r -24.20,heures_travail +4.53,log_revenu -4.17
C008798,1,0.733,0.722,0.744,0.0,cote_r +11.13,log_revenu +5.67,heures_travail -3.85
C005824,0,0.0849375,0.061625,0.10825,0.0,cote_r -27.35,log_revenu +6.20,heures_travail -1.33
C000407,1,0.856125,0.81725,0.895,0.0,cote_r +16.76,heures_travail +4.53,log_revenu +3.40
C004227,0,0.07925,0.0585,0.1,0.0,cote_r -27.52,log_revenu +5.17,heures_travail -1.33
C008550,0,0.01225,0.0125,0.012,0.0,cote_r -39.50,heures_travail -4.69,log_revenu +3.70
C000440,0,0.503375,0.43225,0.5745,0.0,heures_travail +6.21,cote_r -2.86,log_revenu +0.66
C002511,0,0.3939375,0.272875,0.515,0.0,cote_r -11.10,heures_travail +7.89,log_revenu +4.48
C008608,0,0.226875,0.247,0.20675,0.0,cote_r -12.41,heures_travail -2.17,log_revenu -1.06
C000880,0,0.4189375,0.369375,0.4685,0.0,cote_r -6.06,log_revenu +2.76,heures_travail +2.02
C004538,0,0.255625,0.22375,0.2875,0.0,cote_r -13.77,heures_travail +4.53,log_revenu -1.90
C007934,0,0.34381249999999997,0.378125,0.3095,0.0,cote_r -5.65,heures_travail -2.17,log_revenu -1.47
C008854,0,0.1111875,0.092875,0.1295,0.0,cote_r -23.67,log_revenu +3.60,heures_travail -0.50
C007406,0,0.1725625,0.209875,0.13525,0.0,cote_r -14.72,log_revenu -3.94,heures_travail -1.33
C005939,0,0.1281875,0.099625,0.15675,0.0,cote_r -23.02,heures_travail +6.21,log_revenu -2.13
C003258,1,0.8164374999999999,0.865625,0.76725,0.0,cote_r +20.79,log_revenu -4.90,heures_travail -2.17
C000607,0,0.1794375,0.175875,0.183,0.0,cote_r -16.79,heures_travail +0.34,premiere_generation -0.15
C011753,0,0.178625,0.16975,0.1875,0.0,cote_r -17.09,log_revenu +4.74,heures_travail -3.85
C013754,1,0.972,0.97375,0.97025,0.0,cote_r +36.32,heures_travail +1.18,log_revenu -0.63
C000623,0,0.0235,0.0095,0.0375,0.0,cote_r -40.68,log_revenu +8.84,heures_travail +0.34
C000118,1,0.956,0.95225,0.95975,0.0,cote_r +31.70,log_revenu +4.49,heures_travail -2.17
C010923,0,0.5745625,0.580125,0.569,0.0,cote_r +3.84,heures_travail -2.17,log_revenu +2.16
C010234,0,0.0983125,0.084875,0.11175,0.0,cote_r -24.38,log_revenu +3.06,heures_travail -1.33
C002419,0,0.082625,0.10975,0.0555,0.0,cote_r -22.01,heures_travail -6.36,log_revenu -0.80
C013436,0,0.4714375,0.470625,0.47225,0.0,log_revenu +3.12,heures_travail -3.01,cote_r -0.97
C003248,1,0.9696875,0.971625,0.96775,0.0,cote_r +36.09,log_revenu +3.03,heures_travail -3.01
C013044,0,0.5928125,0.546125,0.6395,0.0,log_revenu +5.03,cote_r +2.24,heures_travail -0.50
C005746,1,0.694625,0.662,0.72725,0.0,cote_r +7.93,log_revenu +7.30,heures_travail -3.85
C006861,1,0.9121250000000001,0.90625,0.918,0.0,cote_r +25.00,heures_travail +2.86,log_revenu -0.31
C005561,0,0.49274999999999997,0.563,0.4225,0.0,log_revenu -4.96,cote_r +3.07,heures_travail -1.33
C007645,0,0.5724374999999999,0.542625,0.60225,0.0,log_revenu +2.58,cote_r +2.12,prog_Genie +0.39
C006375,0,0.48643749999999997,0.464875,0.508,0.0,heures_travail +5.37,log_revenu -3.45,cote_r -1.26
C000210,0,0.12425,0.123,0.1255,0.0,cote_r -20.77,heures_travail -3.01,log_revenu +2.78
C002553,1,0.8868125,0.919625,0.854,0.0,cote_r +26.54,log_revenu -3.36,heures_travail -3.01
C008951,1,0.9131875,0.923625,0.90275,0.0,cote_r +27.13,heures_travail -3.01,log_revenu +0.87
C004435,0,0.0713125,0.062875,0.07975,0.0,cote_r -27.17,log_revenu +5.49,heures_travail -4.69
C008288,0,0.41200000000000003,0.4445,0.3795,0.0,heures_travail -6.36,log_revenu +3.07,cote_r -2.27
C003094,1,0.8815625,0.892375,0.87075,0.0,cote_r +23.46,heures_travail -3.01,log_revenu +1.69
C001723,0,0.058875,0.0545,0.06325,0.0,cote_r -28.18,log_revenu -2.08,heures_travail +2.02
C013352,0,0.0509375,0.063625,0.03825,0.0,cote_r -27.11,heures_travail -3.01,log_revenu -1.35
C012312,0,0.3535625,0.325125,0.382,0.0,cote_r -7.96,log_revenu +4.35,heures_travail -1.33
C000430,0,0.5480625,0.535125,0.561,0.0,heures_travail +2.86,cote_r +1.88,log_revenu -1.54
C001177,0,0.3905625,0.399375,0.38175,0.0,heures_travail -4.69,cote_r -4.58,log_revenu +3.67
C010139,0,0.0323125,0.032125,0.0325,0.0,cote_r -32.38,heures_travail -2.17,log_revenu +1.82
C011321,0,0.47787500000000005,0.42475,0.531,0.0,log_revenu +3.32,cote_r -3.28,heures_travail +2.02
C000597,0,0.5685,0.611,0.526,0.0,heures_travail -5.53,cote_r +5.32,log_revenu +2.07
C003147,0,0.538375,0.5505,0.52625,0.0,log_revenu -4.17,heures_travail +3.70,cote_r +2.47
C004693,0,0.18706250000000002,0.174125,0.2,0.0,cote_r -16.91,heures_travail +1.18,prog_Sciences +0.22
C010096,0,0.48487499999999994,0.563,0.40675,0.0,log_revenu -8.38,cote_r +3.07,heures_travail +1.18
C001328,0,0.34487500000000004,0.30875,0.381,0.0,cote_r -8.79,log_revenu +2.21,heures_travail +1.18
C013236,1,0.7705,0.722,0.819,0.0,cote_r +11.13,log_revenu +5.90,heures_travail +0.34
C004968,0,0.0838125,0.063625,0.104,0.0,cote_r -27.11,log_revenu +3.18,prog_Genie +0.39
C004173,0,0.12356249999999999,0.104125,0.143,0.0,cote_r -22.54,heures_travail +3.70,log_revenu -0.97
C004269,1,0.9005624999999999,0.916625,0.8845,0.0,cote_r +26.07,log_revenu -3.13,heures_travail +0.34
C000453,1,0.96425,0.978,0.9505,0.0,cote_r +37.33,log_revenu -7.47,heures_travail +2.02
C010224,0,0.588375,0.59275,0.584,0.0,heures_travail +4.53,log_revenu -4.52,cote_r +4.49
C000698,0,0.17149999999999999,0.1505,0.1925,0.0,cote_r -18.39,heures_travail +1.18,log_revenu +0.92
C007886,0,0.33387500000000003,0.29525,0.3725,0.0,cote_r -9.56,heures_travail +6.21,log_revenu -2.38
C002566,1,0.76925,0.79,0.7485,0.0,cote_r +14.86,log_revenu -1.26,heures_travail -0.50
C008478,0,0.5931249999999999,0.59525,0.591,0.0,cote_r +4.61,heures_travail -2.17,log_revenu +2.08
C012605,0,0.349875,0.4125,0.28725,0.0,log_revenu -8.11,cote_r -3.99,heures_travail +1.18
C007472,0,0.5896875,0.659625,0.51975,0.0,log_revenu -8.79,cote_r +7.81,heures_travail +2.02
C008987,1,0.7896875,0.858375,0.721,0.0,cote_r +20.20,log_revenu -5.45,heures_travail -3.01
C001423,0,0.1215,0.10175,0.14125,0.0,cote_r -22.84,heures_travail +6.21,log_revenu -3.06
C010240,0,0.3059375,0.312125,0.29975,0.0,cote_r -8.61,heures_travail -3.01,log_revenu +1.86
C010929,1,0.787125,0.75125,0.823,0.0,cote_r +12.61,log_revenu +4.82,heures_travail +0.34
C005122,0,0.3094375,0.337375,0.2815,0.0,cote_r -7.49,heures_travail -4.69,log_revenu +1.43
C005658,0,0.4759375,0.531875,0.42,0.0,heures_travail -4.69,cote_r +1.70,prog_Sante +0.29
C005591,0,0.45081249999999995,0.463375,0.43825,0.0,log_revenu -5.55,heures_travail +4.53,cote_r -1.32
C008209,0,0.2894375,0.218125,0.36075,0.0,cote_r -14.19,log_revenu +4.20,heures_travail +3.70
C003293,1,0.9635625,0.967625,0.9595,0.0,cote_r +35.08,heures_travail -3.01,log_revenu +2.20
C012135,1,0.8900625,0.859375,0.92075,0.0,cote_r +20.26,log_revenu +4.55,heures_travail +2.86
C012194,0,0.4420625,0.427875,0.45625,0.0,log_revenu +3.30,cote_r -3.10,heures_travail -2.17
C007282,0,0.4595,0.47325,0.44575,0.0,heures_travail -3.85,log_revenu +2.20,cote_r -0.85
C003799,0,0.269875,0.35175,0.188,0.0,cote_r -6.83,log_revenu -5.89,heures_travail -3.85
C002084,0,0.13068749999999998,0.159375,0.102,0.0,cote_r -17.74,log_revenu -3.14,heures_travail -3.01
C002177,1,0.860625,0.857,0.86425,0.0,cote_r +20.08,log_revenu +2.06,heures_travail -0.50
C007534,1,0.810875,0.758,0.86375,0.0,cote_r +12.97,heures_travail +5.37,log_revenu +3.39
C003054,0,0.3545625,0.398125,0.311,0.0,log_revenu -8.22,cote_r -4.64,heures_travail +3.70
C008466,1,0.7224375000000001,0.680875,0.764,0.0,cote_r +8.82,log_revenu +3.73,heures_travail +1.18
C001180,0,0.5569999999999999,0.57825,0.53575,0.0,cote_r +3.78,heures_travail -1.33,log_revenu -0.20
C011955,1,0.9221874999999999,0.919125,0.92525,0.0,cote_r +26.42,heures_travail +2.02,premiere_generation -0.15
C011654,1,0.622125,0.69,0.55425,0.0,cote_r +9.23,heures_travail -3.85,log_revenu -2.31
C010361,0,0.5496875,0.639375,0.46,0.0,log_revenu -7.93,cote_r +6.86,heures_travail -0.50
C007577,1,0.8759375,0.831375,0.9205,0.0,cote_r +17.89,heures_travail +8.73,log_revenu +1.28
C007323,0,0.26087499999999997,0.2605,0.26125,0.0,cote_r -11.75,log_revenu -1.71,heures_travail +1.18
C005232,0,0.5634999999999999,0.59525,0.53175,0.0,cote_r +4.61,log_revenu -3.07,prog_Genie +0.39
C007342,0,0.5415,0.59725,0.48575,0.0,log_revenu -4.86,cote_r +4.73,heures_travail -0.50
C003992,1,0.8244375,0.781375,0.8675,0.0,cote_r +14.27,log_revenu +5.55,heures_travail +2.02
C000332,1,0.8103125,0.821125,0.7995,0.0,cote_r +17.12,heures_travail -1.33,log_revenu +0.90
C012603,1,0.69575,0.762,0.6295,0.0,cote_r +13.14,log_revenu -5.04,heures_travail -1.33
C001240,1,0.8175625,0.831375,0.80375,0.0,cote_r +17.89,heures_travail -3.85,log_revenu +2.33
C010568,0,0.20556249999999998,0.175875,0.23525,0.0,cote_r -16.79,log_revenu +1.76,heures_travail +1.18
C000215,0,0.463375,0.4525,0.47425,0.0,heures_travail +7.89,log_revenu -6.91,cote_r -1.91
C004307,1,0.6454375,0.679625,0.61125,0.0,cote_r +8.76,heures_travail -2.17,log_revenu -0.59
C000525,0,0.27175,0.284,0.2595,0.0,cote_r -10.39,log_revenu -1.65,heures_travail +0.34
C013973,1,0.6706875,0.659625,0.68175,0.0,cote_r +7.81,log_revenu +3.69,heures_travail -2.17
C000712,0,0.5001875,0.514875,0.4855,0.0,heures_travail -4.69,log_revenu +3.53,cote_r +0.93
C001792,0,0.5021875,0.502375,0.502,0.0,heures_travail +2.02,log_revenu -1.53,cote_r +0.40
C001291,1,0.7380625000000001,0.731875,0.74425,0.0,cote_r +11.66,heures_travail +3.70,log_revenu -2.76
C012607,1,0.8220000000000001,0.857,0.787,0.0,cote_r +20.08,heures_travail -3.85,log_revenu -0.92
C000224,1,0.66325,0.644,0.6825,0.0,cote_r +7.04,log_revenu +1.99,heures_travail +0.34
C001189,0,0.5721875000000001,0.540375,0.604,0.0,heures_travail +2.86,cote_r +2.06,prog_Genie +0.39
C004106,1,0.8807499999999999,0.9045,0.857,0.0,cote_r +24.82,heures_travail -6.36,log_revenu +2.04
C006605,0,0.0384375,0.025625,0.05125,0.0,cote_r -34.16,heures_travail +6.21,log_revenu -1.95
C003025,1,0.7013750000000001,0.68725,0.7155,0.0,cote_r +9.05,heures_travail +2.86,log_revenu -1.03
C004854,0,0.4030625,0.359125,0.447,0.0,cote_r -6.48,heures_travail +5.37,log_revenu -1.11
C006858,1,0.7100625,0.734125,0.686,0.0,cote_r +11.78,log_revenu -3.19,heures_travail +1.18
C004936,1,0.610125,0.53,0.69025,0.0,log_revenu +8.43,cote_r +1.64,heures_travail -0.50
C013397,0,0.4770625,0.502375,0.45175,0.0,heures_travail -1.33,log_revenu -0.92,cote_r +0.40
C009726,1,0.9379375,0.931375,0.9445,0.0,cote_r +28.08,heures_travail +2.02,prog_Genie +0.39
C002261,0,0.048875,0.013,0.08475,0.0,cote_r -39.32,heures_travail +10.40,log_revenu +3.99
C003264,1,0.9744375000000001,0.986625,0.96225,0.0,cote_r +42.67,heures_travail -6.36,log_revenu -1.44
C003573,0,0.1706875,0.206375,0.135,0.0,cote_r -14.96,log_revenu -3.87,heures_travail -1.33
C001009,0,0.59575,0.59275,0.59875,0.0,cote_r +4.49,log_revenu +1.06,heures_travail -0.50
C011304,0,0.3400625,0.347375,0.33275,0.0,cote_r -7.01,heures_travail -1.33,log_revenu +0.27
C007326,1,0.859625,0.84825,0.871,0.0,cote_r +19.43,heures_travail +2.86,log_revenu -0.12
C001935,1,0.9016875,0.946625,0.85675,0.0,cote_r +30.57,heures_travail -5.53,log_revenu -4.06
C005271,1,0.6970624999999999,0.556375,0.83775,0.0,heures_travail +12.92,log_revenu +3.09,cote_r +2.77
C012746,0,0.439125,0.47475,0.4035,0.0,heures_travail -3.01,cote_r -0.79,log_revenu -0.33
C006917,0,0.16175,0.18325,0.14025,0.0,cote_r -16.32,log_revenu -2.91,heures_travail -0.50
C011326,1,0.6076874999999999,0.583625,0.63175,0.0,cote_r +3.96,log_revenu +3.42,heures_travail -0.50
C005756,1,0.8013125000000001,0.806625,0.796,0.0,cote_r +15.87,log_revenu -2.88,heures_travail +2.86
C010960,0,0.2161875,0.297875,0.1345,0.0,cote_r -9.38,heures_travail -6.36,log_revenu -4.19
C013179,0,0.592,0.61325,0.57075,0.0,cote_r +5.44,log_revenu -5.22,heures_travail +3.70
C010274,0,0.214,0.21875,0.20925,0.0,cote_r -14.13,log_revenu -1.16,heures_travail +0.34
C003940,1,0.6433125,0.625125,0.6615,0.0,cote_r +6.09,log_revenu +3.71,heures_travail -1.33
C006880,0,0.119,0.0825,0.1555,0.0,cote_r -24.56,heures_travail +5.37,log_revenu +0.62
C001091,0,0.2048125,0.264875,0.14475,0.0,cote_r -11.58,log_revenu -8.25,prog_Genie +0.39
C013934,1,0.9334374999999999,0.951125,0.91575,0.0,cote_r +31.52,log_revenu -3.48,heures_travail -1.33
C000319,0,0.305125,0.3535,0.25675,0.0,cote_r -6.77,log_revenu -4.03,heures_travail -1.33
C013208,1,0.9796875,0.967625,0.99175,0.0,cote_r +35.08,log_revenu +5.44,heures_travail +2.86
C006380,0,0.0663125,0.076625,0.056,0.0,cote_r -25.33,heures_travail -3.01,log_revenu -0.94
C000510,1,0.6785,0.62325,0.73375,0.0,cote_r +5.97,log_revenu +3.95,heures_travail +2.02
C012275,1,0.73175,0.7455,0.718,0.0,cote_r +12.37,heures_travail -1.33,prog_Sciences +0.22
C004312,1,0.9595,0.95475,0.96425,0.0,cote_r +32.05,log_revenu +5.71,heures_travail -2.17
C001638,1,0.6600625,0.700875,0.61925,0.0,cote_r +9.88,heures_travail -2.17,log_revenu -1.43
C000213,0,0.426375,0.39375,0.459,0.0,cote_r -4.88,log_revenu +3.20,heures_travail +0.34
C013256,0,0.10425000000000001,0.115,0.0935,0.0,cote_r -21.48,log_revenu -1.61,heures_travail -1.33
C013792,1,0.647125,0.67475,0.6195,0.0,cote_r +8.58,log_revenu -1.99,heures_travail -0.50
C002193,0,0.1021875,0.071375,0.133,0.0,cote_r -26.10,log_revenu +4.37,heures_travail +1.18
C007058,0,0.3444375,0.322125,0.36675,0.0,cote_r -8.08,heures_travail +2.02,prog_Genie +0.39
C004680,1,0.8364375,0.849625,0.82325,0.0,cote_r +19.55,log_revenu -1.83,heures_travail +0.34
C000288,0,0.561625,0.61325,0.51,0.0,heures_travail -5.53,cote_r +5.44,log_revenu +1.05
C005199,0,0.2850625,0.311375,0.25875,0.0,cote_r -8.67,heures_travail -3.85,log_revenu +0.56
C012977,0,0.36024999999999996,0.31425,0.40625,0.0,cote_r -8.49,heures_travail +4.53,prog_Sante +0.29
C009554,0,0.059625,0.07925,0.04,0.0,cote_r -25.03,log_revenu -6.38,heures_travail +0.34
C006395,1,0.6396875,0.698875,0.5805,0.0,cote_r +9.76,log_revenu -3.77,heures_travail -1.33
C000914,1,0.8999999999999999,0.857,0.943,0.0,cote_r +20.08,log_revenu +7.95,heures_travail +2.86
C003980,0,0.1226875,0.138125,0.10725,0.0,cote_r -19.46,log_revenu -3.84,prog_Genie +0.39
C010988,0,0.27431249999999996,0.282875,0.26575,0.0,cote_r -10.45,heures_travail -1.33,prog_Genie +0.39
C004575,0,0.321125,0.32075,0.3215,0.0,cote_r -8.14,heures_travail -0.50,prog_Genie +0.39
C006877,0,0.25825,0.28075,0.23575,0.0,cote_r -10.63,heures_travail -2.17,log_revenu -1.04
C011674,0,0.176625,0.22825,0.125,0.0,cote_r -13.53,log_revenu -5.65,heures_travail -1.33
C001199,1,0.659125,0.654,0.66425,0.0,cote_r +7.57,heures_travail +0.34,log_revenu +0.29
C002201,0,0.5585625000000001,0.624125,0.493,0.0,cote_r +6.03,heures_travail -3.85,log_revenu -1.76
C000944,0,0.506875,0.43475,0.579,0.0,log_revenu +4.12,heures_travail +2.86,cote_r -2.74
C007487,1,0.9101874999999999,0.881375,0.939,0.0,cote_r +22.33,log_revenu +4.91,heures_travail +2.86
C013953,0,0.1489375,0.144375,0.1535,0.0,cote_r -18.87,heures_travail +2.02,log_revenu -1.94
C001847,0,0.2423125,0.230625,0.254,0.0,cote_r -13.36,log_revenu +1.13,heures_travail -0.50
C005260,0,0.1980625,0.152375,0.24375,0.0,cote_r -18.28,heures_travail +2.86,log_revenu +2.25
C008928,1,0.674875,0.722,0.62775,0.0,cote_r +11.13,log_revenu -3.55,heures_travail -1.33
C002410,1,0.8287500000000001,0.82625,0.83125,0.0,cote_r +17.65,log_revenu +3.08,heures_travail -2.17
C006833,1,0.8540625,0.868875,0.83925,0.0,cote_r +21.15,heures_travail -2.17,premiere_generation -0.15
C011084,0,0.5834375,0.614625,0.55225,0.0,cote_r +5.50,log_revenu -1.46,heures_travail -1.33
C003037,1,0.8470625,0.851875,0.84225,0.0,cote_r +19.66,heures_travail -3.85,log_revenu +3.13
C010484,1,0.8628750000000001,0.887,0.83875,0.0,cote_r +22.98,log_revenu -7.15,heures_travail +2.86
C008741,1,0.97525,0.97,0.9805,0.0,cote_r +35.61,heures_travail +7.05,log_revenu -2.56
C009172,1,0.70625,0.7425,0.67,0.0,cote_r +12.20,log_revenu -4.00,prog_Genie +0.39
C013229,1,0.94075,0.94975,0.93175,0.0,cote_r +31.34,heures_travail -4.69,log_revenu +2.01
C004689,1,0.6260625,0.698875,0.55325,0.0,cote_r +9.76,log_revenu -6.75,heures_travail +0.34
C004882,0,0.23349999999999999,0.263,0.204,0.0,cote_r -11.64,heures_travail -2.17,log_revenu -1.44
C003051,0,0.17681249999999998,0.131625,0.222,0.0,cote_r -19.94,log_revenu +5.95,heures_travail -0.50
C004664,0,0.30943750000000003,0.279375,0.3395,0.0,cote_r -10.69,log_revenu +2.94,heures_travail +0.34
C000031,0,0.16549999999999998,0.1495,0.1815,0.0,cote_r -18.45,log_revenu +4.01,heures_travail -2.17
C013180,1,0.99525,0.99875,0.99175,0.0,cote_r +58.38,log_revenu +7.97,heures_travail -4.69
C010781,0,0.214125,0.17875,0.2495,0.0,cote_r -16.62,heures_travail +6.21,log_revenu -2.18
C013541,1,0.9215,0.944,0.899,0.0,cote_r +30.34,heures_travail -3.01,log_revenu -2.46
C004284,1,0.7670625,0.787125,0.747,0.0,cote_r +14.63,heures_travail -3.85,log_revenu +2.17
C012218,0,0.38012500000000005,0.37175,0.3885,0.0,cote_r -5.94,log_revenu +1.34,heures_travail -0.50
C008191,0,0.3441875,0.399375,0.289,0.0,log_revenu -4.72,cote_r -4.58,heures_travail -1.33
C002556,1,0.69825,0.65675,0.73975,0.0,cote_r +7.69,heures_travail +3.70,log_revenu +1.35
C005887,0,0.242875,0.19775,0.288,0.0,cote_r -15.43,log_revenu +4.22,heures_travail +0.34
C001147,1,0.692,0.725,0.659,0.0,cote_r +11.31,log_revenu -2.04,heures_travail -1.33
C005499,1,0.7951250000000001,0.76375,0.8265,0.0,cote_r +13.20,heures_travail +5.37,log_revenu -0.70
C013780,1,0.947125,0.944,0.95025,0.0,cote_r +30.34,log_revenu +2.02,heures_travail -0.50
C002023,0,0.458375,0.4205,0.49625,0.0,log_revenu +5.99,cote_r -3.51,heures_travail -2.17
C013800,0,0.0280625,0.016875,0.03925,0.0,cote_r -37.30,heures_travail +4.53,log_revenu +1.12
C006334,0,0.513125,0.45875,0.5675,0.0,heures_travail +2.86,log_revenu +2.25,cote_r -1.62
C006304,0,0.5269375000000001,0.535125,0.51875,0.0,heures_travail -2.17,cote_r +1.88,log_revenu +1.72
C008973,0,0.47662499999999997,0.499,0.45425,0.0,log_revenu -2.70,prog_Genie +0.39,heures_travail +0.34
C010132,0,0.130875,0.11725,0.1445,0.0,cote_r -21.18,heures_travail +5.37,log_revenu -3.27
C006528,0,0.15631250000000002,0.175875,0.13675,0.0,cote_r -16.79,heures_travail -3.01,log_revenu -0.29
C005616,1,0.6706875,0.691125,0.65025,0.0,cote_r +9.35,log_revenu -1.10,heures_travail -0.50
C008908,1,0.59975,0.56875,0.63075,0.0,log_revenu +3.62,cote_r +3.24,heures_travail -0.50
C001667,0,0.03825,0.04025,0.03625,0.0,cote_r -30.84,heures_travail -1.33,log_revenu +0.25
C006935,1,0.6091249999999999,0.69,0.52825,0.0,cote_r +9.23,log_revenu -8.78,heures_travail +1.18
C002886,1,0.6640625,0.639375,0.68875,0.0,heures_travail +7.05,cote_r +6.86,log_revenu -3.90
C008039,0,0.134375,0.1495,0.11925,0.0,cote_r -18.45,log_revenu -3.97,heures_travail +1.18
C010154,0,0.4481875,0.540375,0.356,0.0,log_revenu -4.56,heures_travail -3.85,cote_r +2.06
C002001,0,0.5479375,0.581875,0.514,0.0,log_revenu -4.05,cote_r +3.90,heures_travail +1.18
C006300,1,0.846125,0.84525,0.847,0.0,cote_r +19.01,log_revenu +1.67,heures_travail -1.33
C007830,0,0.19293749999999998,0.206375,0.1795,0.0,cote_r -14.96,heures_travail -4.69,log_revenu +2.30
C001870,1,0.7628124999999999,0.773125,0.7525,0.0,cote_r +13.68,heures_travail -3.85,log_revenu +3.19
C007136,0,0.4138125,0.406125,0.4215,0.0,log_revenu +4.57,cote_r -4.23,heures_travail -3.85
C011344,0,0.02975,0.029,0.0305,0.0,cote_r -33.57,heures_travail -4.69,log_revenu +4.47
C006991,0,0.530875,0.59625,0.4655,0.0,cote_r +4.67,heures_travail -3.85,log_revenu -2.04
C013501,0,0.35531250000000003,0.291125,0.4195,0.0,cote_r -9.80,log_revenu +3.34,heures_travail +2.86
C009163,0,0.4114375,0.390875,0.432,0.0,log_revenu +5.94,cote_r -5.00,heures_travail -3.85
C004615,0,0.1923125,0.175875,0.20875,0.0,cote_r -16.79,log_revenu +2.56,heures_travail -1.33
C003696,0,0.4419375,0.476375,0.4075,0.0,log_revenu -7.71,heures_travail +4.53,cote_r -0.73
C011595,0,0.35375,0.31425,0.39325,0.0,cote_r -8.49,heures_travail +2.86,log_revenu +0.74
C002273,0,0.14075,0.1535,0.128,0.0,cote_r -18.22,heures_travail -1.33,log_revenu -1.04
C013177,0,0.1429375,0.146375,0.1395,0.0,cote_r -18.75,heures_travail -1.33,prog_Sante +0.29
C008150,0,0.5016875,0.450625,0.55275,0.0,log_revenu +5.49,cote_r -1.97,heures_travail -0.50
C005167,0,0.5495625,0.557375,0.54175,0.0,cote_r +2.83,heures_travail -2.17,log_revenu +1.65
C001857,1,0.6731875,0.737875,0.6085,0.0,cote_r +11.96,log_revenu -4.35,heures_travail -2.17
C003191,0,0.077125,0.0825,0.07175,0.0,cote_r -24.56,heures_travail -3.01,log_revenu +1.08
C006727,0,0.02,0.0165,0.0235,0.0,cote_r -37.36,log_revenu +4.43,heures_travail -3.01
C012287,1,0.911625,0.90025,0.923,0.0,cote_r +24.35,log_revenu +5.68,heures_travail -2.17
C006753,0,0.4449375,0.506125,0.38375,0.0,heures_travail -4.69,log_revenu -0.85,cote_r +0.52
C012768,1,0.7141875,0.642625,0.78575,0.0,cote_r +6.98,heures_travail +5.37,log_revenu +2.78
C006029,1,0.67625,0.666,0.6865,0.0,cote_r +8.05,log_revenu +3.78,heures_travail -2.17
C009992,1,0.6204375,0.676125,0.56475,0.0,cote_r +8.64,heures_travail -4.69,log_revenu -0.80
C012205,0,0.25825,0.2175,0.299,0.0,cote_r -14.24,log_revenu +2.54,heures_travail +1.18
C005154,0,0.04325,0.0515,0.035,0.0,cote_r -28.59,heures_travail -3.01,log_revenu -0.90
C005831,0,0.0550625,0.052125,0.058,0.0,cote_r -28.53,heures_travail +3.70,log_revenu -3.66
C011067,1,0.9902500000000001,0.98875,0.99175,0.0,cote_r +43.56,log_revenu +4.04,heures_travail -2.17
C009916,0,0.2040625,0.206375,0.20175,0.0,cote_r -14.96,heures_travail -0.50,prog_Sciences +0.22
C003783,1,0.7019375,0.765375,0.6385,0.0,cote_r +13.26,log_revenu -4.96,heures_travail -1.33
C001988,1,0.973875,0.97325,0.9745,0.0,cote_r +36.26,heures_travail +1.18,log_revenu +0.92
C012724,0,0.06231249999999999,0.052125,0.0725,0.0,cote_r -28.53,heures_travail +1.18,log_revenu +0.82
C000417,1,0.83325,0.8605,0.806,0.0,cote_r +20.38,log_revenu -2.55,heures_travail -1.33
C007875,0,0.5815,0.511,0.652,0.0,log_revenu +8.00,heures_travail -1.33,cote_r +0.75
C006088,0,0.1365625,0.109125,0.164,0.0,cote_r -22.07,heures_travail +3.70,prog_Sciences +0.22
C013594,1,0.787,0.82225,0.75175,0.0,cote_r +17.23,log_revenu -3.82,heures_travail -0.50
C008614,1,0.7181875,0.639375,0.797,0.0,heures_travail +12.08,cote_r +6.86,log_revenu -2.69
C001117,0,0.3483125,0.335625,0.361,0.0,cote_r -7.55,log_revenu +4.16,heures_travail -3.01
C000603,1,0.7083125,0.710375,0.70625,0.0,cote_r +10.48,heures_travail -1.33,log_revenu +1.23
C005610,0,0.3234375,0.275375,0.3715,0.0,cote_r -10.92,log_revenu +5.70,heures_travail -0.50
C005166,0,0.1038125,0.124875,0.08275,0.0,cote_r -20.59,log_revenu -2.46,heures_travail -2.17
C011166,0,0.2385625,0.293625,0.1835,0.0,cote_r -9.68,log_revenu -4.44,heures_travail -3.01
C012292,0,0.2611875,0.278125,0.24425,0.0,cote_r -10.75,heures_travail -4.69,log_revenu +2.24
C006083,0,0.5281875,0.414125,0.64225,0.0,heures_travail +10.40,cote_r -3.93,log_revenu +0.90
C010150,0,0.2975,0.254,0.341,0.0,cote_r -12.05,log_revenu +4.45,heures_travail +0.34
C011630,0,0.5729375,0.581875,0.564,0.0,cote_r +3.90,heures_travail -3.01,log_revenu +2.36
C013060,1,0.9805625,0.969375,0.99175,0.0,cote_r +35.49,heures_travail +10.40,log_revenu -1.66
C011403,1,0.637875,0.68725,0.5885,0.0,cote_r +9.05,heures_travail -4.69,log_revenu +0.64
C012781,1,0.6737500000000001,0.649,0.6985,0.0,cote_r +7.27,log_revenu +5.61,heures_travail -3.01
C005309,0,0.39975,0.4365,0.363,0.0,log_revenu -4.36,cote_r -2.63,prog_Genie +0.39
C000254,0,0.4450625,0.421875,0.46825,0.0,heures_travail +4.53,cote_r -3.46,log_revenu -2.54
C002052,1,0.6459375,0.658125,0.63375,0.0,cote_r +7.75,heures_travail -3.01,log_revenu +2.15
C004155,0,0.4861875,0.506125,0.46625,0.0,log_revenu -2.42,cote_r +0.52,prog_Genie +0.39
C004078,0,0.2788125,0.325125,0.2325,0.0,cote_r -7.96,heures_travail -3.01,log_revenu -2.57
C009238,0,0.36912500000000004,0.277,0.46125,0.0,cote_r -10.81,heures_travail +6.21,log_revenu +3.20
C002918,0,0.42218750000000005,0.414125,0.43025,0.0,cote_r -3.93,heures_travail +2.02,log_revenu -0.70
C012344,1,0.7464999999999999,0.75125,0.74175,0.0,cote_r +12.61,heures_travail +1.18,log_revenu -1.03
C011725,1,0.9705625,0.960625,0.9805,0.0,cote_r +33.42,log_revenu +4.26,heures_travail +2.02
C006236,1,0.97075,0.984,0.9575,0.0,cote_r +40.47,heures_travail -4.69,log_revenu -2.07
C001676,0,0.3830625,0.406125,0.36,0.0,cote_r -4.23,heures_travail -1.33,log_revenu -1.28
C002356,0,0.501875,0.5365,0.46725,0.0,heures_travail -5.53,log_revenu +2.51,cote_r +1.94
C010940,0,0.3239375,0.335625,0.31225,0.0,cote_r -7.55,heures_travail -2.17,log_revenu +0.53
C003103,1,0.8680625,0.920875,0.81525,0.0,cote_r +26.66,log_revenu -6.00,heures_travail -3.85
C008032,0,0.3743125,0.364125,0.3845,0.0,cote_r -6.30,heures_travail +2.86,log_revenu -1.65
C012968,0,0.5239375,0.535125,0.51275,0.0,heures_travail -3.01,cote_r +1.88,log_revenu +1.83
C010577,1,0.8951875,0.871125,0.91925,0.0,cote_r +21.32,log_revenu +4.14,heures_travail +2.02
C005872,1,0.829875,0.808,0.85175,0.0,cote_r +15.99,log_revenu +2.73,heures_travail +1.18
C005983,0,0.25887499999999997,0.22375,0.294,0.0,cote_r -13.77,heures_travail +2.02,log_revenu +1.38
C001360,0,0.0995625,0.096375,0.10275,0.0,cote_r -23.26,log_revenu -0.88,prog_Genie +0.39
C004257,0,0.509875,0.594,0.42575,0.0,heures_travail -5.53,cote_r +4.55,log_revenu -1.92
C011107,0,0.017375,0.01375,0.021,0.0,cote_r -38.79,log_revenu +1.94,heures_travail +0.34
C012329,1,0.6487499999999999,0.6015,0.696,0.0,cote_r +4.90,heures_travail +3.70,log_revenu +1.12
C003776,0,0.43075,0.4675,0.394,0.0,log_revenu -4.76,heures_travail +1.18,cote_r -1.08
C007974,1,0.9096875,0.899625,0.91975,0.0,cote_r +24.29,log_revenu +4.64,heures_travail -1.33
C002577,0,0.058125,0.0685,0.04775,0.0,cote_r -26.40,log_revenu -2.53,heures_travail -1.33
C005891,0,0.059937500000000005,0.061625,0.05825,0.0,cote_r -27.35,log_revenu -1.01,heures_travail -0.50
C013659,0,0.3461875,0.318125,0.37425,0.0,cote_r -8.32,heures_travail +6.21,log_revenu -3.81
C001794,0,0.3256875,0.402875,0.2485,0.0,log_revenu -6.37,cote_r -4.40,heures_travail -2.17
C006458,0,0.0620625,0.062875,0.06125,0.0,cote_r -27.17,log_revenu -0.88,heures_travail -0.50
C001840,0,0.06168749999999999,0.052125,0.07125,0.0,cote_r -28.53,heures_travail +2.02,premiere_generation -0.15
C012524,1,0.7318125,0.703625,0.76,0.0,cote_r +10.00,log_revenu +4.28,heures_travail -0.50
C003592,1,0.9340625,0.911625,0.9565,0.0,cote_r +25.59,heures_travail +7.05,log_revenu +0.68
C006702,0,0.021312499999999998,0.019375,0.02325,0.0,cote_r -36.06,heures_travail +2.02,log_revenu -1.56
C004541,1,0.60775,0.6215,0.594,0.0,cote_r +5.85,log_revenu -2.15,heures_travail +1.18
C008108,0,0.3758125,0.399375,0.35225,0.0,cote_r -4.58,heures_travail -1.33,log_revenu -0.82
C009799,0,0.3989375,0.374625,0.42325,0.0,cote_r -5.83,log_revenu +3.07,heures_travail -0.50
C000030,1,0.99375,0.99575,0.99175,0.0,cote_r +49.31,log_revenu -7.66,heures_travail +3.70
C001149,0,0.33418749999999997,0.350125,0.31825,0.0,cote_r -6.89,heures_travail -1.33,log_revenu -0.31
C013449,0,0.4595625,0.448625,0.4705,0.0,cote_r -2.03,log_revenu +1.30,heures_travail -0.50
C008943,1,0.8545625,0.839125,0.87,0.0,cote_r +18.48,log_revenu +3.73,heures_travail -0.50
C008091,1,0.6615625,0.700875,0.62225,0.0,cote_r +9.88,log_revenu -2.75,heures_travail -0.50
C012450,0,0.5246875,0.542625,0.50675,0.0,heures_travail -2.17,cote_r +2.12,log_revenu +0.83
C001095,1,0.6954375,0.612125,0.77875,0.0,heures_travail +6.21,cote_r +5.38,log_revenu +2.79
C012326,0,0.2660625,0.240875,0.29125,0.0,cote_r -12.76,log_revenu +4.23,heures_travail -2.17
C003518,1,0.6312500000000001,0.57825,0.68425,0.0,log_revenu +6.88,cote_r +3.78,heures_travail -1.33
C007701,0,0.536625,0.538,0.53525,0.0,log_revenu +4.07,heures_travail -3.85,cote_r +2.00
C001833,1,0.8505,0.85325,0.84775,0.0,cote_r +19.78,heures_travail -4.69,log_revenu +4.44
C013421,0,0.324625,0.3195,0.32975,0.0,cote_r -8.20,log_revenu +4.06,heures_travail -3.85
C005836,0,0.095875,0.108,0.08375,0.0,cote_r -22.19,log_revenu -3.46,heures_travail +0.34
C001520,1,0.893625,0.8975,0.88975,0.0,cote_r +24.05,heures_travail -3.85,log_revenu +3.59
C004938,0,0.02825,0.0315,0.025,0.0,cote_r -32.56,heures_travail -3.85,log_revenu +0.93
C004490,0,0.20850000000000002,0.25,0.167,0.0,cote_r -12.23,log_revenu -6.72,heures_travail +1.18
C000686,1,0.8634999999999999,0.85325,0.87375,0.0,cote_r +19.78,log_revenu +4.88,heures_travail -2.17
C011717,0,0.3188125,0.296875,0.34075,0.0,cote_r -9.44,log_revenu +5.75,heures_travail -3.85
C006303,0,0.440875,0.38375,0.498,0.0,cote_r -5.35,heures_travail +3.70,log_revenu +1.59
C008345,0,0.411875,0.43325,0.3905,0.0,cote_r -2.80,log_revenu -1.59,heures_travail -0.50
C001283,1,0.6468125,0.618625,0.675,0.0,log_revenu +5.87,cote_r +5.73,heures_travail -3.01
C004425,0,0.0860625,0.105125,0.067,0.0,cote_r -22.43,log_revenu -2.58,heures_travail -2.17
C009143,1,0.9377500000000001,0.9485,0.927,0.0,cote_r +30.99,heures_travail -2.17,log_revenu -0.60
C006906,0,0.5642499999999999,0.56475,0.56375,0.0,log_revenu +3.48,cote_r +3.13,heures_travail -3.01
C011091,0,0.5175625,0.506125,0.529,0.0,heures_travail +3.70,log_revenu -2.27,cote_r +0.52
C005986,1,0.7097500000000001,0.71225,0.70725,0.0,cote_r +10.59,heures_travail +2.02,log_revenu -1.94
C002781,0,0.5703750000000001,0.53,0.61075,0.0,heures_travail +8.73,log_revenu -4.43,cote_r +1.64
C010956,1,0.6579375000000001,0.667875,0.648,0.0,cote_r +8.16,heures_travail -0.50,prog_Genie -0.11
C012163,1,0.6119375,0.553375,0.6705,0.0,heures_travail +7.05,cote_r +2.59,log_revenu -0.89
C003777,0,0.520875,0.5075,0.53425,0.0,heures_travail +2.86,log_revenu -1.50,cote_r +0.58
C006155,0,0.49843750000000003,0.540375,0.4565,0.0,heures_travail -3.85,cote_r +2.06,prog_Genie +0.39
C008624,1,0.934625,0.92425,0.945,0.0,cote_r +27.19,log_revenu +4.23,heures_travail -0.50
C000084,0,0.563875,0.666,0.46175,0.0,cote_r +8.05,log_revenu -7.96,heures_travail -1.33
C006305,0,0.46443749999999995,0.455875,0.473,0.0,log_revenu +1.82,cote_r -1.74,heures_travail -1.33
C003396,0,0.42500000000000004,0.395,0.455,0.0,cote_r -4.82,log_revenu +1.84,heures_travail +1.18
C007437,1,0.7753749999999999,0.814,0.73675,0.0,cote_r +16.46,log_revenu -5.73,heures_travail +2.02
C002161,0,0.31975,0.34875,0.29075,0.0,log_revenu -7.54,cote_r -6.95,heures_travail +3.70
C009410,0,0.14725,0.0605,0.234,0.0,cote_r -27.40,log_revenu +13.07,heures_travail +0.34
C004733,1,0.774875,0.7885,0.76125,0.0,cote_r +14.74,heures_travail -2.17,log_revenu +0.84
C010001,0,0.23962499999999998,0.2375,0.24175,0.0,cote_r -12.94,heures_travail -2.17,log_revenu +1.79
C011773,0,0.00125,0.00175,0.00075,0.0,cote_r -50.76,log_revenu -3.64,heures_travail -0.50
C011479,1,0.938375,0.9505,0.92625,0.0,cote_r +31.46,log_revenu -2.11,heures_travail -1.33
C011991,1,0.9942500000000001,0.99675,0.99175,0.0,cote_r +50.43,log_revenu +3.97,heures_travail +2.86
C013514,0,0.41875,0.4525,0.385,0.0,log_revenu -4.76,cote_r -1.91,heures_travail +1.18
C011376,0,0.1741875,0.127625,0.22075,0.0,cote_r -20.35,log_revenu +3.92,heures_travail +2.02
C005626,0,0.2824375,0.272875,0.292,0.0,cote_r -11.10,log_revenu +4.25,heures_travail -3.85
C007147,1,0.9059375000000001,0.936875,0.875,0.0,cote_r +28.97,log_revenu -4.21,heures_travail -2.17
C002813,1,0.8853125,0.893625,0.877,0.0,cote_r +23.58,heures_travail -1.33,prog_Sante +0.29
C011580,1,0.7165,0.7455,0.6875,0.0,cote_r +12.37,heures_travail -2.17,log_revenu -0.58
C008703,0,0.1111875,0.048625,0.17375,0.0,cote_r -29.06,log_revenu +6.10,heures_travail +5.37
C001116,0,0.42462500000000003,0.423,0.42625,0.0,log_revenu +4.67,heures_travail -3.85,cote_r -3.40
C009615,0,0.1025625,0.121125,0.084,0.0,cote_r -20.94,heures_travail -3.85,log_revenu -0.83
C012527,0,0.27575,0.31025,0.24125,0.0,cote_r -8.73,heures_travail -3.85,log_revenu -0.80
C008203,1,0.8635625,0.864375,0.86275,0.0,cote_r +20.67,log_revenu +3.79,heures_travail -3.01
C012695,0,0.209375,0.19975,0.219,0.0,cote_r -15.25,heures_travail +4.53,log_revenu -3.88
C011990,1,0.69025,0.747,0.6335,0.0,cote_r +12.43,log_revenu -8.63,heures_travail +2.86
C011636,0,0.510375,0.494,0.52675,0.0,log_revenu +1.58,heures_travail +0.34,prog_Genie -0.11
C008701,0,0.4683125,0.396375,0.54025,0.0,log_revenu +5.50,cote_r -4.76,heures_travail +2.02
C005315,0,0.247875,0.21875,0.277,0.0,cote_r -14.13,heures_travail +2.86,prog_Sciences +0.22
C007237,0,0.47150000000000003,0.52175,0.42125,0.0,log_revenu -3.21,heures_travail -1.33,cote_r +1.23
C007160,0,0.3906875,0.379375,0.402,0.0,cote_r -5.59,log_revenu +0.62,prog_Genie +0.39
C010891,0,0.058812500000000004,0.052125,0.0655,0.0,cote_r -28.53,log_revenu +2.78,heures_travail -2.17
C012994,0,0.423125,0.41,0.43625,0.0,cote_r -4.11,log_revenu +1.99,heures_travail -0.50
C009286,0,0.5354375,0.442625,0.62825,0.0,heures_travail +5.37,log_revenu +3.43,cote_r -2.33
C009903,1,0.9509375,0.955625,0.94625,0.0,cote_r +32.29,log_revenu -2.17,heures_travail +1.18
C001969,1,0.629375,0.644,0.61475,0.0,cote_r +7.04,heures_travail -1.33,log_revenu +0.35
C010538,0,0.303375,0.35175,0.255,0.0,cote_r -6.83,heures_travail -3.85,log_revenu -1.70
C000968,0,0.18025,0.1435,0.217,0.0,cote_r -18.93,heures_travail +7.89,log_revenu -4.09
C008995,0,0.5585625,0.450625,0.6665,0.0,heures_travail +8.73,cote_r -1.97,log_revenu +1.30
C005254,0,0.097625,0.101,0.09425,0.0,cote_r -22.90,heures_travail -3.01,log_revenu +1.67
C002699,1,0.9629375,0.94325,0.982625,0.0,cote_r +30.28,log_revenu +7.76,heures_travail +2.86
C003838,0,0.33625000000000005,0.277,0.3955,0.0,cote_r -10.81,heures_travail +6.21,log_revenu -0.42
C009948,0,0.046125,0.03025,0.062,0.0,cote_r -33.16,heures_travail +5.37,log_revenu -0.68
C004321,0,0.2394375,0.233875,0.245,0.0,cote_r -13.12,log_revenu +1.66,heures_travail -1.33
C011612,1,0.890375,0.90625,0.8745,0.0,cote_r +25.00,heures_travail -4.69,log_revenu +2.14
C008431,1,0.7956875,0.806625,0.78475,0.0,cote_r +15.87,log_revenu -1.48,heures_travail +1.18
C007080,1,0.6815,0.649,0.714,0.0,cote_r +7.27,log_revenu +3.20,heures_travail +0.34
C013418,0,0.5503750000000001,0.57825,0.5225,0.0,cote_r +3.78,heures_travail -1.33,log_revenu -1.28
C009320,0,0.46481249999999996,0.406125,0.5235,0.0,cote_r -4.23,log_revenu +3.25,heures_travail +2.86
C012879,1,0.6894375,0.759125,0.61975,0.0,cote_r +13.03,heures_travail -3.85,log_revenu -3.05
C006955,1,0.7030625,0.752375,0.65375,0.0,cote_r +12.67,log_revenu -3.48,heures_travail -1.33
C001367,0,0.0235625,0.024125,0.023,0.0,cote_r -34.76,heures_travail -2.17,log_revenu +0.76
C005263,0,0.3265,0.3195,0.3335,0.0,cote_r -8.20,heures_travail -0.50,log_revenu +0.44
C006732,1,0.8921874999999999,0.898125,0.88625,0.0,cote_r +24.11,log_revenu -3.89,heures_travail +3.70
C001937,0,0.4419375,0.526875,0.357,0.0,log_revenu -4.33,heures_travail -3.85,cote_r +1.47
C009991,0,0.3170625,0.414125,0.22,0.0,log_revenu -8.33,cote_r -3.93,heures_travail -2.17
C010555,0,0.0416875,0.056125,0.02725,0.0,cote_r -27.94,log_revenu -5.98,heures_travail -0.50
C008397,1,0.9328125,0.946625,0.919,0.0,cote_r +30.57,log_revenu -5.60,heures_travail +2.02
C013149,0,0.199125,0.23625,0.162,0.0,cote_r -13.00,heures_travail -4.69,log_revenu -0.19
C004788,1,0.8538749999999999,0.84825,0.8595,0.0,cote_r +19.43,heures_travail +2.86,log_revenu -0.93
C013056,1,0.63225,0.6215,0.643,0.0,cote_r +5.85,log_revenu +2.04,heures_travail -0.50
C007289,1,0.7474375,0.717875,0.777,0.0,cote_r +10.83,log_revenu +5.33,heures_travail -1.33
C006321,0,0.3359375,0.317125,0.35475,0.0,cote_r -8.38,heures_travail +1.18,log_revenu +0.32
C006522,0,0.569375,0.571,0.56775,0.0,cote_r +3.42,heures_travail -2.17,log_revenu +2.02
C002796,0,0.229,0.1845,0.2735,0.0,cote_r -16.26,heures_travail +5.37,log_revenu -0.33
C013632,1,0.7729999999999999,0.7915,0.7545,0.0,cote_r +14.98,heures_travail -5.53,log_revenu +3.68
C000991,0,0.202,0.1915,0.2125,0.0,cote_r -15.84,log_revenu +0.90,heures_travail -0.50
C011678,1,0.6458125,0.676125,0.6155,0.0,cote_r +8.64,heures_travail -2.17,log_revenu -0.46
C007064,0,0.173875,0.19575,0.152,0.0,cote_r -15.55,heures_travail -4.69,log_revenu +1.47
C010417,0,0.0615625,0.045375,0.07775,0.0,cote_r -29.72,log_revenu +2.91,prog_Genie +0.39
C000915,1,0.7969375,0.798375,0.7955,0.0,cote_r +15.46,log_revenu +1.13,heures_travail -0.50
C002824,0,0.36075,0.37175,0.34975,0.0,cote_r -5.94,heures_travail -3.85,log_revenu +2.68
C005427,1,0.717625,0.68925,0.746,0.0,cote_r +9.17,heures_travail +4.53,log_revenu -0.93
C013129,0,0.3858125,0.367375,0.40425,0.0,cote_r -6.18,log_revenu +4.31,heures_travail -2.17
C002877,0,0.33075,0.355,0.3065,0.0,cote_r -6.72,heures_travail -2.17,log_revenu -1.05
C009443,1,0.7324375000000001,0.768625,0.69625,0.0,cote_r +13.44,heures_travail -3.01,log_revenu -0.48
C001165,0,0.31475,0.287,0.3425,0.0,cote_r -10.21,heures_travail +4.53,log_revenu -1.99
C003086,1,0.9826250000000001,0.98475,0.9805,0.0,cote_r +40.95,heures_travail -3.85,log_revenu +2.94
C003779,0,0.5179374999999999,0.494375,0.5415,0.0,heures_travail +6.21,log_revenu -3.45,premiere_generation -0.15
C000636,0,0.029249999999999998,0.03825,0.02025,0.0,cote_r -31.32,log_revenu -7.82,heures_travail +2.02
C005542,1,0.6151249999999999,0.6855,0.54475,0.0,cote_r +8.99,heures_travail -6.36,prog_Genie -0.11
C008606,0,0.5301875,0.542625,0.51775,0.0,heures_travail -2.17,cote_r +2.12,log_revenu +1.63
C009668,1,0.852375,0.863,0.84175,0.0,cote_r +20.55,log_revenu -1.34,heures_travail -0.50
C000632,0,0.098,0.048,0.148,0.0,cote_r -29.12,log_revenu +5.50,heures_travail +4.53
C001820,1,0.7663125,0.730625,0.802,0.0,cote_r +11.60,heures_travail +2.86,log_revenu +1.76
C000258,1,0.6245,0.57825,0.67075,0.0,heures_travail +4.53,cote_r +3.78,log_revenu +0.67
C011797,0,0.40731249999999997,0.381625,0.433,0.0,log_revenu +6.33,cote_r -5.47,heures_travail -3.85
C012040,0,0.4519375,0.427875,0.476,0.0,cote_r -3.10,heures_travail +2.86,log_revenu -0.42
C013717,1,0.862625,0.88525,0.84,0.0,cote_r +22.81,log_revenu -2.48,heures_travail -1.33
C005813,0,0.5328125,0.495375,0.57025,0.0,log_revenu +4.79,heures_travail -1.33,prog_Sante +0.29
C005501,0,0.377375,0.3825,0.37225,0.0,cote_r -5.41,heures_travail -2.17,log_revenu +1.41
C003563,0,0.202625,0.21325,0.192,0.0,cote_r -14.54,log_revenu -1.61,heures_travail +0.34
C001896,1,0.8415625,0.878875,0.80425,0.0,cote_r +22.10,log_revenu -3.04,heures_travail -2.17
C004179,1,0.788375,0.81075,0.766,0.0,cote_r +16.29,log_revenu -1.94,heures_travail -0.50
C012585,0,0.0926875,0.102125,0.08325,0.0,cote_r -22.78,log_revenu -2.11,heures_travail -0.50
C007656,0,0.1506875,0.165875,0.1355,0.0,cote_r -17.39,log_revenu -7.00,heures_travail +4.53
C007543,1,0.919875,0.92025,0.9195,0.0,cote_r +26.60,log_revenu +2.17,heures_travail -1.33
C002637,1,0.684875,0.6685,0.70125,0.0,cote_r +8.22,heures_travail +3.70,log_revenu -1.28
C010774,1,0.7484375,0.725625,0.77125,0.0,cote_r +11.37,log_revenu +2.64,heures_travail +0.34
C001320,1,0.6804375,0.759125,0.60175,0.0,cote_r +13.03,heures_travail -4.69,log_revenu -2.69
C009866,0,0.3324375,0.235125,0.42975,0.0,cote_r -13.06,log_revenu +9.80,prog_Genie +0.39
C002316,1,0.9765,0.979125,0.973875,0.0,cote_r +37.75,log_revenu +2.48,heures_travail -2.17
C010090,0,0.26975,0.28175,0.25775,0.0,cote_r -10.57,heures_travail -3.85,log_revenu +2.32
C011877,1,0.871875,0.84825,0.8955,0.0,cote_r +19.43,heures_travail +3.70,log_revenu +0.97
C002632,1,0.7056875,0.706375,0.705,0.0,cote_r +10.18,log_revenu +1.06,heures_travail -0.50
C004804,1,0.6553125,0.641125,0.6695,0.0,cote_r +6.92,heures_travail +1.18,prog_Genie +0.39
C007625,0,0.5855625,0.552125,0.619,0.0,log_revenu +3.82,cote_r +2.53,heures_travail -0.50
C013309,0,0.3284375,0.307625,0.34925,0.0,cote_r -8.85,heures_travail +1.18,log_revenu +0.54
C005453,1,0.8325,0.8555,0.8095,0.0,cote_r +19.96,heures_travail -6.36,log_revenu +3.07
C010264,0,0.43274999999999997,0.469,0.3965,0.0,heures_travail -4.69,cote_r -1.02,log_revenu +0.87
C002965,0,0.5823750000000001,0.60575,0.559,0.0,cote_r +5.08,heures_travail -1.33,log_revenu -0.48
C002299,0,0.28875,0.28825,0.28925,0.0,cote_r -10.04,log_revenu -0.83,heures_travail +0.34
C012233,0,0.3645,0.301,0.428,0.0,cote_r -9.21,log_revenu +3.93,heures_travail +2.02
C002105,0,0.49231250000000004,0.548875,0.43575,0.0,log_revenu -3.58,cote_r +2.41,heures_travail -1.33
C011426,0,0.1008125,0.104125,0.0975,0.0,cote_r -22.54,log_revenu -0.99,heures_travail -0.50
C007171,1,0.8591875,0.892875,0.8255,0.0,cote_r +23.52,log_revenu -3.91,heures_travail -1.33
C005661,0,0.5615,0.52575,0.59725,0.0,heures_travail +7.05,log_revenu -3.51,cote_r +1.41
C008855,0,0.540875,0.48025,0.6015,0.0,log_revenu +5.16,heures_travail +1.18,cote_r -0.61
C007971,0,0.06662499999999999,0.073,0.06025,0.0,cote_r -25.92,log_revenu -3.77,heures_travail +1.18
C009288,1,0.9271875,0.939375,0.915,0.0,cote_r +29.51,heures_travail -2.17,log_revenu -0.61
C006690,1,0.6366875000000001,0.679625,0.59375,0.0,cote_r +8.76,heures_travail -4.69,log_revenu +0.78
C006848,0,0.050125,0.05925,0.041,0.0,cote_r -27.46,heures_travail -3.01,log_revenu -0.60
C011893,0,0.5420625,0.493375,0.59075,0.0,log_revenu +2.96,heures_travail +2.02,prog_Genie -0.11
C009692,1,0.6372500000000001,0.62775,0.64675,0.0,cote_r +6.27,log_revenu +1.52,heures_travail -0.50
C000419,1,0.6009375,0.679625,0.52225,0.0,cote_r +8.76,log_revenu -4.09,heures_travail -3.01
C008216,0,0.1935,0.2175,0.1695,0.0,cote_r -14.24,heures_travail -4.69,log_revenu +1.52
C006412,1,0.9425,0.93825,0.94675,0.0,cote_r +29.21,heures_travail +1.18,log_revenu +0.60
C012289,0,0.17281249999999998,0.159375,0.18625,0.0,cote_r -17.74,log_revenu +3.38,heures_travail -2.17
C006481,1,0.6920625,0.710375,0.67375,0.0,cote_r +10.48,heures_travail -3.01,log_revenu +1.29
C003810,0,0.3189375,0.339875,0.298,0.0,cote_r -7.37,log_revenu -1.68,heures_travail -1.33
C012986,1,0.9915,0.99125,0.99175,0.0,cote_r +45.39,log_revenu +4.23,heures_travail -1.33
C003836,1,0.6133124999999999,0.618625,0.608,0.0,cote_r +5.73,heures_travail -2.17,log_revenu +1.80
C000822,0,0.159,0.21325,0.10475,0.0,cote_r -14.54,log_revenu -4.91,heures_travail -3.85
C007818,0,0.2629375,0.279375,0.2465,0.0,cote_r -10.69,heures_travail -1.33,log_revenu -1.03
C001033,0,0.5951875,0.548875,0.6415,0.0,heures_travail +4.53,cote_r +2.41,log_revenu +0.55
C011731,1,0.6381875,0.629375,0.647,0.0,cote_r +6.33,heures_travail +2.02,log_revenu -1.19
C011560,1,0.93625,0.9565,0.916,0.0,cote_r +32.59,heures_travail -3.85,log_revenu -1.81
C011785,0,0.2146875,0.229875,0.1995,0.0,cote_r -13.41,heures_travail -1.33,log_revenu -1.04
C002768,1,0.635875,0.649,0.62275,0.0,cote_r +7.27,heures_travail -3.01,log_revenu +2.18
C002687,1,0.851125,0.86975,0.8325,0.0,cote_r +21.21,log_revenu -1.37,heures_travail -1.33
C005349,1,0.8908750000000001,0.887,0.89475,0.0,cote_r +22.98,heures_travail +1.18,log_revenu +0.57
C012013,1,0.934125,0.92975,0.9385,0.0,cote_r +27.90,log_revenu +6.63,heures_travail -4.69
C000681,1,0.8435625,0.799375,0.88775,0.0,cote_r +15.51,heures_travail +4.53,log_revenu +3.22
C002435,1,0.7202500000000001,0.67175,0.76875,0.0,cote_r +8.40,log_revenu +4.43,heures_travail +1.18
C006885,0,0.563625,0.62775,0.4995,0.0,cote_r +6.27,heures_travail -3.01,log_revenu -2.80
C007537,1,0.74275,0.7765,0.709,0.0,cote_r +13.97,heures_travail -4.69,log_revenu +1.47
C013657,1,0.9655,0.9665,0.9645,0.0,cote_r +34.90,log_revenu +3.45,heures_travail -3.01
C003747,0,0.3173125,0.274375,0.36025,0.0,cote_r -10.98,log_revenu +4.65,heures_travail -0.50
C007966,0,0.4300625,0.415875,0.44425,0.0,cote_r -3.87,log_revenu +2.87,heures_travail -1.33
C009128,1,0.625,0.64525,0.60475,0.0,cote_r +7.10,heures_travail -4.69,log_revenu +3.17
C007838,0,0.0758125,0.088875,0.06275,0.0,cote_r -24.09,heures_travail -2.17,log_revenu -1.85
C005568,1,0.79525,0.77425,0.81625,0.0,cote_r +13.74,log_revenu +4.68,heures_travail -1.33
C005761,1,0.7446875,0.741375,0.748,0.0,cote_r +12.14,heures_travail +2.02,log_revenu -1.35
C013524,0,0.420625,0.41,0.43125,0.0,cote_r -4.11,log_revenu +1.72,heures_travail -0.50
C005857,0,0.5139375,0.569875,0.458,0.0,cote_r +3.30,log_revenu -3.01,heures_travail -2.17
C005919,0,0.2955625,0.252125,0.339,0.0,cote_r -12.11,heures_travail +7.05,log_revenu -2.18
C002385,0,0.0366875,0.042375,0.031,0.0,cote_r -30.25,heures_travail -2.17,log_revenu -1.02
C000265,0,0.3774375,0.406125,0.34875,0.0,cote_r -4.23,heures_travail -3.01,log_revenu +0.28
C009530,0,0.1998125,0.159375,0.24025,0.0,cote_r -17.74,log_revenu +3.95,prog_Genie +0.39
C002985,1,0.6615625,0.641125,0.682,0.0,cote_r +6.92,log_revenu +5.16,heures_travail -3.01
C001705,0,0.4115,0.4365,0.3865,0.0,cote_r -2.63,heures_travail -2.17,log_revenu -0.63
C012682,1,0.8098125,0.781375,0.83825,0.0,cote_r +14.27,heures_travail +4.53,prog_Genie +0.39
C005494,0,0.3520625,0.386875,0.31725,0.0,cote_r -5.23,log_revenu -3.95,heures_travail +0.34
C005374,0,0.133,0.135,0.131,0.0,cote_r -19.64,log_revenu -1.24,heures_travail +0.34
C005908,0,0.14175000000000001,0.16975,0.11375,0.0,cote_r -17.09,heures_travail -3.01,log_revenu -2.51
C003297,0,0.14,0.1335,0.1465,0.0,cote_r -19.76,heures_travail +2.86,log_revenu -2.45
C007302,0,0.14525,0.13975,0.15075,0.0,cote_r -19.22,heures_travail +0.34,log_revenu -0.22
C011815,0,0.091875,0.10575,0.078,0.0,cote_r -22.37,log_revenu -3.35,heures_travail -0.50
C012897,0,0.5138750000000001,0.53,0.49775,0.0,log_revenu -3.54,heures_travail +2.02,cote_r +1.64
C005864,1,0.8963125,0.875875,0.91675,0.0,cote_r +21.80,log_revenu +4.67,heures_travail +0.34
C012916,1,0.829,0.81725,0.84075,0.0,cote_r +16.76,log_revenu +4.02,heures_travail -2.17
C002770,1,0.7091875000000001,0.705875,0.7125,0.0,cote_r +10.12,heures_travail +3.70,log_revenu -3.05
C006627,0,0.484,0.469,0.499,0.0,log_revenu +2.87,heures_travail -1.33,cote_r -1.02
C000083,0,0.2688125,0.297875,0.23975,0.0,cote_r -9.38,heures_travail -6.36,log_revenu +2.29
C001297,0,0.352875,0.355,0.35075,0.0,cote_r -6.72,log_revenu -0.42,heures_travail +0.34
C011749,0,0.5549999999999999,0.54475,0.56525,0.0,cote_r +2.18,log_revenu +1.27,heures_travail +0.34
C012094,0,0.3265,0.366,0.287,0.0,cote_r -6.24,heures_travail -3.85,log_revenu -0.91
C011423,0,0.2185625,0.219625,0.2175,0.0,cote_r -14.07,heures_travail -2.17,log_revenu +1.37
C005931,1,0.6005,0.66725,0.53375,0.0,cote_r +8.10,heures_travail -5.53,log_revenu -0.67
C005578,1,0.9260625,0.927125,0.925,0.0,cote_r +27.55,prog_Genie +0.39,heures_travail +0.34
C012071,0,0.22699999999999998,0.18075,0.27325,0.0,cote_r -16.50,heures_travail +3.70,log_revenu +1.45
C007089,0,0.0048125,0.005875,0.00375,0.0,cote_r -44.54,log_revenu -5.49,heures_travail +0.34
C011179,1,0.6581250000000001,0.6215,0.69475,0.0,heures_travail +7.89,cote_r +5.85,log_revenu -3.89
C000251,0,0.3261875,0.264875,0.3875,0.0,cote_r -11.58,heures_travail +6.21,prog_Sante +0.29
C011613,0,0.5828125,0.677875,0.48775,0.0,cote_r +8.70,heures_travail -6.36,log_revenu -2.67
C008363,0,0.142125,0.101,0.18325,0.0,cote_r -22.90,heures_travail +7.05,log_revenu -0.56
C006312,1,0.8536250000000001,0.85475,0.8525,0.0,cote_r +19.90,heures_travail +2.02,log_revenu -1.56
C001558,0,0.414625,0.38825,0.441,0.0,cote_r -5.17,log_revenu +4.06,heures_travail -1.33
C003947,0,0.5843125,0.641125,0.5275,0.0,log_revenu -7.07,cote_r +6.92,heures_travail +2.02
C001831,0,0.4345625,0.373375,0.49575,0.0,cote_r -5.89,heures_travail +4.53,log_revenu +1.36
C001513,0,0.1396875,0.131625,0.14775,0.0,cote_r -19.94,log_revenu +3.05,heures_travail -2.17
C011791,1,0.6130625000000001,0.540375,0.68575,0.0,log_revenu +6.74,cote_r +2.06,prog_Genie +0.39
C008419,0,0.34725,0.395,0.2995,0.0,log_revenu -5.61,cote_r -4.82,heures_travail +0.34
C005969,1,0.6379999999999999,0.61325,0.66275,0.0,cote_r +5.44,log_revenu +2.31,heures_travail +0.34
C001511,0,0.106,0.06625,0.14575,0.0,cote_r -26.75,log_revenu +4.50,heures_travail +2.86
C000506,1,0.6441875,0.587875,0.7005,0.0,cote_r +4.19,log_revenu +4.04,heures_travail +2.02
C003179,0,0.47287500000000005,0.43475,0.511,0.0,log_revenu +5.08,cote_r -2.74,heures_travail -1.33
C007607,1,0.8384375,0.837375,0.8395,0.0,cote_r +18.36,heures_travail +4.53,log_revenu -4.35
C005624,1,0.7115,0.7455,0.6775,0.0,cote_r +12.37,log_revenu -2.93,heures_travail -0.50
C006676,0,0.02075,0.025,0.0165,0.0,cote_r -34.52,log_revenu -4.70,prog_Genie +0.39
C002333,0,0.4975,0.51225,0.48275,0.0,log_revenu -2.61,heures_travail +1.18,cote_r +0.81
C011929,0,0.125125,0.12325,0.127,0.0,cote_r -20.71,heures_travail -3.01,log_revenu +2.86
C013086,1,0.6978125,0.670875,0.72475,0.0,cote_r +8.34,heures_travail +4.53,log_revenu -1.19
C000219,0,0.5509375000000001,0.574125,0.52775,0.0,cote_r +3.60,heures_travail -3.01,log_revenu +1.10
C011658,0,0.45987500000000003,0.45875,0.461,0.0,log_revenu +2.46,heures_travail -2.17,cote_r -1.62
C008373,0,0.4618125,0.522375,0.40125,0.0,log_revenu -3.54,heures_travail -2.17,cote_r +1.29
C010372,0,0.5181875,0.528125,0.50825,0.0,cote_r +1.52,heures_travail -0.50,premiere_generation -0.15
C010030,0,0.4115,0.4395,0.3835,0.0,cote_r -2.45,log_revenu -2.17,heures_travail -0.50
C001083,0,0.249875,0.2315,0.26825,0.0,cote_r -13.30,heures_travail +3.70,log_revenu -1.91
C000742,1,0.6404375,0.583625,0.69725,0.0,log_revenu +6.42,cote_r +3.96,heures_travail -0.50
C002790,0,0.56775,0.585,0.5505,0.0,heures_travail -4.69,cote_r +4.01,log_revenu +3.37
C011992,1,0.7315,0.7485,0.7145,0.0,cote_r +12.49,log_revenu -0.91,heures_travail -0.50
C008024,0,0.31174999999999997,0.3535,0.27,0.0,cote_r -6.77,log_revenu -3.63,heures_travail -1.33
C001099,0,0.366625,0.28075,0.4525,0.0,cote_r -10.63,heures_travail +8.73,prog_Sciences +0.22
C005481,0,0.42381250000000004,0.483125,0.3645,0.0,heures_travail -3.85,log_revenu -1.49,cote_r -0.49
C007132,1,0.8815625,0.907125,0.856,0.0,cote_r +25.06,log_revenu -2.45,heures_travail -2.17
C002016,1,0.8626875,0.916125,0.80925,0.0,cote_r +26.01,log_revenu -6.78,heures_travail -2.17
C005071,0,0.217125,0.20375,0.2305,0.0,cote_r -15.07,log_revenu +1.41,heures_travail -0.50
C002326,0,0.5245625,0.497625,0.5515,0.0,log_revenu +1.94,prog_Genie +0.39,heures_travail +0.34
C000269,1,0.6769375,0.730625,0.62325,0.0,cote_r +11.60,heures_travail -3.01,log_revenu -2.53
C007135,1,0.840125,0.8615,0.81875,0.0,cote_r +20.44,log_revenu -6.77,heures_travail +3.70
C012796,1,0.7631875,0.785875,0.7405,0.0,cote_r +14.57,log_revenu -2.42,heures_travail +0.34
C005323,0,0.40137500000000004,0.3435,0.45925,0.0,cote_r -7.19,log_revenu +5.24,heures_travail +0.34
C000032,0,0.11056250000000001,0.124875,0.09625,0.0,cote_r -20.59,heures_travail -3.01,log_revenu -0.64
C012345,0,0.3894375,0.297875,0.481,0.0,cote_r -9.38,log_revenu +7.02,heures_travail +2.02
C005716,0,0.5166875,0.476375,0.557,0.0,heures_travail +2.86,log_revenu +0.86,cote_r -0.73
C002378,1,0.6235625,0.695875,0.55125,0.0,cote_r +9.53,heures_travail -4.69,log_revenu -2.12
C012649,0,0.00725,0.00825,0.00625,0.0,cote_r -42.70,heures_travail -4.69,log_revenu +1.43
C013844,0,0.244375,0.22825,0.2605,0.0,cote_r -13.53,heures_travail +4.53,log_revenu -2.69
C013857,0,0.3233125,0.312125,0.3345,0.0,cote_r -8.61,heures_travail +3.70,log_revenu -2.57
C003194,0,0.0076875,0.007625,0.00775,0.0,cote_r -43.29,log_revenu -1.22,heures_travail -0.50
C001448,0,0.11662499999999999,0.1435,0.08975,0.0,cote_r -18.93,log_revenu -7.99,heures_travail +2.02
C013032,0,0.41400000000000003,0.40075,0.42725,0.0,cote_r -4.52,heures_travail +3.70,log_revenu -2.23
C002312,1,0.7096875,0.734125,0.68525,0.0,cote_r +11.78,heures_travail -2.17,log_revenu -0.26
C005647,1,0.6895625000000001,0.702125,0.677,0.0,cote_r +9.94,heures_travail -4.69,log_revenu +3.65
C004456,0,0.5135625,0.513375,0.51375,0.0,heures_travail +2.02,log_revenu -1.96,cote_r +0.87
C013663,0,0.3041875,0.270875,0.3375,0.0,cote_r -11.22,log_revenu +4.02,heures_travail -0.50
C003407,0,0.32337499999999997,0.332,0.31475,0.0,cote_r -7.66,log_revenu -2.68,heures_travail +1.18
C008199,1,0.6515,0.538,0.765,0.0,heures_travail +7.05,log_revenu +4.96,cote_r +2.00
C009381,0,0.1534375,0.118125,0.18875,0.0,cote_r -21.12,heures_travail +3.70,log_revenu +0.87
C001176,0,0.227375,0.254,0.20075,0.0,cote_r -12.05,log_revenu -6.90,heures_travail +3.70
C002003,0,0.19375,0.135,0.2525,0.0,cote_r -19.64,log_revenu +4.79,heures_travail +2.02
C007804,0,0.13324999999999998,0.09125,0.17525,0.0,cote_r -23.79,heures_travail +6.21,prog_Genie +0.39
C002311,0,0.225875,0.2605,0.19125,0.0,cote_r -11.75,log_revenu -2.76,heures_travail -1.33
C012535,0,0.1039375,0.092125,0.11575,0.0,cote_r -23.73,heures_travail +2.02,log_revenu -0.57
C010705,1,0.86725,0.88525,0.84925,0.0,cote_r +22.81,log_revenu -5.19,heures_travail +2.02
C007384,1,0.6345000000000001,0.666,0.603,0.0,cote_r +8.05,log_revenu -5.10,heures_travail +2.86
C011348,0,0.394125,0.39225,0.396,0.0,cote_r -4.94,log_revenu -1.25,heures_travail +1.18
C005911,1,0.6655625000000001,0.664125,0.667,0.0,cote_r +7.99,heures_travail +2.02,log_revenu -1.52
C001761,1,0.630625,0.59525,0.666,0.0,cote_r +4.61,log_revenu +4.15,heures_travail -0.50
C012471,0,0.34187500000000004,0.31025,0.3735,0.0,cote_r -8.73,log_revenu +3.25,heures_travail -0.50
C007410,1,0.6520625,0.709125,0.595,0.0,cote_r +10.42,log_revenu -3.93,heures_travail -1.33
C007696,0,0.008625,0.00675,0.0105,0.0,cote_r -43.94,log_revenu +1.36,prog_Genie +0.39
C007349,1,0.706375,0.67475,0.738,0.0,cote_r +8.58,log_revenu +5.09,heures_travail -1.33
C011935,0,0.2895,0.32375,0.25525,0.0,cote_r -8.02,heures_travail -3.85,premiere_generation -0.15
C008509,1,0.665125,0.662,0.66825,0.0,cote_r +7.93,log_revenu +1.93,heures_travail -1.33
C006723,1,0.6644375,0.692625,0.63625,0.0,cote_r +9.41,log_revenu -2.05,heures_travail -0.50
C006637,1,0.8592500000000001,0.868,0.8505,0.0,cote_r +21.03,heures_travail -1.33,prog_Sciences +0.22
C007745,0,0.4955625,0.448625,0.5425,0.0,log_revenu +3.95,cote_r -2.03,heures_travail +0.34
C012645,0,0.5615,0.469,0.654,0.0,heures_travail +6.21,log_revenu +2.78,cote_r -1.02
C008034,0,0.5173125,0.464875,0.56975,0.0,heures_travail +6.21,log_revenu -1.42,cote_r -1.26
C004985,0,0.08637500000000001,0.08775,0.085,0.0,cote_r -24.20,log_revenu -4.15,heures_travail +2.86
C004919,1,0.832625,0.84725,0.818,0.0,cote_r +19.31,log_revenu -2.21,heures_travail +0.34
C008891,0,0.3435,0.39225,0.29475,0.0,cote_r -4.94,log_revenu -3.70,heures_travail -1.33
C006193,0,0.28056250000000005,0.264875,0.29625,0.0,cote_r -11.58,log_revenu +2.72,heures_travail -1.33
C004175,0,0.4834375,0.504375,0.4625,0.0,heures_travail -5.53,log_revenu +3.49,cote_r +0.46
C000220,0,0.1845,0.15525,0.21375,0.0,cote_r -18.04,log_revenu +1.51,heures_travail +1.18
C001470,0,0.0530625,0.058125,0.048,0.0,cote_r -27.58,heures_travail -6.36,log_revenu +3.29
C012507,0,0.0805625,0.075125,0.086,0.0,cote_r -25.57,heures_travail +0.34,prog_Sante +0.29
C010621,0,0.2013125,0.151375,0.25125,0.0,cote_r -18.33,heures_travail +6.21,log_revenu -0.57
C003824,0,0.1453125,0.146875,0.14375,0.0,cote_r -18.69,heures_travail -1.33,log_revenu +0.48
C013277,0,0.46406250000000004,0.378125,0.55,0.0,log_revenu +7.98,cote_r -5.65,prog_Genie +0.39
C012427,1,0.7329375,0.736625,0.72925,0.0,cote_r +11.90,log_revenu +3.88,heures_travail -3.85
C012617,0,0.22575,0.263,0.1885,0.0,cote_r -11.64,log_revenu -2.47,heures_travail -2.17
C005771,1,0.725625,0.7425,0.70875,0.0,cote_r +12.20,heures_travail -3.01,log_revenu +1.13
C013769,0,0.465,0.57825,0.35175,0.0,log_revenu -5.65,heures_travail -4.69,cote_r +3.78
C001960,1,0.7501875,0.734125,0.76625,0.0,cote_r +11.78,log_revenu +1.31,heures_travail +1.18
C000176,0,0.1865625,0.268875,0.10425,0.0,cote_r -11.34,log_revenu -7.88,heures_travail -3.85
C010502,0,0.2296875,0.208875,0.2505,0.0,cote_r -14.84,log_revenu +1.92,heures_travail +0.34
C002422,0,0.027562499999999997,0.036625,0.0185,0.0,cote_r -31.55,heures_travail -5.53,log_revenu -0.46
C004599,1,0.6006875,0.618625,0.58275,0.0,cote_r +5.73,heures_travail -3.01,log_revenu +1.59
C005915,0,0.1236875,0.098125,0.14925,0.0,cote_r -23.14,log_revenu +2.57,heures_travail +1.18
C010447,0,0.435875,0.46625,0.4055,0.0,log_revenu -7.45,heures_travail +4.53,cote_r -1.14
C001788,0,0.5526249999999999,0.55875,0.5465,0.0,cote_r +2.89,heures_travail -2.17,log_revenu +2.01
C007598,0,0.25749999999999995,0.25575,0.25925,0.0,cote_r -11.99,heures_travail -3.01,log_revenu +2.89
C004996,1,0.696,0.69975,0.69225,0.0,cote_r +9.82,log_revenu -2.28,heures_travail +2.02
C005350,0,0.20268750000000002,0.235125,0.17025,0.0,cote_r -13.06,log_revenu -3.11,heures_travail -1.33
C011583,0,0.315375,0.258,0.37275,0.0,cote_r -11.87,heures_travail +4.53,log_revenu +1.18
C000458,1,0.7630625,0.770375,0.75575,0.0,cote_r +13.56,heures_travail -0.50,prog_Genie +0.39
C006109,1,0.6428125,0.590625,0.695,0.0,log_revenu +7.55,cote_r +4.37,heures_travail -2.17
C006653,1,0.8811875,0.885875,0.8765,0.0,cote_r +22.87,heures_travail -1.33,log_revenu +1.08
C003060,1,0.9800625000000001,0.981625,0.9785,0.0,cote_r +39.05,log_revenu +3.32,heures_travail -3.01
C004232,1,0.9721249999999999,0.98225,0.962,0.0,cote_r +39.46,heures_travail -3.85,log_revenu -1.18
C004543,0,0.323375,0.342,0.30475,0.0,cote_r -7.25,heures_travail -6.36,log_revenu +3.58
C000866,0,0.546125,0.53,0.56225,0.0,cote_r +1.64,heures_travail +1.18,log_revenu +0.74
C013468,1,0.6453125,0.682375,0.60825,0.0,cote_r +8.88,heures_travail -3.01,premiere_generation -0.15
C003282,1,0.8995625,0.867125,0.932,0.0,cote_r +20.97,log_revenu +5.46,heures_travail +2.86
C007127,0,0.277875,0.254,0.30175,0.0,cote_r -12.05,log_revenu +4.33,heures_travail -2.17
C010025,1,0.915,0.90775,0.92225,0.0,cote_r +25.12,log_revenu +1.47,heures_travail +1.18
C008041,0,0.3153125,0.385375,0.24525,0.0,heures_travail -5.53,cote_r -5.29,log_revenu -2.04
C009588,0,0.5945625,0.639375,0.54975,0.0,cote_r +6.86,heures_travail -3.01,log_revenu -1.40
C008615,1,0.87275,0.877,0.8685,0.0,cote_r +21.92,log_revenu -5.60,heures_travail +5.37
C012096,0,0.5898749999999999,0.567,0.61275,0.0,cote_r +3.18,log_revenu +1.77,heures_travail +1.18
C009235,0,0.463375,0.5505,0.37625,0.0,heures_travail -4.69,log_revenu -3.24,cote_r +2.47
C000590,0,0.4144375,0.418125,0.41075,0.0,cote_r -3.75,log_revenu +2.47,heures_travail -2.17
C008082,0,0.3811875,0.415875,0.3465,0.0,cote_r -3.87,log_revenu -1.85,heures_travail -1.33
C002228,0,0.012125,0.0085,0.01575,0.0,cote_r -41.40,heures_travail +4.53,log_revenu -1.99
C000940,0,0.1488125,0.092125,0.2055,0.0,cote_r -23.73,log_revenu +9.62,heures_travail -1.33
C001424,1,0.7887500000000001,0.756,0.8215,0.0,cote_r +12.85,log_revenu +4.67,heures_travail +0.34
C002095,1,0.982375,0.99225,0.9725,0.0,cote_r +46.93,log_revenu -7.87,heures_travail -1.33
C001269,0,0.039,0.0335,0.0445,0.0,cote_r -31.97,log_revenu +1.33,heures_travail -0.50
C004239,0,0.243,0.19325,0.29275,0.0,cote_r -15.73,log_revenu +3.12,heures_travail +2.02
C013733,1,0.854125,0.878,0.83025,0.0,cote_r +22.04,log_revenu -7.35,heures_travail +3.70
C010999,1,0.8149375,0.893625,0.73625,0.0,cote_r +23.58,log_revenu -7.61,heures_travail -3.85
C000271,1,0.75525,0.7245,0.786,0.0,cote_r +11.25,log_revenu +6.56,heures_travail -2.17
C013273,0,0.17575000000000002,0.16425,0.18725,0.0,cote_r -17.50,log_revenu +0.83,heures_travail +0.34
C009987,0,0.35243749999999996,0.337375,0.3675,0.0,cote_r -7.49,log_revenu +1.80,heures_travail -0.50
C010314,0,0.5026875,0.470625,0.53475,0.0,heures_travail +8.73,log_revenu -5.59,cote_r -0.97
C000253,0,0.10325,0.1035,0.103,0.0,cote_r -22.60,heures_travail -0.50,premiere_generation -0.15
C009428,0,0.06,0.07925,0.04075,0.0,cote_r -25.03,log_revenu -6.49,heures_travail +0.34
C012408,0,0.5424375,0.580125,0.50475,0.0,cote_r +3.84,heures_travail -3.01,prog_Genie -0.11
C009196,0,0.5065,0.5985,0.4145,0.0,cote_r +4.78,log_revenu -4.62,heures_travail -3.85
C001608,0,0.5541875,0.519625,0.58875,0.0,log_revenu +2.10,heures_travail +1.18,cote_r +1.11
C009456,0,0.524125,0.64525,0.403,0.0,log_revenu -10.75,cote_r +7.10,heures_travail -0.50
C005906,0,0.3018125,0.302125,0.3015,0.0,cote_r -9.15,log_revenu -1.80,heures_travail +1.18
C002368,0,0.4024375,0.438375,0.3665,0.0,log_revenu -3.90,cote_r -2.51,heures_travail +0.34
C011111,0,0.1474375,0.165875,0.129,0.0,cote_r -17.39,heures_travail -6.36,log_revenu +3.36
C000227,1,0.8003125,0.798375,0.80225,0.0,cote_r +15.46,log_revenu +2.46,heures_travail -1.33
C013671,0,0.31225,0.30325,0.32125,0.0,cote_r -9.09,heures_travail +1.18,log_revenu -0.88
C002338,1,0.7478125,0.769125,0.7265,0.0,cote_r +13.50,heures_travail -1.33,log_revenu -0.44
C004328,0,0.3798125,0.339875,0.41975,0.0,cote_r -7.37,heures_travail +4.53,premiere_generation -0.15
C010629,0,0.0255625,0.036625,0.0145,0.0,cote_r -31.55,heures_travail -3.85,log_revenu -3.71
C007664,0,0.2211875,0.248125,0.19425,0.0,cote_r -12.35,log_revenu -5.03,heures_travail +1.18
C005938,1,0.838375,0.83575,0.841,0.0,cote_r +18.24,log_revenu +1.32,heures_travail -0.50
C010441,1,0.7289375,0.785875,0.672,0.0,cote_r +14.57,heures_travail -4.69,log_revenu -1.21
C002234,0,0.105625,0.12375,0.0875,0.0,cote_r -20.65,heures_travail -3.01,log_revenu -1.55
C003881,0,0.5313125000000001,0.586875,0.47575,0.0,cote_r +4.13,log_revenu -2.72,heures_travail -2.17
C003047,1,0.8788125,0.840375,0.91725,0.0,cote_r +18.60,heures_travail +9.56,log_revenu -1.48
C013927,1,0.6656875,0.574125,0.75725,0.0,log_revenu +5.71,heures_travail +4.53,cote_r +3.60
C008532,0,0.3121875,0.322125,0.30225,0.0,cote_r -8.08,log_revenu -1.37,heures_travail -0.50
C006564,0,0.2296875,0.159375,0.3,0.0,cote_r -17.74,log_revenu +6.93,prog_Genie +0.39
C001089,0,0.205625,0.15775,0.2535,0.0,cote_r -17.86,log_revenu +5.84,heures_travail -0.50
C003600,0,0.234375,0.22275,0.246,0.0,cote_r -13.89,heures_travail +4.53,log_revenu -3.43
C005433,0,0.001875,0.0015,0.00225,0.0,cote_r -50.88,log_revenu -1.39,heures_travail +1.18
C003899,0,0.0711875,0.078375,0.064,0.0,cote_r -25.09,log_revenu -5.30,heures_travail +2.02
C003170,1,0.897875,0.889,0.90675,0.0,cote_r +23.16,heures_travail +7.89,log_revenu -5.00
C008330,0,0.213125,0.18625,0.24,0.0,cote_r -16.14,heures_travail +2.02,log_revenu +0.85
C008528,0,0.0765625,0.041125,0.112,0.0,cote_r -30.61,heures_travail +7.05,log_revenu +1.16
C013814,0,0.4805625,0.386875,0.57425,0.0,log_revenu +6.45,cote_r -5.23,heures_travail +2.86
C012448,0,0.4478125,0.485875,0.40975,0.0,heures_travail -2.17,log_revenu -1.60,prog_Genie +0.39
C006270,0,0.499,0.5165,0.4815,0.0,heures_travail -3.01,log_revenu +1.44,cote_r +0.99
C006124,0,0.4,0.447,0.353,0.0,heures_travail -3.01,cote_r -2.09,log_revenu -1.31
C010582,1,0.660625,0.65675,0.6645,0.0,cote_r +7.69,log_revenu +3.19,heures_travail -2.17
C002518,1,0.6564375,0.658125,0.65475,0.0,cote_r +7.75,heures_travail +0.34,log_revenu -0.14
C003238,0,0.52475,0.48025,0.56925,0.0,heures_travail +6.21,log_revenu -2.27,cote_r -0.61
C001848,0,0.12475,0.101,0.1485,0.0,cote_r -22.90,log_revenu +4.38,heures_travail -0.50
C002165,0,0.0305,0.0265,0.0345,0.0,cote_r -34.04,heures_travail +2.02,log_revenu -0.91
C011989,0,0.09875,0.127,0.0705,0.0,cote_r -20.47,log_revenu -3.60,heures_travail -3.01
C006176,0,0.029124999999999998,0.03125,0.027,0.0,cote_r -32.74,heures_travail -4.69,log_revenu +2.59
C011796,0,0.54525,0.611,0.4795,0.0,cote_r +5.32,log_revenu -3.03,heures_travail -3.01
C004107,0,0.41375,0.43575,0.39175,0.0,log_revenu -2.87,cote_r -2.68,prog_Genie +0.39
C006247,0,0.559375,0.563,0.55575,0.0,cote_r +3.07,log_revenu +1.41,heures_travail -1.33
C001736,1,0.8995,0.913,0.886,0.0,cote_r +25.71,log_revenu -4.55,heures_travail +2.02
C009210,0,0.5495625000000001,0.599875,0.49925,0.0,cote_r +4.84,heures_travail -3.85,log_revenu -0.80
C005642,0,0.1454375,0.145375,0.1455,0.0,cote_r -18.81,heures_travail -0.50,prog_Sciences +0.22
C011673,0,0.411625,0.446,0.37725,0.0,heures_travail -5.53,log_revenu +2.26,cote_r -2.15
C010692,1,0.9673125,0.970875,0.96375,0.0,cote_r +35.91,log_revenu -0.51,heures_travail -0.50
C012909,1,0.955875,0.97025,0.9415,0.0,cote_r +35.67,log_revenu -6.16,heures_travail +1.18
C011418,0,0.1953125,0.219625,0.171,0.0,cote_r -14.07,log_revenu -2.14,heures_travail -1.33
C000704,1,0.6063125,0.540375,0.67225,0.0,log_revenu +4.80,cote_r +2.06,heures_travail +2.02
C013609,1,0.7739375,0.785875,0.762,0.0,cote_r +14.57,log_revenu -3.49,heures_travail +2.86
C011533,0,0.2526875,0.276375,0.229,0.0,cote_r -10.87,log_revenu -5.16,heures_travail +2.02
C007869,0,0.23299999999999998,0.254,0.212,0.0,cote_r -12.05,heures_travail -2.17,log_revenu -0.83
C004254,0,0.5440625,0.586875,0.50125,0.0,cote_r +4.13,heures_travail -2.17,log_revenu -1.41
C008148,1,0.7239375,0.735625,0.71225,0.0,cote_r +11.84,log_revenu -1.09,heures_travail +0.34
C010618,1,0.6374375,0.642625,0.63225,0.0,cote_r +6.98,heures_travail -2.17,log_revenu +2.02
C008355,0,0.28049999999999997,0.3045,0.2565,0.0,cote_r -9.03,log_revenu -3.21,heures_travail +0.34
C002807,1,0.6839375,0.677875,0.69,0.0,cote_r +8.70,heures_travail +3.70,log_revenu -2.34
C002245,0,0.3258125,0.335625,0.316,0.0,cote_r -7.55,heures_travail -4.69,log_revenu +3.54
C011380,0,0.49793750000000003,0.460875,0.535,0.0,log_revenu +3.40,cote_r -1.50,heures_travail +0.34
C012759,0,0.13425,0.10875,0.15975,0.0,cote_r -22.13,heures_travail +5.37,log_revenu -1.99
C004550,0,0.44999999999999996,0.4845,0.4155,0.0,log_revenu -2.93,heures_travail -0.50,cote_r -0.43
C013315,0,0.145125,0.162,0.12825,0.0,cote_r -17.62,heures_travail -3.85,log_revenu +0.75
C008842,0,0.22693750000000001,0.175125,0.27875,0.0,cote_r -16.85,heures_travail +2.86,log_revenu +2.45
C005397,1,0.633375,0.64525,0.6215,0.0,cote_r +7.10,heures_travail -3.01,log_revenu +2.12
C001277,0,0.47125,0.5755,0.367,0.0,log_revenu -5.61,heures_travail -3.85,cote_r +3.66
C006943,1,0.852,0.81075,0.89325,0.0,cote_r +16.29,log_revenu +6.16,heures_travail +2.02
C006529,1,0.8420624999999999,0.831375,0.85275,0.0,cote_r +17.89,heures_travail +4.53,log_revenu -1.91
C002172,0,0.5128125,0.513375,0.51225,0.0,heures_travail +2.02,log_revenu -1.80,cote_r +0.87
C007228,0,0.11231250000000001,0.116625,0.108,0.0,cote_r -21.24,log_revenu -2.01,prog_Genie +0.39
C005671,0,0.20706249999999998,0.225875,0.18825,0.0,cote_r -13.65,heures_travail -1.33,log_revenu -1.17
C007466,1,0.7634375,0.799375,0.7275,0.0,cote_r +15.51,heures_travail -7.20,log_revenu +3.32
C012413,1,0.9359999999999999,0.92975,0.94225,0.0,cote_r +27.90,log_revenu +4.25,heures_travail -1.33
C012754,0,0.27075,0.22075,0.32075,0.0,cote_r -14.01,heures_travail +3.70,log_revenu +1.43
C001201,0,0.3311875,0.389375,0.273,0.0,heures_travail -7.20,cote_r -5.12,log_revenu +0.82
C010740,1,0.9283125,0.925875,0.93075,0.0,cote_r +27.37,log_revenu +3.50,heures_travail -2.17
C012559,1,0.9620625,0.959375,0.96475,0.0,cote_r +33.12,heures_travail +2.86,premiere_generation -0.15
C005783,0,0.122375,0.1495,0.09525,0.0,cote_r -18.45,heures_travail -3.85,log_revenu -1.64
C007568,0,0.5656875,0.682375,0.449,0.0,cote_r +8.88,log_revenu -7.80,heures_travail -3.01
C007471,0,0.5349999999999999,0.51225,0.55775,0.0,heures_travail +2.86,cote_r +0.81,log_revenu -0.22
C009585,1,0.8128124999999999,0.775875,0.84975,0.0,cote_r +13.91,log_revenu +4.93,heures_travail +1.18
C007378,1,0.6626875000000001,0.692625,0.63275,0.0,cote_r +9.41,log_revenu -4.95,heures_travail +2.02
C009007,0,0.340125,0.4085,0.27175,0.0,log_revenu -5.26,cote_r -4.17,heures_travail -2.17
C009949,0,0.20975,0.2375,0.182,0.0,cote_r -12.94,log_revenu -3.16,heures_travail -0.50
C010160,0,0.03225,0.018,0.0465,0.0,cote_r -37.07,heures_travail +5.37,log_revenu +1.24
C002067,1,0.895,0.89425,0.89575,0.0,cote_r +23.64,log_revenu +0.62,heures_travail +0.34
C002107,1,0.7618750000000001,0.8255,0.69825,0.0,cote_r +17.59,log_revenu -5.71,heures_travail -2.17
C006658,1,0.8789374999999999,0.878875,0.879,0.0,cote_r +22.10,heures_travail +3.70,log_revenu -3.16
C010803,1,0.9150625,0.901875,0.92825,0.0,cote_r +24.53,log_revenu +3.50,heures_travail +0.34
C006460,1,0.720375,0.6885,0.75225,0.0,cote_r +9.11,log_revenu +6.07,heures_travail -2.17
C003660,0,0.5748125,0.580125,0.5695,0.0,cote_r +3.84,heures_travail -1.33,log_revenu +1.03
C010347,1,0.6383125000000001,0.632625,0.644,0.0,cote_r +6.50,log_revenu +1.88,heures_travail -1.33
C010695,0,0.5773125,0.542625,0.612,0.0,log_revenu +4.49,cote_r +2.12,heures_travail -0.50
C000842,0,0.4964375,0.478375,0.5145,0.0,heures_travail +3.70,log_revenu -1.67,cote_r -0.67
C005738,0,0.26656250000000004,0.225875,0.30725,0.0,cote_r -13.65,heures_travail +3.70,prog_Genie +0.39
C010048,0,0.40425,0.31025,0.49825,0.0,cote_r -8.73,log_revenu +6.32,heures_travail +2.86
C008542,1,0.7783125,0.809875,0.74675,0.0,cote_r +16.23,heures_travail -2.17,log_revenu -1.27
C011605,0,0.5580625,0.618625,0.4975,0.0,cote_r +5.73,log_revenu -4.91,heures_travail -0.50
C010419,1,0.7397499999999999,0.722,0.7575,0.0,cote_r +11.13,log_revenu +1.21,heures_travail +1.18
C006588,1,0.9245000000000001,0.913,0.936,0.0,cote_r +25.71,heures_travail +6.21,log_revenu -2.15
C010218,0,0.0159375,0.014125,0.01775,0.0,cote_r -38.73,log_revenu +2.54,heures_travail -2.17
C003591,0,0.3743125,0.345875,0.40275,0.0,cote_r -7.07,heures_travail +4.53,log_revenu -1.40
C010673,0,0.39768749999999997,0.445375,0.35,0.0,heures_travail -3.01,cote_r -2.21,log_revenu -2.08
C003245,0,0.1471875,0.145375,0.149,0.0,cote_r -18.81,heures_travail +0.34,log_revenu -0.31
C013338,0,0.145375,0.115,0.17575,0.0,cote_r -21.48,heures_travail +2.86,log_revenu +1.17
C013918,1,0.9845,0.9905,0.9785,0.0,cote_r +44.92,heures_travail -3.01,log_revenu -2.76
C001580,0,0.4831875,0.504375,0.462,0.0,log_revenu -2.04,cote_r +0.46,heures_travail +0.34
C001403,0,0.5944375,0.590625,0.59825,0.0,cote_r +4.37,log_revenu +2.02,heures_travail -1.33
C013324,1,0.7439375,0.752375,0.7355,0.0,cote_r +12.67,heures_travail -1.33,log_revenu +0.95
C007053,0,0.5217499999999999,0.511,0.5325,0.0,heures_travail +3.70,log_revenu -2.27,cote_r +0.75
C007950,1,0.920875,0.93375,0.908,0.0,cote_r +28.32,log_revenu -2.54,heures_travail +0.34
C001261,0,0.2325625,0.210875,0.25425,0.0,cote_r -14.66,heures_travail +5.37,log_revenu -3.20
C006722,0,0.4336875,0.442625,0.42475,0.0,heures_travail -3.01,cote_r -2.33,log_revenu +2.16
C005672,0,0.36624999999999996,0.39225,0.34025,0.0,cote_r -4.94,heures_travail -3.01,log_revenu +0.40
C004387,0,0.5954375000000001,0.655375,0.5355,0.0,cote_r +7.63,heures_travail -3.85,log_revenu -1.75
C009819,1,0.638625,0.662,0.61525,0.0,cote_r +7.93,heures_travail -3.85,log_revenu +1.95
C001892,0,0.264375,0.19875,0.33,0.0,cote_r -15.37,log_revenu +4.44,heures_travail +2.86
C013537,0,0.23750000000000002,0.31025,0.16475,0.0,cote_r -8.73,log_revenu -4.85,heures_travail -4.69
C012821,1,0.7475625,0.717875,0.77725,0.0,cote_r +10.83,log_revenu +2.82,heures_travail +1.18
C004714,0,0.280875,0.254,0.30775,0.0,cote_r -12.05,log_revenu +1.82,prog_Genie +0.39
C001121,0,0.0553125,0.035875,0.07475,0.0,cote_r -31.67,heures_travail +2.86,log_revenu +2.18
C005060,1,0.7353125,0.694375,0.77625,0.0,cote_r +9.47,heures_travail +4.53,log_revenu +0.71
C011288,0,0.0518125,0.056125,0.0475,0.0,cote_r -27.94,log_revenu -4.97,heures_travail +2.86
C003775,1,0.8224374999999999,0.865625,0.77925,0.0,cote_r +20.79,log_revenu -4.03,heures_travail -2.17
C011816,0,0.20825,0.19775,0.21875,0.0,cote_r -15.43,heures_travail +2.02,log_revenu -0.91
C000261,0,0.002125,0.00375,0.0005,0.0,cote_r -46.79,log_revenu -4.71,heures_travail -3.85
C001301,0,0.5309375,0.464875,0.597,0.0,heures_travail +7.89,log_revenu -1.33,cote_r -1.26
C011404,1,0.9530000000000001,0.95525,0.95075,0.0,cote_r +32.17,heures_travail -0.50,log_revenu +0.48
C007499,0,0.012750000000000001,0.0145,0.011,0.0,cote_r -38.67,heures_travail -2.17,prog_Genie +0.39
C004043,1,0.6825,0.6685,0.6965,0.0,cote_r +8.22,log_revenu +2.85,heures_travail -1.33
C004838,0,0.122375,0.12175,0.123,0.0,cote_r -20.88,log_revenu -1.32,heures_travail +1.18
C007895,0,0.49668750000000006,0.438375,0.555,0.0,heures_travail +5.37,cote_r -2.51,prog_Genie +0.39
C001465,0,0.174,0.1475,0.2005,0.0,cote_r -18.63,heures_travail +2.02,log_revenu +1.31
C000676,1,0.6969375,0.647625,0.74625,0.0,cote_r +7.22,heures_travail +7.05,log_revenu -1.70
C005101,0,0.38075,0.3535,0.408,0.0,cote_r -6.77,log_revenu +3.36,heures_travail -0.50
C006373,0,0.3419375,0.350125,0.33375,0.0,cote_r -6.89,heures_travail -2.17,log_revenu +1.44
C009416,1,0.673,0.7115,0.6345,0.0,cote_r +10.54,heures_travail -3.85,prog_Sciences +0.22
C001142,1,0.819625,0.814,0.82525,0.0,cote_r +16.46,log_revenu +2.37,heures_travail -0.50
C006733,0,0.4758125,0.506125,0.4455,0.0,heures_travail -3.01,cote_r +0.52,prog_Sciences +0.22
C002297,0,0.4550625,0.390875,0.51925,0.0,cote_r -5.00,log_revenu +3.66,heures_travail +2.86
C005759,0,0.2620625,0.274375,0.24975,0.0,cote_r -10.98,log_revenu -2.76,heures_travail +1.18
C012429,0,0.32618749999999996,0.378125,0.27425,0.0,log_revenu -7.67,cote_r -5.65,heures_travail +2.02
C003735,0,0.4605625,0.448625,0.4725,0.0,cote_r -2.03,log_revenu +1.97,heures_travail -0.50
C006844,0,0.2506875,0.233875,0.2675,0.0,cote_r -13.12,log_revenu +2.97,heures_travail -1.33
C007541,0,0.5671875,0.589375,0.545,0.0,cote_r +4.31,log_revenu -1.36,heures_travail -0.50
C013827,0,0.452125,0.47475,0.4295,0.0,heures_travail -3.01,log_revenu +1.01,cote_r -0.79
C003370,0,0.028812499999999998,0.027875,0.02975,0.0,cote_r -33.69,log_revenu -0.67,heures_travail +0.34
C009689,0,0.31856249999999997,0.368125,0.269,0.0,cote_r -6.12,heures_travail -4.69,log_revenu -0.68
C003522,1,0.94475,0.94125,0.94825,0.0,cote_r +29.86,heures_travail +1.18,log_revenu +0.40
C000454,0,0.4991875,0.554625,0.44375,0.0,heures_travail -3.01,cote_r +2.65,log_revenu -1.77
C008436,0,0.39156250000000004,0.359125,0.424,0.0,cote_r -6.48,heures_travail +2.02,log_revenu +1.51
C012550,1,0.8726875000000001,0.872375,0.873,0.0,cote_r +21.50,log_revenu +1.48,heures_travail -0.50
C001141,1,0.974,0.977125,0.970875,0.0,cote_r +36.97,log_revenu +0.54,heures_travail -0.50
C006484,0,0.1505625,0.172375,0.12875,0.0,cote_r -16.97,log_revenu -3.01,heures_travail -0.50
C011905,1,0.61025,0.567,0.6535,0.0,log_revenu +4.18,cote_r +3.18,heures_travail +0.34
C009665,1,0.8016875,0.814875,0.7885,0.0,cote_r +16.52,heures_travail -1.33,log_revenu +0.37
C003949,1,0.68125,0.68725,0.67525,0.0,cote_r +9.05,heures_travail -2.17,log_revenu +2.12
C006203,1,0.90875,0.8615,0.956,0.0,cote_r +20.44,log_revenu +7.11,heures_travail +6.21
C005455,0,0.436125,0.43325,0.439,0.0,cote_r -2.80,log_revenu +0.99,heures_travail -0.50
C007086,1,0.61225,0.594,0.6305,0.0,cote_r +4.55,log_revenu +2.94,heures_travail -0.50
C004301,0,0.5231875,0.542625,0.50375,0.0,log_revenu -3.72,cote_r +2.12,heures_travail +2.02
C008222,0,0.3025,0.18825,0.41675,0.0,cote_r -16.02,log_revenu +7.83,heures_travail +4.53
C004393,1,0.6351875,0.572625,0.69775,0.0,log_revenu +7.97,cote_r +3.54,heures_travail -1.33
C000800,1,0.7401875,0.770375,0.71,0.0,cote_r +13.56,heures_travail -1.33,log_revenu -1.06
C004891,0,0.307875,0.3045,0.31125,0.0,cote_r -9.03,log_revenu -0.88,heures_travail +0.34
C013372,0,0.39556250000000004,0.398125,0.393,0.0,cote_r -4.64,heures_travail -3.85,log_revenu +3.58
C006772,1,0.7730625,0.756875,0.78925,0.0,cote_r +12.91,log_revenu +5.88,heures_travail -3.01
C010693,1,0.6388750000000001,0.626,0.65175,0.0,cote_r +6.15,log_revenu +3.66,heures_travail -2.17
C001023,1,0.8729375,0.854125,0.89175,0.0,cote_r +19.84,heures_travail +2.02,log_revenu +1.88
C006665,1,0.7634375,0.732875,0.794,0.0,cote_r +11.72,log_revenu +2.34,heures_travail +2.02
C001355,0,0.016,0.01,0.022,0.0,cote_r -40.51,log_revenu +4.67,heures_travail -0.50
C006671,1,0.785625,0.82175,0.7495,0.0,cote_r +17.17,heures_travail -3.85,premiere_generation -0.15
C003010,0,0.044062500000000004,0.045875,0.04225,0.0,cote_r -29.66,heures_travail -1.33,log_revenu -0.49
C007502,1,0.73325,0.7135,0.753,0.0,cote_r +10.65,log_revenu +4.52,heures_travail -2.17
C006152,0,0.16793750000000002,0.196625,0.13925,0.0,cote_r -15.49,log_revenu -7.20,heures_travail +2.86
C001674,0,0.48425,0.521,0.4475,0.0,log_revenu -6.00,heures_travail +2.86,cote_r +1.17
C001029,1,0.6685,0.626,0.711,0.0,cote_r +6.15,log_revenu +2.86,heures_travail +2.02
C011007,0,0.4565,0.4395,0.4735,0.0,cote_r -2.45,log_revenu +2.19,heures_travail -0.50
C007459,0,0.025375,0.029,0.02175,0.0,cote_r -33.57,heures_travail -4.69,log_revenu +2.20
C004539,1,0.7303124999999999,0.677875,0.78275,0.0,cote_r +8.70,log_revenu +6.79,heures_travail -0.50
C007451,1,0.8016875,0.775375,0.828,0.0,cote_r +13.86,heures_travail +6.21,log_revenu -2.28
C008318,1,0.702,0.72375,0.68025,0.0,cote_r +11.19,log_revenu -2.49,heures_travail +0.34
C012455,1,0.7880625,0.744125,0.832,0.0,cote_r +12.31,heures_travail +3.70,log_revenu +2.39
C000297,1,0.9494374999999999,0.954125,0.94475,0.0,cote_r +32.00,log_revenu -2.15,heures_travail +1.18
C010574,1,0.6329374999999999,0.694375,0.5715,0.0,cote_r +9.47,log_revenu -5.28,heures_travail -0.50
C012130,0,0.21525,0.24275,0.18775,0.0,cote_r -12.70,log_revenu -2.56,heures_travail -1.33
C001590,0,0.2525625,0.207875,0.29725,0.0,cote_r -14.90,log_revenu +3.61,heures_travail +1.18
C000864,0,0.46787500000000004,0.38375,0.552,0.0,heures_travail +7.89,cote_r -5.35,log_revenu +0.22
C000937,1,0.9276875,0.933375,0.922,0.0,cote_r +28.26,heures_travail -3.85,log_revenu +3.45
C005450,1,0.7068125000000001,0.700875,0.71275,0.0,cote_r +9.88,heures_travail +2.02,log_revenu -0.64
C008056,0,0.01575,0.016,0.0155,0.0,cote_r -38.08,log_revenu -1.01,heures_travail +0.34
C012299,0,0.26487499999999997,0.28075,0.249,0.0,cote_r -10.63,log_revenu -4.79,heures_travail +2.86
C011718,0,0.109125,0.115,0.10325,0.0,cote_r -21.48,heures_travail -1.33,log_revenu -0.29
C005357,0,0.220375,0.19375,0.247,0.0,cote_r -15.67,heures_travail +2.86,prog_Sante +0.29
C009750,1,0.981125,0.9705,0.99175,0.0,cote_r +35.73,log_revenu +5.71,prog_Genie +0.39
C001687,0,0.5446249999999999,0.54475,0.5445,0.0,log_revenu +3.45,heures_travail -3.01,cote_r +2.18
C001054,0,0.47912499999999997,0.54475,0.4135,0.0,heures_travail -3.01,log_revenu -2.74,cote_r +2.18
C005412,0,0.32143750000000004,0.271625,0.37125,0.0,cote_r -11.16,heures_travail +2.86,log_revenu +2.31
C002847,1,0.96775,0.98325,0.95225,0.0,cote_r +39.94,heures_travail -3.85,log_revenu -3.67
C003645,0,0.24712499999999998,0.258,0.23625,0.0,cote_r -11.87,log_revenu -2.28,heures_travail +0.34
C013683,1,0.7005625,0.698875,0.70225,0.0,cote_r +9.76,heures_travail +2.86,log_revenu -2.67
C005694,0,0.3525625,0.340875,0.36425,0.0,cote_r -7.31,log_revenu +0.62,heures_travail +0.34
C001303,1,0.8954375,0.878875,0.912,0.0,cote_r +22.10,heures_travail +4.53,log_revenu -0.41
C000090,1,0.7798125,0.719125,0.8405,0.0,cote_r +11.01,log_revenu +4.12,heures_travail +3.70
C010161,0,0.09012500000000001,0.11275,0.0675,0.0,cote_r -21.71,log_revenu -3.74,heures_travail -2.17
C007062,1,0.67925,0.60575,0.75275,0.0,cote_r +5.08,heures_travail +4.53,log_revenu +3.36
C011219,0,0.4699375,0.518125,0.42175,0.0,heures_travail -2.17,log_revenu -1.73,cote_r +1.05
C010384,1,0.7995625,0.807375,0.79175,0.0,cote_r +15.93,heures_travail +4.53,log_revenu -4.40
C008004,1,0.8606875,0.884375,0.837,0.0,cote_r +22.75,heures_travail -3.01,log_revenu -0.87
C004630,0,0.554125,0.585,0.52325,0.0,log_revenu -4.59,cote_r +4.01,heures_travail +2.02
C002967,1,0.876375,0.90625,0.8465,0.0,cote_r +25.00,heures_travail -3.01,log_revenu -2.69
C005210,1,0.6260625,0.569875,0.68225,0.0,heures_travail +7.05,cote_r +3.30,log_revenu -1.42
C011667,0,0.5184375,0.540375,0.4965,0.0,cote_r +2.06,heures_travail -1.33,log_revenu -0.68
C012924,1,0.995625,0.9995,0.99175,0.0,cote_r +61.52,heures_travail -3.01,log_revenu -1.20
C011413,0,0.2599375,0.317125,0.20275,0.0,cote_r -8.38,log_revenu -7.35,heures_travail +0.34
C001692,0,0.171125,0.18325,0.159,0.0,cote_r -16.32,heures_travail -2.17,prog_Genie +0.39
C012474,0,0.32406250000000003,0.330625,0.3175,0.0,cote_r -7.72,heures_travail -2.17,log_revenu +0.83
C012542,0,0.5816875,0.542625,0.62075,0.0,heures_travail +2.86,cote_r +2.12,log_revenu +1.21
C005533,0,0.138625,0.162,0.11525,0.0,cote_r -17.62,heures_travail -5.53,log_revenu +0.92
C006496,1,0.799625,0.83575,0.7635,0.0,cote_r +18.24,log_revenu -2.90,heures_travail -1.33
C013066,0,0.3741875,0.396375,0.352,0.0,cote_r -4.76,log_revenu -3.10,heures_travail +1.18
C003519,1,0.75475,0.802,0.7075,0.0,cote_r +15.63,heures_travail -5.53,prog_Genie +0.39
C005052,1,0.9183125000000001,0.910625,0.926,0.0,cote_r +25.41,log_revenu +1.19,heures_travail +1.18
C002599,1,0.9185625,0.917125,0.92,0.0,cote_r +26.13,log_revenu +3.68,heures_travail -2.17
C001011,0,0.26556250000000003,0.278125,0.253,0.0,cote_r -10.75,heures_travail -1.33,log_revenu -0.27
C002121,0,0.430375,0.45975,0.401,0.0,heures_travail -3.01,cote_r -1.56,prog_Genie +0.39
C005961,1,0.8615625,0.834375,0.88875,0.0,cote_r +18.12,heures_travail +2.86,log_revenu +2.49
C001077,0,0.3536875,0.399375,0.308,0.0,cote_r -4.58,heures_travail -3.01,log_revenu -2.04
C009696,0,0.1448125,0.165875,0.12375,0.0,cote_r -17.39,log_revenu -2.53,heures_travail -1.33
C007575,0,0.130125,0.1535,0.10675,0.0,cote_r -18.22,log_revenu -2.50,heures_travail -2.17
C005334,0,0.5686875,0.574125,0.56325,0.0,cote_r +3.60,heures_travail -1.33,log_revenu +1.32
C001921,1,0.6031249999999999,0.5365,0.66975,0.0,heures_travail +3.70,log_revenu +2.88,cote_r +1.94
C011475,1,0.9590624999999999,0.967125,0.951,0.0,cote_r +35.02,log_revenu -1.92,heures_travail -0.50
C005797,0,0.0541875,0.053125,0.05525,0.0,cote_r -28.41,log_revenu -0.84,heures_travail -0.50
C010301,0,0.0846875,0.035375,0.134,0.0,cote_r -31.73,log_revenu +8.65,heures_travail +2.86
C006049,0,0.0979375,0.124875,0.071,0.0,cote_r -20.59,log_revenu -3.87,heures_travail -2.17
C004221,0,0.4389375,0.476375,0.4015,0.0,log_revenu -2.20,heures_travail -1.33,cote_r -0.73
C008443,1,0.742875,0.762,0.72375,0.0,cote_r +13.14,log_revenu -2.14,heures_travail +0.34
C008336,0,0.5325625,0.556375,0.50875,0.0,cote_r +2.77,log_revenu -1.34,heures_travail -0.50
C012999,1,0.6527499999999999,0.66725,0.63825,0.0,cote_r +8.10,log_revenu -5.27,heures_travail +4.53
C010170,1,0.6230625,0.618625,0.6275,0.0,cote_r +5.73,heures_travail +0.34,log_revenu +0.32
C013364,1,0.8598125,0.862375,0.85725,0.0,cote_r +20.49,log_revenu +1.80,heures_travail -1.33
C002108,1,0.783,0.758,0.808,0.0,cote_r +12.97,log_revenu +3.60,heures_travail +0.34
C000404,0,0.170375,0.20375,0.137,0.0,cote_r -15.07,heures_travail -3.01,log_revenu -2.01
C013873,0,0.352125,0.366,0.33825,0.0,cote_r -6.24,heures_travail -1.33,log_revenu +0.30
C002428,0,0.014249999999999999,0.0135,0.015,0.0,cote_r -38.96,log_revenu +1.47,heures_travail -1.33
C008287,0,0.09231249999999999,0.098125,0.0865,0.0,cote_r -23.14,log_revenu -5.09,heures_travail +2.86
C009096,1,0.7202500000000001,0.747,0.6935,0.0,cote_r +12.43,log_revenu -8.14,heures_travail +5.37
C013576,0,0.593,0.563,0.623,0.0,log_revenu +5.79,cote_r +3.07,heures_travail -2.17
C010997,1,0.6273124999999999,0.658125,0.5965,0.0,cote_r +7.75,heures_travail -3.85,log_revenu +1.10
C004492,0,0.45575,0.4545,0.457,0.0,log_revenu +2.28,heures_travail -2.17,cote_r -1.80
C001605,0,0.15525,0.18075,0.12975,0.0,cote_r -16.50,heures_travail -2.17,log_revenu -1.88
C008257,0,0.38868749999999996,0.378125,0.39925,0.0,cote_r -5.65,log_revenu +3.01,heures_travail -2.17
C011186,0,0.0575625,0.083375,0.03175,0.0,cote_r -24.50,heures_travail -4.69,log_revenu -4.09
C001568,1,0.937625,0.93825,0.937,0.0,cote_r +29.21,heures_travail +2.02,log_revenu -1.36
C013789,0,0.360375,0.355,0.36575,0.0,cote_r -6.72,heures_travail +4.53,log_revenu -4.08
C008064,0,0.16425,0.16325,0.16525,0.0,cote_r -17.56,log_revenu -3.47,heures_travail +2.86
C006557,0,0.4778125,0.427125,0.5285,0.0,log_revenu +3.46,cote_r -3.16,heures_travail +1.18
C001213,0,0.5691875,0.524125,0.61425,0.0,heures_travail +2.86,cote_r +1.35,log_revenu +1.32
C002167,1,0.948875,0.96125,0.9365,0.0,cote_r +33.66,log_revenu -3.81,heures_travail -0.50
C004701,0,0.135125,0.16975,0.1005,0.0,cote_r -17.09,log_revenu -8.46,heures_travail +2.02
C012904,0,0.1643125,0.118125,0.2105,0.0,cote_r -21.12,heures_travail +6.21,log_revenu -0.60
C004168,0,0.5450625,0.569875,0.52025,0.0,heures_travail -3.85,cote_r +3.30,log_revenu +1.63
C001581,1,0.841,0.82625,0.85575,0.0,cote_r +17.65,log_revenu +1.88,heures_travail +1.18
C001237,1,0.7594375,0.709125,0.80975,0.0,cote_r +10.42,heures_travail +5.37,log_revenu +1.07
C002060,0,0.025625000000000002,0.02675,0.0245,0.0,cote_r -33.99,log_revenu -2.04,heures_travail +1.18
C008609,0,0.5259375,0.531875,0.52,0.0,log_revenu -5.86,heures_travail +5.37,cote_r +1.70
C013648,1,0.9645,0.97775,0.95125,0.0,cote_r +37.15,log_revenu -2.74,heures_travail -2.17
C013638,1,0.65325,0.60575,0.70075,0.0,cote_r +5.08,heures_travail +2.86,log_revenu +2.55
C009670,1,0.92225,0.889,0.9555,0.0,cote_r +23.16,heures_travail +8.73,log_revenu +1.07
C005866,1,0.9096875,0.924875,0.8945,0.0,cote_r +27.25,log_revenu -4.81,heures_travail +2.02
C003394,1,0.6813125,0.646375,0.71625,0.0,cote_r +7.16,log_revenu +4.25,heures_travail -0.50
C010720,0,0.4255625,0.367375,0.48375,0.0,heures_travail +6.21,cote_r -6.18,log_revenu -0.30
C002229,0,0.0555,0.048,0.063,0.0,cote_r -29.12,heures_travail +3.70,log_revenu -2.65
C012811,0,0.16643750000000002,0.211875,0.121,0.0,cote_r -14.60,heures_travail -4.69,log_revenu -1.86
C012070,0,0.5308125,0.531875,0.52975,0.0,cote_r +1.70,heures_travail +1.18,log_revenu -0.98
C008747,0,0.20775,0.18725,0.22825,0.0,cote_r -16.08,heures_travail +2.86,log_revenu -1.00
C010591,0,0.294875,0.301,0.28875,0.0,cote_r -9.21,log_revenu -1.97,heures_travail +0.34
C010752,0,0.0535,0.05525,0.05175,0.0,cote_r -28.00,log_revenu -3.92,heures_travail +2.02
C000788,0,0.3684375,0.421875,0.315,0.0,cote_r -3.46,heures_travail -3.01,log_revenu -2.50
C000684,0,0.0369375,0.049875,0.024,0.0,cote_r -28.95,heures_travail -5.53,log_revenu -1.27
C009791,0,0.3129375,0.325125,0.30075,0.0,cote_r -7.96,log_revenu -4.48,heures_travail +2.02
C005005,0,0.5384375,0.576625,0.50025,0.0,log_revenu -3.76,cote_r +3.72,heures_travail +0.34
C009771,0,0.2494375,0.192625,0.30625,0.0,cote_r -15.79,log_revenu +9.45,heures_travail -3.85
C006554,0,0.1254375,0.122375,0.1285,0.0,cote_r -20.82,log_revenu +2.48,heures_travail -2.17
C000115,1,0.7075,0.7135,0.7015,0.0,cote_r +10.65,log_revenu -3.36,heures_travail +2.86
C004641,0,0.5502499999999999,0.567,0.5335,0.0,heures_travail -3.85,cote_r +3.18,log_revenu +2.82
C001293,0,0.2733125,0.322125,0.2245,0.0,cote_r -8.08,log_revenu -7.52,heures_travail +1.18
C003387,1,0.991125,0.9905,0.99175,0.0,cote_r +44.92,heures_travail -2.17,log_revenu +0.37
C000303,1,0.7224375000000001,0.715125,0.72975,0.0,cote_r +10.71,heures_travail +1.18,prog_Sciences +0.22
C009415,1,0.7108125000000001,0.727125,0.6945,0.0,cote_r +11.42,heures_travail -1.33,prog_Sante +0.29
C012646,1,0.6695625000000001,0.647625,0.6915,0.0,cote_r +7.22,heures_travail +4.53,log_revenu -1.96
C002179,0,0.36,0.2375,0.4825,0.0,cote_r -12.94,heures_travail +9.56,log_revenu +2.61
C002837,0,0.4185,0.4285,0.4085,0.0,heures_travail -5.53,log_revenu +4.72,cote_r -3.04
C000038,0,0.3129375,0.225875,0.4,0.0,cote_r -13.65,log_revenu +7.42,heures_travail +2.02
C006327,1,0.8616874999999999,0.890375,0.833,0.0,cote_r +23.28,heures_travail -4.69,log_revenu -0.54
C006859,0,0.1288125,0.126125,0.1315,0.0,cote_r -20.53,heures_travail +3.70,log_revenu -3.44
C005336,1,0.9099999999999999,0.88625,0.93375,0.0,cote_r +22.93,heures_travail +6.21,log_revenu +0.36
C000766,0,0.49224999999999997,0.3625,0.622,0.0,heures_travail +7.89,cote_r -6.36,log_revenu +4.48
C006282,0,0.1975,0.227,0.168,0.0,cote_r -13.59,log_revenu -3.47,heures_travail -0.50
C004316,1,0.6543749999999999,0.7135,0.59525,0.0,cote_r +10.65,heures_travail -4.69,log_revenu -1.04
C010134,1,0.924875,0.946,0.90375,0.0,cote_r +30.51,log_revenu -5.39,heures_travail +0.34
C000580,0,0.1483125,0.159375,0.13725,0.0,cote_r -17.74,log_revenu -1.58,heures_travail -0.50
C013894,1,0.9646250000000001,0.9615,0.96775,0.0,cote_r +33.71,heures_travail +2.86,prog_Genie -0.11
C000939,1,0.6720625,0.715125,0.629,0.0,cote_r +10.71,heures_travail -3.85,prog_Sante +0.29
C013726,0,0.1685625,0.209875,0.12725,0.0,cote_r -14.72,heures_travail -3.85,log_revenu -2.44
C005856,0,0.5130625,0.438375,0.58775,0.0,heures_travail +7.05,cote_r -2.51,prog_Sante +0.29
C008879,0,0.001,0.00025,0.00175,0.0,cote_r -63.33,log_revenu +6.50,heures_travail +3.70
C006711,0,0.5666249999999999,0.59525,0.538,0.0,cote_r +4.61,heures_travail -3.01,log_revenu +0.55
C003458,0,0.5816250000000001,0.63775,0.5255,0.0,cote_r +6.80,heures_travail -4.69,log_revenu -0.76
C007905,0,0.4669375,0.489375,0.4445,0.0,log_revenu -1.30,heures_travail -0.50,cote_r -0.25
C011115,1,0.8416874999999999,0.850625,0.83275,0.0,cote_r +19.61,log_revenu -0.66,heures_travail -0.50
C000426,1,0.843375,0.82025,0.8665,0.0,cote_r +17.06,heures_travail +4.53,log_revenu +0.21
C005289,0,0.5914375000000001,0.581875,0.601,0.0,cote_r +3.90,heures_travail +3.70,log_revenu -2.59
C011666,0,0.0468125,0.036625,0.057,0.0,cote_r -31.55,log_revenu +1.42,heures_travail +1.18
C013531,1,0.866125,0.8385,0.89375,0.0,cote_r +18.42,log_revenu +3.44,heures_travail +2.02
C011823,1,0.640875,0.61325,0.6685,0.0,cote_r +5.44,heures_travail +5.37,log_revenu -2.41
C000846,0,0.37825,0.4295,0.327,0.0,heures_travail -3.85,cote_r -2.98,log_revenu -1.33
C003731,1,0.9216875,0.933375,0.91,0.0,cote_r +28.26,log_revenu -2.28,heures_travail +0.34
C010995,0,0.08975,0.08175,0.09775,0.0,cote_r -24.62,heures_travail +1.18,log_revenu -0.58
C013702,0,0.5621875000000001,0.569875,0.5545,0.0,cote_r +3.30,log_revenu -0.75,prog_Genie +0.39
C007447,1,0.879,0.88775,0.87025,0.0,cote_r +23.04,heures_travail -3.85,log_revenu +3.14
C009959,0,0.5745,0.563,0.586,0.0,cote_r +3.07,log_revenu +1.05,heures_travail +0.34
C002926,0,0.0451875,0.063625,0.02675,0.0,cote_r -27.11,log_revenu -4.88,heures_travail -3.01
C001517,0,0.2721875,0.235125,0.30925,0.0,cote_r -13.06,heures_travail +2.02,log_revenu +1.09
C005020,0,0.5771875,0.581875,0.5725,0.0,cote_r +3.90,heures_travail -3.01,log_revenu +2.63
C007219,0,0.5875625,0.636125,0.539,0.0,cote_r +6.68,heures_travail -4.69,prog_Sciences +0.22
C013452,1,0.7241249999999999,0.74025,0.708,0.0,cote_r +12.08,log_revenu -1.62,heures_travail +0.34
C006984,1,0.813125,0.81175,0.8145,0.0,cote_r +16.34,heures_travail +2.86,log_revenu -1.81
C012392,1,0.854625,0.84525,0.864,0.0,cote_r +19.01,log_revenu +2.75,heures_travail -0.50
C005410,1,0.9230625,0.913875,0.93225,0.0,cote_r +25.77,log_revenu +1.84,heures_travail +1.18
C007911,0,0.558875,0.57825,0.5395,0.0,cote_r +3.78,log_revenu -3.09,heures_travail +2.02
C006048,1,0.674875,0.651,0.69875,0.0,cote_r +7.39,log_revenu +5.86,heures_travail -3.01
C004050,0,0.26256250000000003,0.328125,0.197,0.0,cote_r -7.84,log_revenu -6.02,heures_travail -2.17
C012926,0,0.3565625,0.417125,0.296,0.0,log_revenu -6.33,cote_r -3.81,heures_travail -0.50
C012866,0,0.4878125,0.448625,0.527,0.0,heures_travail +4.53,cote_r -2.03,log_revenu -0.59
C012324,1,0.8296874999999999,0.841625,0.81775,0.0,cote_r +18.72,log_revenu -4.32,heures_travail +2.86
C001219,0,0.2293125,0.209875,0.24875,0.0,cote_r -14.72,heures_travail +1.18,log_revenu +0.68
C008763,1,0.767625,0.77425,0.761,0.0,cote_r +13.74,log_revenu -4.02,heures_travail +3.70
C008224,1,0.9355625000000001,0.921625,0.9495,0.0,cote_r +26.78,log_revenu +5.52,heures_travail -0.50
C013956,0,0.44918749999999996,0.442625,0.45575,0.0,cote_r -2.33,heures_travail +1.18,log_revenu -0.84
C005301,1,0.95775,0.947,0.9685,0.0,cote_r +30.69,log_revenu +3.69,heures_travail +2.02
C010987,0,0.21825,0.18725,0.24925,0.0,cote_r -16.08,log_revenu +3.81,heures_travail -0.50
C009728,0,0.112875,0.111,0.11475,0.0,cote_r -21.89,log_revenu +0.58,heures_travail -0.50
C003428,1,0.895125,0.9155,0.87475,0.0,cote_r +25.95,log_revenu -4.21,prog_Genie +0.39
C000022,0,0.3635625,0.317125,0.41,0.0,cote_r -8.38,log_revenu +4.89,heures_travail -0.50
C007222,1,0.643125,0.649,0.63725,0.0,cote_r +7.27,log_revenu +3.13,heures_travail -3.01
C009823,0,0.02275,0.016,0.0295,0.0,cote_r -38.08,heures_travail +2.86,log_revenu +1.27
C011787,0,0.13143749999999998,0.145375,0.1175,0.0,cote_r -18.81,heures_travail -3.85,log_revenu +0.70
C005888,0,0.2625,0.268,0.257,0.0,cote_r -11.40,log_revenu -0.60,heures_travail -0.50
C008428,0,0.0155,0.018,0.013,0.0,cote_r -37.07,log_revenu -4.17,heures_travail +1.18
C004440,0,0.06343750000000001,0.044625,0.08225,0.0,cote_r -29.89,heures_travail +2.86,log_revenu +1.63
C003782,0,0.058875000000000004,0.0685,0.04925,0.0,cote_r -26.40,log_revenu -2.98,heures_travail -0.50
C004837,0,0.46625,0.4195,0.513,0.0,log_revenu +5.27,cote_r -3.57,heures_travail -0.50
C003280,1,0.9630625,0.951625,0.9745,0.0,cote_r +31.64,log_revenu +5.29,heures_travail +1.18
C013211,0,0.5389999999999999,0.511,0.567,0.0,log_revenu +1.32,heures_travail +1.18,cote_r +0.75
C005650,1,0.8525625,0.859375,0.84575,0.0,cote_r +20.26,heures_travail -3.01,log_revenu +2.10
C000679,0,0.38475000000000004,0.3195,0.45,0.0,heures_travail +9.56,cote_r -8.20,log_revenu -3.46
C006810,1,0.6565624999999999,0.694375,0.61875,0.0,cote_r +9.47,log_revenu -2.30,heures_travail -1.33
C008758,0,0.436125,0.4675,0.40475,0.0,heures_travail -2.17,cote_r -1.08,log_revenu -1.04
C009240,1,0.6776875,0.705875,0.6495,0.0,cote_r +10.12,log_revenu -2.29,heures_travail -0.50
C007639,0,0.3295,0.366,0.293,0.0,cote_r -6.24,heures_travail -3.85,log_revenu -0.71
C000481,0,0.1656875,0.138125,0.19325,0.0,cote_r -19.46,heures_travail +2.86,log_revenu +0.30
C011633,1,0.9775625,0.9835,0.971625,0.0,cote_r +40.00,heures_travail -3.01,log_revenu +0.29
C000509,0,0.05625,0.07775,0.03475,0.0,cote_r -25.21,heures_travail -6.36,log_revenu -0.98
C013575,0,0.5301875,0.470625,0.58975,0.0,log_revenu +3.26,heures_travail +2.86,cote_r -0.97
C003454,1,0.7135,0.6975,0.7295,0.0,cote_r +9.65,log_revenu +3.65,heures_travail -1.33
C001999,1,0.978125,0.9645,0.99175,0.0,cote_r +34.66,log_revenu +9.43,heures_travail -0.50
C002281,1,0.7496875000000001,0.760375,0.739,0.0,cote_r +13.08,heures_travail -2.17,log_revenu +2.02
C002898,0,0.125125,0.1535,0.09675,0.0,cote_r -18.22,log_revenu -6.87,heures_travail +1.18
C008993,1,0.6864375,0.737875,0.635,0.0,cote_r +11.96,heures_travail -4.69,premiere_generation -0.15
C001766,1,0.7288749999999999,0.762,0.69575,0.0,cote_r +13.14,log_revenu -5.61,heures_travail +2.02
C001287,0,0.4174375,0.450625,0.38425,0.0,log_revenu -2.06,cote_r -1.97,heures_travail -1.33
C008733,1,0.7222500000000001,0.76375,0.68075,0.0,cote_r +13.20,log_revenu -5.18,heures_travail +1.18
C010067,0,0.30756249999999996,0.337375,0.27775,0.0,cote_r -7.49,heures_travail -4.69,log_revenu +1.00
C012533,0,0.3435,0.41125,0.27575,0.0,cote_r -4.05,heures_travail -3.85,log_revenu -3.76
C013561,1,0.598875,0.59725,0.6005,0.0,cote_r +4.73,heures_travail +2.02,log_revenu -1.07
C012534,1,0.7681875,0.800625,0.73575,0.0,cote_r +15.57,heures_travail -3.01,prog_Genie -0.11
C011098,0,0.5374375,0.491375,0.5835,0.0,heures_travail +3.70,log_revenu +0.77,prog_Sante +0.29
C009534,1,0.681625,0.65,0.71325,0.0,cote_r +7.33,log_revenu +3.12,heures_travail +0.34
C002265,0,0.21649999999999997,0.25575,0.17725,0.0,cote_r -11.99,log_revenu -5.41,heures_travail +0.34
C011879,1,0.86025,0.887,0.8335,0.0,cote_r +22.98,log_revenu -3.19,heures_travail -1.33
C012546,0,0.30643750000000003,0.285125,0.32775,0.0,cote_r -10.33,heures_travail +2.86,log_revenu -0.78
C008594,0,0.2059375,0.172375,0.2395,0.0,cote_r -16.97,log_revenu +2.32,heures_travail +1.18
C011661,0,0.2175625,0.282875,0.15225,0.0,cote_r -10.45,log_revenu -5.58,heures_travail -3.01
C008925,1,0.847625,0.8835,0.81175,0.0,cote_r +22.69,log_revenu -4.60,heures_travail -1.33
C010653,1,0.602625,0.611,0.59425,0.0,cote_r +5.32,heures_travail -4.69,log_revenu +4.41
C004521,0,0.56775,0.55875,0.57675,0.0,cote_r +2.89,log_revenu +1.81,heures_travail -0.50
C012330,0,0.47543749999999996,0.455875,0.495,0.0,cote_r -1.74,log_revenu +1.37,heures_travail +0.34
C007275,1,0.922375,0.93025,0.9145,0.0,cote_r +27.96,heures_travail -3.01,log_revenu +1.81
C006719,0,0.5101875,0.425875,0.5945,0.0,heures_travail +7.05,cote_r -3.22,log_revenu +1.29
C002483,0,0.4525,0.44075,0.46425,0.0,log_revenu +2.55,cote_r -2.39,heures_travail -1.33
C003615,0,0.008,0.007,0.009,0.0,cote_r -43.71,heures_travail +1.18,prog_Genie -0.11
C010273,1,0.927875,0.9535,0.90225,0.0,cote_r +31.82,heures_travail -3.85,log_revenu -2.80
C008433,1,0.9018125,0.927875,0.87575,0.0,cote_r +27.61,log_revenu -3.70,heures_travail -1.33
C002256,1,0.8718125,0.849625,0.894,0.0,cote_r +19.55,heures_travail +2.86,log_revenu +1.74
C010235,1,0.6039375,0.641125,0.56675,0.0,cote_r +6.92,log_revenu -3.30,heures_travail +0.34
C008783,0,0.25693750000000004,0.286125,0.22775,0.0,cote_r -10.27,log_revenu -5.48,heures_travail +2.02
C012016,1,0.831375,0.8615,0.80125,0.0,cote_r +20.44,heures_travail -4.69,log_revenu +0.71
C012588,0,0.4095625,0.347375,0.47175,0.0,cote_r -7.01,log_revenu +4.13,heures_travail +2.02
C004625,1,0.65725,0.64525,0.66925,0.0,cote_r +7.10,log_revenu +4.19,heures_travail -3.01
C003983,0,0.524875,0.46225,0.5875,0.0,log_revenu +4.51,cote_r -1.38,heures_travail +1.18
C010181,0,0.3179375,0.322125,0.31375,0.0,cote_r -8.08,heures_travail -3.01,log_revenu +1.82
C001241,0,0.347125,0.38375,0.3105,0.0,cote_r -5.35,log_revenu -4.17,heures_travail +0.34
C013753,0,0.49168750000000006,0.506125,0.47725,0.0,heures_travail -3.01,log_revenu +1.64,cote_r +0.52
C006096,0,0.3858125,0.315625,0.456,0.0,cote_r -8.43,heures_travail +5.37,log_revenu +1.31
C009884,0,0.4423125,0.470625,0.414,0.0,log_revenu -5.32,heures_travail +2.86,cote_r -0.97
C005000,0,0.4280625,0.470625,0.3855,0.0,log_revenu -2.95,heures_travail -1.33,cote_r -0.97
C002541,1,0.9490625,0.977125,0.921,0.0,cote_r +36.97,log_revenu -5.90,heures_travail -3.85
C002304,1,0.688625,0.68925,0.688,0.0,cote_r +9.17,heures_travail +2.02,log_revenu -1.22
C006119,0,0.05925,0.073,0.0455,0.0,cote_r -25.92,heures_travail -6.36,log_revenu +1.96
C010926,0,0.037250000000000005,0.04925,0.02525,0.0,cote_r -29.01,log_revenu -3.15,heures_travail -3.01
C000699,1,0.8491875,0.833625,0.86475,0.0,cote_r +18.06,heures_travail +2.02,log_revenu +1.57
C006099,1,0.8458125000000001,0.812875,0.87875,0.0,cote_r +16.40,log_revenu +5.04,heures_travail +1.18
C011431,0,0.0410625,0.032125,0.05,0.0,cote_r -32.38,heures_travail +3.70,log_revenu -1.40
C013699,0,0.4225,0.43475,0.41025,0.0,cote_r -2.74,log_revenu -1.36,heures_travail +0.34
C009709,1,0.957875,0.96675,0.949,0.0,cote_r +34.96,log_revenu -3.14,heures_travail +0.34
C009574,0,0.577625,0.49225,0.663,0.0,log_revenu +7.08,heures_travail +1.18,prog_Sciences +0.22
C007012,0,0.5448124999999999,0.489375,0.60025,0.0,heures_travail +2.86,log_revenu +2.76,cote_r -0.25
C009501,0,0.2746875,0.270875,0.2785,0.0,cote_r -11.22,heures_travail +1.18,log_revenu -1.11
C001041,1,0.7779375,0.780125,0.77575,0.0,cote_r +14.21,heures_travail +2.02,log_revenu -1.85
C003483,0,0.4343125,0.478375,0.39025,0.0,log_revenu -7.05,heures_travail +2.86,cote_r -0.67
C000633,1,0.8336250000000001,0.85625,0.811,0.0,cote_r +20.02,heures_travail -3.85,log_revenu +0.49
C010845,0,0.242375,0.2605,0.22425,0.0,cote_r -11.75,log_revenu -4.11,heures_travail +2.02
C009594,0,0.3590625,0.417125,0.301,0.0,heures_travail -3.85,cote_r -3.81,log_revenu -2.54
C005264,1,0.6905625,0.717875,0.66325,0.0,cote_r +10.83,log_revenu -1.80,heures_travail -0.50
C005335,0,0.1924375,0.249125,0.13575,0.0,cote_r -12.29,log_revenu -6.70,heures_travail -1.33
C000875,1,0.6633125,0.720125,0.6065,0.0,cote_r +11.07,log_revenu -3.51,heures_travail -2.17
C007592,1,0.6443749999999999,0.6855,0.60325,0.0,cote_r +8.99,heures_travail -3.01,log_revenu -0.68
C010044,0,0.3934375,0.406125,0.38075,0.0,cote_r -4.23,heures_travail -1.33,prog_Genie +0.39
C004728,0,0.0421875,0.064625,0.01975,0.0,cote_r -26.99,log_revenu -8.73,heures_travail -1.33
C008392,1,0.7189375,0.670875,0.767,0.0,cote_r +8.34,log_revenu +5.53,heures_travail +0.34
C002867,0,0.5045625,0.518125,0.491,0.0,log_revenu -1.30,cote_r +1.05,heures_travail +0.34
C012128,0,0.4989375,0.489375,0.5085,0.0,log_revenu +0.62,heures_travail +0.34,cote_r -0.25
C004624,0,0.19787500000000002,0.20225,0.1935,0.0,cote_r -15.13,heures_travail -4.69,log_revenu +3.78
C011651,1,0.712125,0.6975,0.72675,0.0,cote_r +9.65,heures_travail +2.02,prog_Genie +0.39
C002631,0,0.330375,0.3295,0.33125,0.0,cote_r -7.78,heures_travail +2.02,log_revenu -1.96
C009563,1,0.7136875,0.695875,0.7315,0.0,cote_r +9.53,heures_travail +2.02,prog_Genie +0.39
C011501,0,0.5034375,0.502375,0.5045,0.0,log_revenu +3.97,heures_travail -3.85,cote_r +0.40
C010928,0,0.2785625,0.315625,0.2415,0.0,cote_r -8.43,heures_travail -3.01,log_revenu -1.99
C009002,0,0.0659375,0.088375,0.0435,0.0,cote_r -24.14,heures_travail -6.36,premiere_generation -0.15
C012541,1,0.657375,0.651,0.66375,0.0,cote_r +7.39,log_revenu +5.25,heures_travail -4.69
C002184,1,0.685125,0.63675,0.7335,0.0,cote_r +6.74,heures_travail +3.70,log_revenu +1.87
C007491,0,0.1044375,0.098125,0.11075,0.0,cote_r -23.14,heures_travail +2.02,log_revenu -1.34
C005171,1,0.6510625,0.703625,0.5985,0.0,cote_r +10.00,heures_travail -3.85,log_revenu -1.31
C007617,0,0.0149375,0.011625,0.01825,0.0,cote_r -39.74,heures_travail +3.70,log_revenu -1.65
C003259,1,0.9045000000000001,0.90275,0.90625,0.0,cote_r +24.64,log_revenu +1.61,heures_travail -0.50
C011946,0,0.2194375,0.252125,0.18675,0.0,cote_r -12.11,heures_travail -3.85,log_revenu -0.57
C001727,0,0.19674999999999998,0.18725,0.20625,0.0,cote_r -16.08,heures_travail +4.53,log_revenu -3.95
C008469,1,0.6346875000000001,0.655375,0.614,0.0,cote_r +7.63,log_revenu -1.96,heures_travail +0.34
C010792,1,0.9208125,0.913875,0.92775,0.0,cote_r +25.77,log_revenu +2.29,heures_travail +0.34
C012514,0,0.33562499999999995,0.3535,0.31775,0.0,cote_r -6.77,heures_travail -4.69,log_revenu +2.88
C010045,1,0.6073124999999999,0.618625,0.596,0.0,cote_r +5.73,heures_travail -1.33,prog_Genie +0.39
C007736,0,0.07225000000000001,0.05925,0.08525,0.0,cote_r -27.46,log_revenu +4.25,heures_travail -2.17
C003501,1,0.90125,0.91125,0.89125,0.0,cote_r +25.53,heures_travail -2.17,log_revenu +1.05
C012632,1,0.67825,0.71225,0.64425,0.0,cote_r +10.59,log_revenu -4.51,heures_travail +1.18
C012464,0,0.238375,0.2605,0.21625,0.0,cote_r -11.75,log_revenu -1.42,heures_travail -1.33
C002135,1,0.726375,0.725,0.72775,0.0,cote_r +11.31,log_revenu +1.46,heures_travail -1.33
C013201,0,0.22262500000000002,0.21325,0.232,0.0,cote_r -14.54,heures_travail +0.34,log_revenu +0.32
C004176,1,0.9760625,0.971625,0.9805,0.0,cote_r +36.09,log_revenu +5.71,heures_travail -2.17
C005104,1,0.6875,0.6855,0.6895,0.0,cote_r +8.99,heures_travail +1.18,log_revenu -0.22
C001885,0,0.31675,0.30875,0.32475,0.0,cote_r -8.79,heures_travail +2.86,log_revenu -2.24
C011627,0,0.1174375,0.114375,0.1205,0.0,cote_r -21.54,log_revenu +2.31,heures_travail -2.17
C003422,1,0.7106874999999999,0.703625,0.71775,0.0,cote_r +10.00,heures_travail +4.53,log_revenu -3.28
C007902,0,0.241,0.2605,0.2215,0.0,cote_r -11.75,log_revenu -2.27,heures_travail -0.50
C002799,0,0.49331250000000004,0.464875,0.52175,0.0,log_revenu +3.13,cote_r -1.26,heures_travail -0.50
C005784,0,0.0639375,0.041125,0.08675,0.0,cote_r -30.61,log_revenu +6.00,heures_travail -0.50
C013513,0,0.38731249999999995,0.455875,0.31875,0.0,log_revenu -4.83,heures_travail -2.17,cote_r -1.74
C004905,0,0.5935625,0.664125,0.523,0.0,cote_r +7.99,heures_travail -5.53,log_revenu -1.03
C004360,0,0.338125,0.35175,0.3245,0.0,cote_r -6.83,log_revenu -3.15,heures_travail +1.18
C008323,0,0.17862499999999998,0.14125,0.216,0.0,cote_r -19.11,log_revenu +2.08,heures_travail +2.02
C000932,0,0.0288125,0.028375,0.02925,0.0,cote_r -33.63,log_revenu -0.71,heures_travail +0.34
C000281,0,0.352125,0.3625,0.34175,0.0,cote_r -6.36,log_revenu -1.54,heures_travail +0.34
C010580,0,0.331625,0.34875,0.3145,0.0,cote_r -6.95,heures_travail -1.33,log_revenu -0.98
C007488,0,0.2156875,0.210875,0.2205,0.0,cote_r -14.66,heures_travail +2.86,log_revenu -2.60
C012043,0,0.2204375,0.230625,0.21025,0.0,cote_r -13.36,heures_travail -2.17,log_revenu +0.52
C010835,1,0.6620625,0.664125,0.66,0.0,cote_r +7.99,log_revenu -0.58,prog_Genie +0.39
C000669,0,0.531375,0.49225,0.5705,0.0,log_revenu +5.86,heures_travail -2.17,prog_Sante +0.29
C006520,0,0.22568749999999999,0.160875,0.2905,0.0,cote_r -17.68,log_revenu +5.11,heures_travail +2.02
C007281,1,0.6525624999999999,0.642625,0.6625,0.0,cote_r +6.98,log_revenu +2.59,heures_travail -1.33
C012021,0,0.19868750000000002,0.210875,0.1865,0.0,cote_r -14.66,log_revenu -5.10,heures_travail +2.86
C002068,0,0.2331875,0.240875,0.2255,0.0,cote_r -12.76,heures_travail -2.17,log_revenu +0.86
C001249,0,0.281125,0.3295,0.23275,0.0,cote_r -7.78,log_revenu -4.06,heures_travail -2.17
C002742,1,0.8050625,0.839125,0.771,0.0,cote_r +18.48,heures_travail -3.85,log_revenu -0.51
C009154,0,0.2290625,0.174125,0.284,0.0,cote_r -16.91,heures_travail +4.53,log_revenu +1.61
C012709,0,0.021187499999999998,0.029625,0.01275,0.0,cote_r -33.45,log_revenu -4.17,heures_travail -3.01
C006818,0,0.4705,0.5005,0.4405,0.0,log_revenu -2.12,heures_travail -0.50,cote_r +0.34
C003430,1,0.9389375,0.941625,0.93625,0.0,cote_r +30.04,heures_travail -0.50,log_revenu +0.34
C005987,1,0.807625,0.8385,0.77675,0.0,cote_r +18.42,heures_travail -4.69,log_revenu +0.55
C003114,1,0.7100625,0.700875,0.71925,0.0,cote_r +9.88,heures_travail +6.21,log_revenu -4.77
C001487,0,0.08024999999999999,0.0725,0.088,0.0,cote_r -25.98,heures_travail +2.02,log_revenu -1.03
C008074,0,0.1489375,0.131125,0.16675,0.0,cote_r -19.99,log_revenu +2.71,heures_travail -0.50
C013684,0,0.0995625,0.142625,0.0565,0.0,cote_r -18.99,heures_travail -5.53,log_revenu -4.54
C004975,0,0.0824375,0.088875,0.076,0.0,cote_r -24.09,log_revenu -4.21,heures_travail +2.02
C011332,1,0.9304375,0.927875,0.933,0.0,cote_r +27.61,log_revenu +2.91,heures_travail -1.33
C011762,0,0.5129375,0.513375,0.5125,0.0,log_revenu +2.21,heures_travail -2.17,cote_r +0.87
C001338,0,0.3559375,0.317125,0.39475,0.0,cote_r -8.38,heures_travail +3.70,prog_Genie +0.39
C002194,1,0.9063125,0.925375,0.88725,0.0,cote_r +27.31,heures_travail -4.69,log_revenu +1.12
C001010,0,0.521,0.5505,0.4915,0.0,heures_travail -3.01,cote_r +2.47,log_revenu +0.90
C002526,0,0.50625,0.55875,0.45375,0.0,log_revenu -4.36,cote_r +2.89,heures_travail -0.50
C000266,1,0.8481875,0.885875,0.8105,0.0,cote_r +22.87,heures_travail -3.85,log_revenu -2.03
C010153,1,0.81325,0.79675,0.82975,0.0,cote_r +15.34,log_revenu +3.66,heures_travail -0.50
C007258,1,0.9557500000000001,0.94325,0.96825,0.0,cote_r +30.28,log_revenu +4.92,heures_travail +1.18
C009725,0,0.31737499999999996,0.34875,0.286,0.0,cote_r -6.95,heures_travail -5.53,log_revenu +1.92
C000399,1,0.7164375000000001,0.727125,0.70575,0.0,cote_r +11.42,log_revenu -1.96,heures_travail +1.18
C013848,0,0.439125,0.4845,0.39375,0.0,log_revenu -3.32,heures_travail -1.33,cote_r -0.43
C004794,0,0.5326875,0.493375,0.572,0.0,heures_travail +3.70,log_revenu +0.48,premiere_generation -0.15
C009691,1,0.96775,0.974,0.9615,0.0,cote_r +36.38,heures_travail -1.33,log_revenu -0.85
C002783,1,0.751625,0.758,0.74525,0.0,cote_r +12.97,heures_travail -3.01,log_revenu +2.78
C013049,0,0.4720625,0.489375,0.45475,0.0,log_revenu -2.98,heures_travail +1.18,prog_Genie +0.39
C012390,0,0.34875,0.43225,0.26525,0.0,log_revenu -7.85,cote_r -2.86,heures_travail -1.33
C011561,0,0.17875,0.205,0.1525,0.0,cote_r -15.01,log_revenu -5.18,heures_travail +1.18
C004161,0,0.523875,0.54475,0.503,0.0,cote_r +2.18,log_revenu -1.85,heures_travail +0.34
C002049,1,0.9090625,0.909875,0.90825,0.0,cote_r +25.30,heures_travail +1.18,log_revenu -0.54
C003043,0,0.4193125,0.369375,0.46925,0.0,log_revenu +8.50,cote_r -6.06,heures_travail -3.85
C006023,1,0.9536875,0.949125,0.95825,0.0,cote_r +31.17,log_revenu +2.32,heures_travail +0.34
C000079,0,0.1894375,0.216125,0.16275,0.0,cote_r -14.36,heures_travail -3.01,log_revenu -0.68
C009372,0,0.0740625,0.074125,0.074,0.0,cote_r -25.69,log_revenu -1.05,heures_travail +0.34
C012932,0,0.22049999999999997,0.23625,0.20475,0.0,cote_r -13.00,log_revenu -4.70,heures_travail +2.02
C004921,1,0.6636875,0.608625,0.71875,0.0,log_revenu +7.87,cote_r +5.20,heures_travail -2.17
C004931,0,0.5378125,0.574125,0.5015,0.0,log_revenu -4.84,cote_r +3.60,heures_travail +2.02
C011695,0,0.03175,0.04075,0.02275,0.0,cote_r -30.67,log_revenu -3.19,heures_travail -2.17
C010289,1,0.6611875,0.647625,0.67475,0.0,cote_r +7.22,heures_travail +4.53,log_revenu -2.68
C012641,0,0.413375,0.4445,0.38225,0.0,cote_r -2.27,heures_travail -2.17,log_revenu -0.91
C006289,1,0.9615,0.96025,0.96275,0.0,cote_r +33.36,log_revenu +3.62,heures_travail -2.17
C009051,0,0.4333125,0.518125,0.3485,0.0,log_revenu -7.31,cote_r +1.05,heures_travail -0.50
C006208,0,0.5933124999999999,0.641125,0.5455,0.0,cote_r +6.92,heures_travail -3.85,log_revenu -0.30
C010283,0,0.46525,0.499,0.4315,0.0,heures_travail -3.85,log_revenu +0.70,prog_Genie +0.39
C006130,0,0.3998125,0.396375,0.40325,0.0,cote_r -4.76,log_revenu +2.26,heures_travail -1.33
C006714,1,0.757,0.79675,0.71725,0.0,cote_r +15.34,log_revenu -5.27,heures_travail +1.18
C000335,0,0.3515625,0.399375,0.30375,0.0,log_revenu -7.31,cote_r -4.58,heures_travail +2.02
C006518,0,0.5493125,0.526875,0.57175,0.0,log_revenu +3.49,cote_r +1.47,heures_travail -1.33
C002132,0,0.4625625,0.461625,0.4635,0.0,cote_r -1.44,heures_travail +0.34,premiere_generation -0.15
C007826,1,0.83775,0.814,0.8615,0.0,cote_r +16.46,log_revenu +4.97,heures_travail -0.50
C005634,1,0.9013125,0.875875,0.92675,0.0,cote_r +21.80,log_revenu +7.37,heures_travail -1.33
C013604,1,0.7438125,0.720125,0.7675,0.0,cote_r +11.07,log_revenu +3.15,heures_travail -0.50
C005441,0,0.4105625,0.339875,0.48125,0.0,cote_r -7.37,log_revenu +7.20,heures_travail -0.50
C008832,0,0.1656875,0.118125,0.21325,0.0,cote_r -21.12,log_revenu +5.06,heures_travail +1.18
C012430,1,0.9650625,0.970875,0.95925,0.0,cote_r +35.91,heures_travail -3.85,log_revenu +2.26
C013014,1,0.7394375,0.730625,0.74825,0.0,cote_r +11.60,heures_travail +6.21,log_revenu -5.15
C005030,0,0.353875,0.3705,0.33725,0.0,cote_r -6.00,log_revenu -1.05,heures_travail -0.50
C012703,1,0.9610624999999999,0.956,0.966125,0.0,cote_r +32.35,log_revenu +4.00,heures_travail -0.50
C007766,1,0.9036249999999999,0.8965,0.91075,0.0,cote_r +23.99,log_revenu +3.72,heures_travail -1.33
C009934,1,0.6219375,0.672625,0.57125,0.0,cote_r +8.46,log_revenu -6.53,heures_travail +2.02
C000298,1,0.6551875,0.669625,0.64075,0.0,cote_r +8.28,heures_travail -4.69,log_revenu +3.27
C001456,0,0.4295625,0.406125,0.453,0.0,cote_r -4.23,log_revenu +2.80,heures_travail -0.50
C012948,0,0.43625,0.395,0.4775,0.0,cote_r -4.82,heures_travail +2.86,log_revenu +0.89
C000929,1,0.8640625,0.850625,0.8775,0.0,cote_r +19.61,log_revenu +3.61,heures_travail -0.50
C003800,0,0.10725,0.09125,0.12325,0.0,cote_r -23.79,log_revenu +6.35,heures_travail -3.85
C013646,0,0.36012500000000003,0.366,0.35425,0.0,cote_r -6.24,log_revenu -1.56,heures_travail +1.18
C008845,0,0.12312500000000001,0.108,0.13825,0.0,cote_r -22.19,heures_travail +3.70,log_revenu -1.27
C013072,0,0.1831875,0.167375,0.199,0.0,cote_r -17.27,log_revenu +4.86,heures_travail -3.01
C000488,1,0.9689375,0.974625,0.96325,0.0,cote_r +36.44,heures_travail -1.33,log_revenu +0.15
C004845,0,0.5842499999999999,0.5005,0.668,0.0,log_revenu +4.95,heures_travail +2.86,prog_Genie +0.39
C005474,0,0.18275000000000002,0.20225,0.16325,0.0,cote_r -15.13,log_revenu -4.16,heures_travail +1.18
C011976,0,0.0691875,0.078375,0.06,0.0,cote_r -25.09,log_revenu -2.68,heures_travail -0.50
C005509,1,0.7136875,0.730625,0.69675,0.0,cote_r +11.60,heures_travail -1.33,log_revenu -0.27
C013847,1,0.9136875,0.914875,0.9125,0.0,cote_r +25.89,log_revenu +1.70,heures_travail -1.33
C011899,0,0.406625,0.43475,0.3785,0.0,log_revenu -3.29,cote_r -2.74,heures_travail +0.34
C009525,0,0.245125,0.21875,0.2715,0.0,cote_r -14.13,log_revenu +3.86,heures_travail -1.33
C008437,0,0.43156249999999996,0.415875,0.44725,0.0,cote_r -3.87,log_revenu +2.99,heures_travail -1.33
C001749,0,0.0973125,0.128625,0.066,0.0,cote_r -20.17,heures_travail -5.53,log_revenu -1.95
C006856,1,0.7262500000000001,0.779,0.6735,0.0,cote_r +14.15,log_revenu -3.04,heures_travail -2.17
C002943,0,0.2653125,0.315625,0.215,0.0,cote_r -8.43,heures_travail -6.36,log_revenu -0.28
C001618,1,0.7043125,0.679625,0.729,0.0,cote_r +8.76,heures_travail +3.70,log_revenu -0.78
C009804,1,0.6483749999999999,0.75,0.54675,0.0,cote_r +12.55,log_revenu -6.72,heures_travail -3.01
C000569,0,0.198625,0.17875,0.2185,0.0,cote_r -16.62,heures_travail +2.86,log_revenu -0.67
C010765,1,0.796,0.8365,0.7555,0.0,cote_r +18.30,log_revenu -4.21,heures_travail -0.50
C010842,1,0.9297500000000001,0.92925,0.93025,0.0,cote_r +27.85,log_revenu +2.20,heures_travail -1.33
C010869,0,0.0870625,0.132125,0.042,0.0,cote_r -19.88,log_revenu -7.34,heures_travail -3.85
C009396,0,0.259125,0.268,0.25025,0.0,cote_r -11.40,heures_travail -3.01,log_revenu +1.86
C005295,0,0.5759375,0.590625,0.56125,0.0,heures_travail -4.69,cote_r +4.37,log_revenu +3.76
C007200,1,0.836125,0.8445,0.82775,0.0,cote_r +18.95,heures_travail -3.01,log_revenu +2.25
C013716,0,0.27075,0.28075,0.26075,0.0,cote_r -10.63,heures_travail -3.01,log_revenu +2.04
C003871,0,0.531,0.4545,0.6075,0.0,log_revenu +3.93,heures_travail +3.70,cote_r -1.80
C008903,1,0.7240625,0.787875,0.66025,0.0,cote_r +14.68,heures_travail -3.85,log_revenu -2.85
C013343,1,0.857,0.846,0.868,0.0,cote_r +19.07,heures_travail +2.86,prog_Genie +0.39
C009027,0,0.48362499999999997,0.4285,0.53875,0.0,log_revenu +4.02,cote_r -3.04,heures_travail +1.18
C006800,0,0.1965,0.22375,0.16925,0.0,cote_r -13.77,log_revenu -3.78,heures_travail -0.50
C009773,1,0.7855624999999999,0.770375,0.80075,0.0,cote_r +13.56,heures_travail +2.86,prog_Sciences +0.22
C002130,1,0.7958125,0.805375,0.78625,0.0,cote_r +15.81,log_revenu -1.56,heures_travail +1.18
C000517,0,0.0715625,0.061625,0.0815,0.0,cote_r -27.35,log_revenu +2.18,heures_travail -0.50
C007986,1,0.9831875,0.974625,0.99175,0.0,cote_r +36.44,heures_travail +5.37,log_revenu +2.15
C004362,0,0.15237499999999998,0.18225,0.1225,0.0,cote_r -16.38,log_revenu -5.92,heures_travail +1.18
C007254,0,0.43625,0.48025,0.39225,0.0,log_revenu -6.70,heures_travail +2.86,cote_r -0.61
C001746,1,0.8260625,0.794625,0.8575,0.0,cote_r +15.16,log_revenu +8.63,heures_travail -3.01
C004713,0,0.4339375,0.493375,0.3745,0.0,log_revenu -3.26,heures_travail -2.17,prog_Genie -0.11
C001768,0,0.27337500000000003,0.274,0.27275,0.0,cote_r -11.04,heures_travail -1.33,log_revenu +1.13
C011930,1,0.9790000000000001,0.96625,0.99175,0.0,cote_r +34.84,heures_travail +6.21,prog_Genie +0.39
C010887,1,0.6558124999999999,0.706375,0.60525,0.0,cote_r +10.18,heures_travail -3.01,log_revenu -1.61
C001030,1,0.8491875,0.863625,0.83475,0.0,cote_r +20.61,log_revenu -2.49,heures_travail +0.34
C006120,0,0.5701875,0.508875,0.6315,0.0,heures_travail +3.70,log_revenu +2.73,cote_r +0.64
C006535,0,0.11981249999999999,0.122375,0.11725,0.0,cote_r -20.82,heures_travail -3.01,log_revenu +1.78
C013607,0,0.34887500000000005,0.37175,0.326,0.0,cote_r -5.94,log_revenu -3.55,heures_travail +1.18
C006566,0,0.3408125,0.373375,0.30825,0.0,cote_r -5.89,log_revenu -5.13,heures_travail +1.18
C009729,1,0.9400625,0.942375,0.93775,0.0,cote_r +30.22,heures_travail -3.01,log_revenu +2.58
C010800,0,0.297375,0.30325,0.2915,0.0,cote_r -9.09,heures_travail -1.33,prog_Genie -0.11
C005432,0,0.20356249999999998,0.151375,0.25575,0.0,cote_r -18.33,heures_travail +4.53,log_revenu +1.45
C005444,0,0.40518750000000003,0.378125,0.43225,0.0,log_revenu +6.95,cote_r -5.65,heures_travail -3.85
C007969,0,0.43856249999999997,0.478375,0.39875,0.0,log_revenu -3.78,cote_r -0.67,heures_travail +0.34
C009553,1,0.93475,0.9175,0.952,0.0,cote_r +26.19,log_revenu +3.22,heures_travail +2.86
C007931,0,0.244125,0.263,0.22525,0.0,cote_r -11.64,log_revenu -1.79,heures_travail -0.50
C008206,1,0.7021875,0.673625,0.73075,0.0,cote_r +8.52,log_revenu +3.70,heures_travail -0.50
C001640,1,0.842125,0.865,0.81925,0.0,cote_r +20.73,heures_travail -4.69,log_revenu +1.62
C008432,1,0.6274375,0.552125,0.70275,0.0,heures_travail +6.21,cote_r +2.53,log_revenu +1.46
C013512,0,0.134625,0.1435,0.12575,0.0,cote_r -18.93,log_revenu -1.35,heures_travail -0.50
C000798,1,0.9309375,0.941625,0.92025,0.0,cote_r +30.04,heures_travail -3.85,log_revenu +1.11
C011926,0,0.2860625,0.291125,0.281,0.0,cote_r -9.80,heures_travail -4.69,log_revenu +3.17
C007176,1,0.8656874999999999,0.899625,0.83175,0.0,cote_r +24.29,heures_travail -7.20,log_revenu +1.30
C013928,0,0.11431250000000001,0.112125,0.1165,0.0,cote_r -21.77,log_revenu -2.26,heures_travail +2.02
C009520,1,0.990125,0.9885,0.99175,0.0,cote_r +43.38,log_revenu +6.45,heures_travail -1.33
C008744,0,0.1514375,0.145375,0.1575,0.0,cote_r -18.81,log_revenu +4.22,heures_travail -3.85
C008434,1,0.8665624999999999,0.841625,0.8915,0.0,cote_r +18.72,heures_travail +3.70,log_revenu +1.53
C003007,0,0.540375,0.644,0.43675,0.0,cote_r +7.04,heures_travail -6.36,log_revenu -3.35
C006245,1,0.650375,0.651,0.64975,0.0,cote_r +7.39,heures_travail +5.37,log_revenu -5.21
C013832,1,0.784875,0.81825,0.7515,0.0,cote_r +16.82,log_revenu -3.34,heures_travail -0.50
C012972,0,0.3204375,0.345875,0.295,0.0,cote_r -7.07,heures_travail -3.85,log_revenu +0.67
C005098,0,0.0791875,0.083375,0.075,0.0,cote_r -24.50,log_revenu -6.04,heures_travail +3.70
C005807,0,0.257125,0.30325,0.211,0.0,cote_r -9.09,log_revenu -3.81,heures_travail -2.17
C006532,0,0.3465625,0.402875,0.29025,0.0,heures_travail -5.53,cote_r -4.40,log_revenu -0.54
C009189,0,0.0843125,0.120375,0.04825,0.0,cote_r -21.00,log_revenu -7.89,heures_travail -1.33
C008358,0,0.5833125,0.548875,0.61775,0.0,heures_travail +2.86,cote_r +2.41,log_revenu +1.11
C011841,1,0.703875,0.62775,0.78,0.0,heures_travail +7.89,cote_r +6.27,log_revenu +0.74
C004767,0,0.146375,0.101,0.19175,0.0,cote_r -22.90,log_revenu +4.23,heures_travail +2.86
C011857,1,0.6227499999999999,0.59625,0.64925,0.0,cote_r +4.67,heures_travail +4.53,log_revenu -1.47
C012544,1,0.7129375,0.715125,0.71075,0.0,cote_r +10.71,heures_travail +2.02,log_revenu -1.71
C004308,0,0.4380625,0.278125,0.598,0.0,heures_travail +12.92,cote_r -10.75,log_revenu +3.03
C013516,1,0.676125,0.65675,0.6955,0.0,cote_r +7.69,heures_travail +1.18,log_revenu +0.88
C001347,0,0.5005,0.45975,0.54125,0.0,heures_travail +7.05,log_revenu -2.80,cote_r -1.56
C013225,0,0.2794375,0.291125,0.26775,0.0,cote_r -9.80,heures_travail -1.33,log_revenu -0.43
C002595,0,0.5744374999999999,0.519625,0.62925,0.0,log_revenu +6.21,cote_r +1.11,heures_travail -0.50
C000003,1,0.5981875000000001,0.572625,0.62375,0.0,log_revenu +3.58,cote_r +3.54,heures_travail -0.50
C007523,0,0.55375,0.6215,0.486,0.0,cote_r +5.85,log_revenu -5.82,heures_travail -0.50
C000065,0,0.585125,0.57825,0.592,0.0,cote_r +3.78,log_revenu +2.34,heures_travail -1.33
C002808,0,0.0078125,0.008875,0.00675,0.0,cote_r -41.28,log_revenu -3.04,heures_travail -1.33
C009404,0,0.5405,0.56475,0.51625,0.0,log_revenu -3.27,cote_r +3.13,heures_travail +1.18
C004196,0,0.38575000000000004,0.43225,0.33925,0.0,heures_travail -4.69,cote_r -2.86,prog_Sciences +0.22
C013055,0,0.456,0.446,0.466,0.0,cote_r -2.15,prog_Genie +0.39,heures_travail +0.34
C002910,0,0.2659375,0.293625,0.23825,0.0,cote_r -9.68,log_revenu -2.41,heures_travail -1.33
C002443,1,0.9497500000000001,0.96825,0.93125,0.0,cote_r +35.31,log_revenu -3.91,heures_travail -3.01
C010149,0,0.46649999999999997,0.4195,0.5135,0.0,log_revenu +4.72,cote_r -3.57,heures_travail +0.34
C013797,1,0.733625,0.791,0.67625,0.0,cote_r +14.92,heures_travail -3.01,log_revenu -2.86
C009587,0,0.4691875,0.519625,0.41875,0.0,log_revenu -4.08,cote_r +1.11,heures_travail -0.50
C009861,1,0.7176875,0.766625,0.66875,0.0,cote_r +13.32,heures_travail -5.53,log_revenu +0.82
C003597,1,0.7303124999999999,0.702125,0.7585,0.0,cote_r +9.94,heures_travail +2.86,log_revenu +0.48
C000025,1,0.7445625,0.795875,0.69325,0.0,cote_r +15.28,log_revenu -6.38,heures_travail +1.18
C010148,1,0.655875,0.72375,0.588,0.0,cote_r +11.19,heures_travail -3.85,log_revenu -2.77
C003990,0,0.027125,0.023,0.03125,0.0,cote_r -35.29,log_revenu +2.52,heures_travail -0.50
C004068,0,0.589,0.5755,0.6025,0.0,cote_r +3.66,heures_travail +2.02,log_revenu -0.62
C012309,1,0.8420000000000001,0.87775,0.80625,0.0,cote_r +21.98,log_revenu -3.79,heures_travail -1.33
C012883,1,0.9335,0.93825,0.92875,0.0,cote_r +29.21,heures_travail -4.69,log_revenu +4.02
C001660,1,0.7466875,0.710375,0.783,0.0,cote_r +10.48,heures_travail +2.86,log_revenu +1.88
C013835,1,0.8783749999999999,0.85625,0.9005,0.0,cote_r +20.02,heures_travail +3.70,log_revenu +1.67
C012486,0,0.1009375,0.088375,0.1135,0.0,cote_r -24.14,heures_travail +2.86,log_revenu -0.82
C002953,0,0.1646875,0.196625,0.13275,0.0,cote_r -15.49,log_revenu -4.17,heures_travail -0.50
C003672,1,0.9016875,0.892875,0.9105,0.0,cote_r +23.52,log_revenu +1.80,heures_travail +1.18
C006175,1,0.9590624999999999,0.965125,0.953,0.0,cote_r +34.72,log_revenu -4.61,heures_travail +2.86
C002893,1,0.826875,0.8555,0.79825,0.0,cote_r +19.96,log_revenu -4.11,heures_travail +0.34
C003795,1,0.9370624999999999,0.917125,0.957,0.0,cote_r +26.13,heures_travail +7.05,log_revenu +0.33
C000581,1,0.973875,0.97575,0.972,0.0,cote_r +36.56,prog_Genie +0.39,heures_travail +0.34
C008043,0,0.0410625,0.043125,0.039,0.0,cote_r -30.13,log_revenu -4.95,heures_travail +3.70
C000346,0,0.2333125,0.286125,0.1805,0.0,cote_r -10.27,heures_travail -4.69,log_revenu -1.84
C002533,1,0.9935,0.99525,0.99175,0.0,cote_r +48.83,log_revenu +3.57,heures_travail +0.34
C011784,0,0.0251875,0.017375,0.033,0.0,cote_r -37.13,heures_travail +5.37,log_revenu -0.72
C012912,0,0.364,0.38825,0.33975,0.0,cote_r -5.17,log_revenu -2.56,heures_travail +0.34
C006275,1,0.634625,0.60575,0.6635,0.0,cote_r +5.08,heures_travail +3.70,log_revenu -0.63
C009131,0,0.320875,0.30575,0.336,0.0,cote_r -8.97,heures_travail +1.18,prog_Sante +0.29
C005049,0,0.17225000000000001,0.18825,0.15625,0.0,cote_r -16.02,heures_travail -3.01,prog_Sante +0.29
C011902,1,0.9526875,0.947625,0.95775,0.0,cote_r +30.81,heures_travail +5.37,log_revenu -2.94
C013185,0,0.3243125,0.294625,0.354,0.0,cote_r -9.62,log_revenu +4.09,heures_travail -1.33
C001088,1,0.8576250000000001,0.8555,0.85975,0.0,cote_r +19.96,log_revenu +2.11,heures_travail -1.33
C011446,1,0.681625,0.6015,0.76175,0.0,heures_travail +6.21,cote_r +4.90,log_revenu +2.47
C013189,0,0.2756875,0.325125,0.22625,0.0,log_revenu -8.05,cote_r -7.96,heures_travail +2.02
C000610,1,0.8763125,0.864375,0.88825,0.0,cote_r +20.67,heures_travail +7.05,log_revenu -3.81
C009912,1,0.9263125,0.911625,0.941,0.0,cote_r +25.59,log_revenu +3.11,heures_travail +1.18
C007739,0,0.0669375,0.076625,0.05725,0.0,cote_r -25.33,heures_travail -6.36,log_revenu +2.39
C008044,0,0.08756249999999999,0.102125,0.073,0.0,cote_r -22.78,log_revenu -2.95,heures_travail -0.50
C002823,0,0.29075,0.37175,0.20975,0.0,cote_r -5.94,log_revenu -5.29,heures_travail -3.85
C003527,1,0.8981250000000001,0.913,0.88325,0.0,cote_r +25.71,log_revenu -5.23,heures_travail +2.86
C008716,0,0.030375,0.03075,0.03,0.0,cote_r -33.04,heures_travail -1.33,log_revenu +0.90
C013957,1,0.6816875,0.715125,0.64825,0.0,cote_r +10.71,heures_travail -3.85,log_revenu +0.60
C003914,0,0.1965,0.21525,0.17775,0.0,cote_r -14.42,heures_travail -3.01,prog_Genie +0.39
C000078,1,0.811875,0.82875,0.795,0.0,cote_r +17.77,log_revenu -5.62,heures_travail +3.70
C009960,0,0.5508124999999999,0.502375,0.59925,0.0,heures_travail +4.53,cote_r +0.40,prog_Genie +0.39
C010006,1,0.7944374999999999,0.827375,0.7615,0.0,cote_r +17.71,heures_travail -2.17,log_revenu -1.97
C005012,0,0.481,0.54475,0.41725,0.0,log_revenu -7.61,cote_r +2.18,heures_travail +2.02
C005370,0,0.2596875,0.289125,0.23025,0.0,cote_r -9.98,log_revenu -5.59,heures_travail +1.18
C007693,0,0.38425,0.342,0.4265,0.0,cote_r -7.25,log_revenu +3.50,heures_travail +1.18
C012423,0,0.0395,0.0405,0.0385,0.0,cote_r -30.78,log_revenu -3.22,heures_travail +2.86
C002248,1,0.8811249999999999,0.883,0.87925,0.0,cote_r +22.63,heures_travail +2.86,log_revenu -2.42
C011940,1,0.7763125,0.765375,0.78725,0.0,cote_r +13.26,log_revenu +3.83,heures_travail -1.33
C006468,0,0.16981249999999998,0.167375,0.17225,0.0,cote_r -17.27,heures_travail -2.17,log_revenu +1.94
C003381,1,0.6253124999999999,0.682375,0.56825,0.0,cote_r +8.88,log_revenu -3.02,heures_travail -2.17
C009763,1,0.7771250000000001,0.76775,0.7865,0.0,cote_r +13.38,log_revenu +1.46,heures_travail +0.34
C003878,1,0.73,0.758,0.702,0.0,cote_r +12.97,log_revenu -2.52,heures_travail -0.50
C000884,0,0.3901875,0.389375,0.391,0.0,cote_r -5.12,log_revenu -4.67,heures_travail +4.53
C005840,0,0.052750000000000005,0.03775,0.06775,0.0,cote_r -31.44,log_revenu +5.15,heures_travail -1.33
C004988,0,0.44225000000000003,0.3755,0.509,0.0,cote_r -5.77,heures_travail +3.70,log_revenu +2.81
C005821,0,0.1265,0.10975,0.14325,0.0,cote_r -22.01,log_revenu +4.59,heures_travail -2.17
C013747,0,0.547625,0.5985,0.49675,0.0,cote_r +4.78,log_revenu -3.96,heures_travail -0.50
C011313,0,0.5746249999999999,0.567,0.58225,0.0,cote_r +3.18,heures_travail +2.02,log_revenu -0.95
C007101,1,0.6241875,0.676125,0.57225,0.0,cote_r +8.64,log_revenu -2.73,heures_travail -2.17
C005492,1,0.9448125,0.949125,0.9405,0.0,cote_r +31.17,log_revenu -1.20,heures_travail +0.34
C012902,0,0.2555,0.30325,0.20775,0.0,cote_r -9.09,heures_travail -6.36,prog_Sciences +0.22
C004495,0,0.1168125,0.122375,0.11125,0.0,cote_r -20.82,heures_travail -1.33,log_revenu -0.22
C003327,0,0.3608125,0.386875,0.33475,0.0,heures_travail -5.53,cote_r -5.23,log_revenu +3.27
C008413,0,0.056125,0.0505,0.06175,0.0,cote_r -28.89,heures_travail +1.18,log_revenu -0.78
C013758,1,0.943125,0.93775,0.9485,0.0,cote_r +29.09,log_revenu +5.39,heures_travail -3.01
C010380,0,0.0361875,0.045875,0.0265,0.0,cote_r -29.66,heures_travail -6.36,log_revenu +1.12
C003265,1,0.981375,0.98425,0.9785,0.0,cote_r +40.71,heures_travail -3.01,log_revenu +1.62
C008229,1,0.90675,0.90825,0.90525,0.0,cote_r +25.18,log_revenu +0.70,heures_travail -0.50
C011985,1,0.9649375,0.96375,0.966125,0.0,cote_r +34.60,log_revenu +2.30,heures_travail -1.33
C002746,0,0.25575,0.25925,0.25225,0.0,cote_r -11.81,heures_travail -2.17,log_revenu +1.30
C008602,0,0.350625,0.30325,0.398,0.0,cote_r -9.09,log_revenu +5.54,heures_travail -1.33
C013496,1,0.8064375,0.783375,0.8295,0.0,cote_r +14.39,log_revenu +3.55,heures_travail +0.34
C005341,1,0.87775,0.8965,0.859,0.0,cote_r +23.99,heures_travail -5.53,log_revenu +2.73
C007891,0,0.1738125,0.124875,0.22275,0.0,cote_r -20.59,log_revenu +3.46,heures_travail +2.86
C007692,0,0.40812499999999996,0.472,0.34425,0.0,heures_travail -3.85,log_revenu -2.62,cote_r -0.91
C003048,1,0.7845625,0.782375,0.78675,0.0,cote_r +14.33,heures_travail +1.18,prog_Sciences +0.22
C013863,0,0.10200000000000001,0.0825,0.1215,0.0,cote_r -24.56,heures_travail +4.53,log_revenu -1.16
C004947,0,0.48575,0.44075,0.53075,0.0,log_revenu +3.44,cote_r -2.39,heures_travail +1.18
C007172,0,0.17675000000000002,0.15775,0.19575,0.0,cote_r -17.86,heures_travail +1.18,log_revenu +0.86
C013469,0,0.21056249999999999,0.216125,0.205,0.0,cote_r -14.36,heures_travail -2.17,log_revenu +1.30
C007924,1,0.974375,0.9775,0.97125,0.0,cote_r +37.09,log_revenu +1.52,heures_travail -1.33
C001697,0,0.018,0.022,0.014,0.0,cote_r -35.47,heures_travail -3.01,log_revenu -0.86
C012278,0,0.1724375,0.138875,0.206,0.0,cote_r -19.34,heures_travail +2.86,log_revenu +1.05
C009101,0,0.32581249999999995,0.268875,0.38275,0.0,cote_r -11.34,log_revenu +4.82,heures_travail +1.18
C003595,1,0.906625,0.8945,0.91875,0.0,cote_r +23.70,log_revenu +4.68,heures_travail -1.33
C000107,0,0.5309375000000001,0.514875,0.547,0.0,log_revenu +3.24,heures_travail -1.33,cote_r +0.93
C012354,0,0.5723125,0.554625,0.59,0.0,heures_travail +2.86,cote_r +2.65,log_revenu -0.65
C003211,1,0.6705625,0.659625,0.6815,0.0,cote_r +7.81,heures_travail +1.18,log_revenu +0.42
C004864,0,0.18575,0.1435,0.228,0.0,cote_r -18.93,heures_travail +5.37,log_revenu -0.26
C002797,0,0.5263125,0.504375,0.54825,0.0,log_revenu +3.47,heures_travail -1.33,cote_r +0.46
C011447,0,0.471125,0.431,0.51125,0.0,heures_travail +6.21,cote_r -2.92,log_revenu -2.51
C000917,0,0.2311875,0.250875,0.2115,0.0,cote_r -12.17,log_revenu -2.58,heures_travail -0.50
C012492,0,0.556875,0.654,0.45975,0.0,cote_r +7.57,heures_travail -6.36,log_revenu -2.51
C007679,0,0.054375,0.04725,0.0615,0.0,cote_r -29.24,heures_travail +4.53,log_revenu -3.26
C004967,0,0.3160625,0.322125,0.31,0.0,cote_r -8.08,log_revenu -4.70,heures_travail +2.86
C008803,1,0.6703125,0.703625,0.637,0.0,cote_r +10.00,log_revenu -4.29,heures_travail +1.18
C007195,0,0.1731875,0.152375,0.194,0.0,cote_r -18.28,heures_travail +4.53,log_revenu -2.53
C013010,0,0.0540625,0.077375,0.03075,0.0,cote_r -25.27,heures_travail -5.53,log_revenu -2.65
C007682,0,0.48312499999999997,0.4125,0.55375,0.0,log_revenu +4.63,cote_r -3.99,heures_travail +2.02
C000552,0,0.20575,0.24275,0.16875,0.0,cote_r -12.70,heures_travail -5.53,log_revenu +0.39
C012880,1,0.7895,0.75,0.829,0.0,cote_r +12.55,log_revenu +5.97,heures_travail -0.50
C006475,0,0.1241875,0.112125,0.13625,0.0,cote_r -21.77,log_revenu +2.39,heures_travail -0.50
C000043,1,0.884625,0.8965,0.87275,0.0,cote_r +23.99,heures_travail -1.33,log_revenu -0.46
C001809,0,0.3669375,0.379375,0.3545,0.0,cote_r -5.59,log_revenu -1.30,heures_travail +0.34
C007115,0,0.026750000000000003,0.02125,0.03225,0.0,cote_r -35.64,heures_travail +6.21,log_revenu -3.99
C010898,1,0.7785,0.76375,0.79325,0.0,cote_r +13.20,heures_travail +2.02,log_revenu +0.46
C008792,0,0.26931249999999995,0.266375,0.27225,0.0,cote_r -11.52,heures_travail -0.50,log_revenu +0.45
C006576,1,0.719125,0.7485,0.68975,0.0,cote_r +12.49,log_revenu -1.68,heures_travail -1.33
C000478,1,0.8554999999999999,0.82875,0.88225,0.0,cote_r +17.77,heures_travail +2.86,log_revenu +2.16
C001688,0,0.059062500000000004,0.048625,0.0695,0.0,cote_r -29.06,log_revenu +1.54,heures_travail +0.34
C008598,0,0.5963125,0.624125,0.5685,0.0,cote_r +6.03,heures_travail -1.33,log_revenu -0.67
C004236,0,0.4124375,0.390875,0.434,0.0,heures_travail +6.21,cote_r -5.00,log_revenu -3.49
C011420,0,0.06587499999999999,0.08675,0.045,0.0,cote_r -24.26,log_revenu -4.80,heures_travail -1.33
C011540,1,0.6115625,0.571625,0.6515,0.0,log_revenu +7.33,cote_r +3.48,heures_travail -3.01
C001942,0,0.14025,0.16425,0.11625,0.0,cote_r -17.50,log_revenu -4.20,heures_travail -0.50
C010818,1,0.7159375,0.744125,0.68775,0.0,cote_r +12.31,heures_travail -5.53,log_revenu +2.82
C010663,1,0.994125,0.9965,0.99175,0.0,cote_r +49.66,log_revenu +1.65,heures_travail -0.50
C011516,0,0.3980625,0.360875,0.43525,0.0,cote_r -6.42,log_revenu +5.70,heures_travail -2.17
C004263,0,0.00825,0.0105,0.006,0.0,cote_r -40.09,heures_travail -5.53,log_revenu -0.64
C009969,0,0.33506250000000004,0.294625,0.3755,0.0,cote_r -9.62,log_revenu +4.37,heures_travail -0.50
C005420,0,0.1849375,0.206375,0.1635,0.0,cote_r -14.96,log_revenu -1.73,heures_travail -1.33
C007828,1,0.80925,0.82225,0.79625,0.0,cote_r +17.23,heures_travail -3.01,log_revenu +1.89
C003420,1,0.8799375,0.914875,0.845,0.0,cote_r +25.89,heures_travail -4.69,log_revenu -1.55
C004531,0,0.3566875,0.313125,0.40025,0.0,cote_r -8.55,log_revenu +2.89,heures_travail +1.18
C013175,1,0.7708125,0.795875,0.74575,0.0,cote_r +15.28,log_revenu -3.56,heures_travail +1.18
C002444,1,0.9216875,0.924875,0.9185,0.0,cote_r +27.25,log_revenu -1.55,heures_travail +1.18
C000222,0,0.5956874999999999,0.574125,0.61725,0.0,cote_r +3.60,log_revenu +1.40,heures_travail +1.18
C006990,0,0.3375625,0.278125,0.397,0.0,cote_r -10.75,log_revenu +4.26,heures_travail +2.02
C004002,1,0.7966875,0.805375,0.788,0.0,cote_r +15.81,log_revenu -1.20,heures_travail +1.18
C005596,0,0.2641875,0.266375,0.262,0.0,cote_r -11.52,heures_travail -2.17,log_revenu +1.92
C009643,0,0.5218750000000001,0.538,0.50575,0.0,cote_r +2.00,log_revenu -1.15,heures_travail -0.50
C003718,0,0.01525,0.0235,0.007,0.0,cote_r -34.93,log_revenu -5.77,heures_travail -4.69
C011217,0,0.38768749999999996,0.481875,0.2935,0.0,log_revenu -10.35,cote_r -0.55,heures_travail +0.34
C012710,1,0.8106875,0.814875,0.8065,0.0,cote_r +16.52,heures_travail +2.86,log_revenu -2.52
C005867,1,0.9200625,0.874875,0.96525,0.0,cote_r +21.74,heures_travail +10.40,log_revenu +3.42
C009406,1,0.8656874999999999,0.891625,0.83975,0.0,cote_r +23.40,heures_travail -3.01,log_revenu -1.98
C004210,0,0.5749375,0.556375,0.5935,0.0,cote_r +2.77,log_revenu +2.22,heures_travail +0.34
C010627,1,0.9341250000000001,0.933,0.93525,0.0,cote_r +28.20,log_revenu +0.69,heures_travail +0.34
C003368,1,0.651875,0.6855,0.61825,0.0,cote_r +8.99,log_revenu -1.62,heures_travail -1.33
C013231,1,0.854125,0.82875,0.8795,0.0,cote_r +17.77,log_revenu +4.37,prog_Genie +0.39
C009672,0,0.003,0.004,0.002,0.0,cote_r -46.67,heures_travail -3.01,log_revenu -1.75
C002288,1,0.914625,0.90025,0.929,0.0,cote_r +24.35,heures_travail +3.70,log_revenu +0.77
C007263,0,0.4088125,0.374625,0.443,0.0,heures_travail +7.89,cote_r -5.83,log_revenu -4.44
C013291,0,0.2880625,0.312125,0.264,0.0,cote_r -8.61,log_revenu -2.76,heures_travail -0.50
C006101,1,0.9918750000000001,0.992,0.99175,0.0,cote_r +46.22,log_revenu +5.74,heures_travail +1.18
C000775,0,0.18806250000000002,0.211875,0.16425,0.0,cote_r -14.60,heures_travail -2.17,log_revenu -1.26
C010900,1,0.8378125,0.827375,0.84825,0.0,cote_r +17.71,heures_travail +1.18,log_revenu +1.00
C012662,0,0.376375,0.41125,0.3415,0.0,cote_r -4.05,log_revenu -1.95,heures_travail -1.33
C002484,0,0.5205625,0.509875,0.53125,0.0,log_revenu +1.86,cote_r +0.69,heures_travail -0.50
C003340,0,0.045,0.0545,0.0355,0.0,cote_r -28.18,log_revenu -3.18,heures_travail -0.50
C000483,1,0.7453125,0.715125,0.7755,0.0,cote_r +10.71,heures_travail +2.02,log_revenu +2.00
C007205,0,0.38375000000000004,0.4445,0.323,0.0,log_revenu -5.38,cote_r -2.27,heures_travail -0.50
C001609,0,0.508625,0.49225,0.525,0.0,log_revenu +3.14,heures_travail -1.33,prog_Sante +0.29
C006616,0,0.1784375,0.206375,0.1505,0.0,cote_r -14.96,log_revenu -3.66,heures_travail -0.50
C007675,1,0.98,0.9795,0.9805,0.0,cote_r +38.04,heures_travail +3.70,log_revenu -1.87
C006167,0,0.42025,0.41125,0.42925,0.0,cote_r -4.05,log_revenu +0.76,prog_Genie +0.39
C003410,1,0.624625,0.6355,0.61375,0.0,cote_r +6.62,heures_travail -1.33,log_revenu +0.44
C003451,0,0.18725,0.19575,0.17875,0.0,cote_r -15.55,log_revenu -0.85,heures_travail -0.50
C001903,0,0.5313125000000001,0.513375,0.54925,0.0,log_revenu +2.46,cote_r +0.87,heures_travail -0.50
C011960,1,0.8420624999999999,0.868375,0.81575,0.0,cote_r +21.09,heures_travail -3.01,log_revenu -1.07
C009749,0,0.013625,0.008,0.01925,0.0,cote_r -42.88,heures_travail +5.37,log_revenu +0.64
C000194,0,0.5706875,0.659625,0.48175,0.0,cote_r +7.81,log_revenu -6.05,heures_travail -2.17
C008750,1,0.8745,0.887,0.862,0.0,cote_r +22.98,heures_travail -3.01,log_revenu +1.43
C009810,1,0.691875,0.755,0.62875,0.0,cote_r +12.79,log_revenu -4.67,heures_travail -1.33
C008937,1,0.6765,0.662,0.691,0.0,cote_r +7.93,heures_travail +3.70,log_revenu -2.03
C004475,0,0.48206250000000006,0.406125,0.558,0.0,log_revenu +8.00,cote_r -4.23,heures_travail -0.50
C011128,1,0.9416875,0.925375,0.958,0.0,cote_r +27.31,log_revenu +5.92,prog_Genie +0.39
C013141,1,0.66025,0.63775,0.68275,0.0,cote_r +6.80,log_revenu +1.42,heures_travail +1.18
C007291,0,0.2858125,0.248125,0.3235,0.0,cote_r -12.35,log_revenu +5.08,heures_travail -1.33
C005146,1,0.91125,0.92225,0.90025,0.0,cote_r +27.02,log_revenu -1.55,heures_travail -0.50
C006894,0,0.592125,0.604,0.58025,0.0,cote_r +5.02,heures_travail -2.17,log_revenu +1.07
C009386,0,0.498125,0.487,0.50925,0.0,log_revenu +2.57,heures_travail -1.33,cote_r -0.31
C002307,0,0.5460624999999999,0.524125,0.568,0.0,log_revenu +1.81,cote_r +1.35,prog_Genie +0.39
C007498,0,0.1411875,0.131125,0.15125,0.0,cote_r -19.99,log_revenu +2.17,heures_travail -1.33
C003082,0,0.43356249999999996,0.396375,0.47075,0.0,log_revenu +7.95,cote_r -4.76,heures_travail -3.85
C011318,0,0.0824375,0.099625,0.06525,0.0,cote_r -23.02,heures_travail -3.01,log_revenu -1.90
C011354,0,0.415625,0.46625,0.365,0.0,log_revenu -3.19,heures_travail -2.17,cote_r -1.14
C003704,0,0.194125,0.1195,0.26875,0.0,cote_r -21.06,heures_travail +5.37,log_revenu +4.02
C012589,0,0.005124999999999999,0.0045,0.00575,0.0,cote_r -46.02,log_revenu +2.27,heures_travail -2.17
C004416,1,0.9155,0.8965,0.9345,0.0,cote_r +23.99,log_revenu +5.47,heures_travail -0.50
C006233,0,0.470375,0.472,0.46875,0.0,heures_travail -3.01,log_revenu +2.48,cote_r -0.91
C000040,1,0.7578125,0.694375,0.82125,0.0,cote_r +9.47,heures_travail +6.21,log_revenu +2.17
C006074,1,0.6718125,0.669625,0.674,0.0,cote_r +8.28,heures_travail +1.18,log_revenu -0.48
C006751,0,0.059625,0.0735,0.04575,0.0,cote_r -25.86,log_revenu -3.93,heures_travail -0.50
C008310,0,0.4045625,0.396375,0.41275,0.0,cote_r -4.76,heures_travail +2.02,log_revenu -0.91
C011129,0,0.38925,0.43325,0.34525,0.0,log_revenu -4.93,cote_r -2.80,heures_travail +0.34
C004546,1,0.982625,0.989,0.97625,0.0,cote_r +43.73,log_revenu -3.85,heures_travail -1.33
C002379,0,0.3426875,0.339875,0.3455,0.0,cote_r -7.37,heures_travail -4.69,log_revenu +4.52
C007041,0,0.1315,0.0605,0.2025,0.0,cote_r -27.40,heures_travail +6.21,log_revenu +5.90
C000546,1,0.8389375,0.851875,0.826,0.0,cote_r +19.66,log_revenu -0.99,heures_travail -0.50
C008657,1,0.900875,0.9055,0.89625,0.0,cote_r +24.94,heures_travail -2.17,log_revenu +1.55
C009285,0,0.2385,0.247,0.23,0.0,cote_r -12.41,log_revenu -1.09,heures_travail -0.50
C000006,1,0.70825,0.75125,0.66525,0.0,cote_r +12.61,heures_travail -3.01,log_revenu -1.16
C009863,0,0.36650000000000005,0.29925,0.43375,0.0,cote_r -9.32,log_revenu +6.01,prog_Genie +0.39
C004814,0,0.419,0.423,0.415,0.0,cote_r -3.40,heures_travail -0.50,prog_Genie +0.39
C012675,1,0.9305,0.95225,0.90875,0.0,cote_r +31.70,log_revenu -4.96,heures_travail -0.50
C011292,0,0.06425,0.05925,0.06925,0.0,cote_r -27.46,heures_travail +2.86,log_revenu -2.14
C008444,1,0.7555624999999999,0.787125,0.724,0.0,cote_r +14.63,log_revenu -8.80,heures_travail +5.37
C013144,0,0.4358125,0.421875,0.44975,0.0,heures_travail +5.37,log_revenu -4.01,cote_r -3.46
C007455,0,0.5776875,0.569875,0.5855,0.0,cote_r +3.30,log_revenu +1.55,heures_travail -0.50
C011037,0,0.5,0.4525,0.5475,0.0,log_revenu +3.70,cote_r -1.91,heures_travail +1.18
C003835,0,0.48068750000000005,0.450625,0.51075,0.0,heures_travail +3.70,cote_r -1.97,log_revenu -0.43
C006196,1,0.662,0.68925,0.63475,0.0,cote_r +9.17,log_revenu -2.76,prog_Genie +0.39
C000291,0,0.5126875,0.489375,0.536,0.0,log_revenu +5.10,heures_travail -3.01,prog_Genie +0.39
C005307,0,0.35762499999999997,0.332,0.38325,0.0,cote_r -7.66,log_revenu +4.29,heures_travail -2.17
C009157,1,0.97775,0.96375,0.99175,0.0,cote_r +34.60,log_revenu +8.20,heures_travail -0.50
C007055,1,0.9596875,0.969375,0.95,0.0,cote_r +35.49,heures_travail -3.01,log_revenu -0.69
C008375,1,0.9024375,0.895375,0.9095,0.0,cote_r +23.87,heures_travail +1.18,log_revenu +0.91
C001432,1,0.9895625,0.987375,0.99175,0.0,cote_r +43.02,log_revenu -1.20,heures_travail +1.18
C002491,0,0.1189375,0.093625,0.14425,0.0,cote_r -23.55,log_revenu +4.74,heures_travail -0.50
C000695,1,0.8416874999999999,0.878875,0.8045,0.0,cote_r +22.10,heures_travail -4.69,log_revenu -0.83
C012442,0,0.223125,0.26175,0.1845,0.0,cote_r -11.70,log_revenu -5.44,prog_Genie +0.39
C005648,0,0.2745625,0.268875,0.28025,0.0,cote_r -11.34,heures_travail +3.70,log_revenu -3.47
C005257,1,0.68925,0.7485,0.63,0.0,cote_r +12.49,heures_travail -3.01,log_revenu -2.99
C011878,1,0.6240625,0.639375,0.60875,0.0,cote_r +6.86,heures_travail -3.01,log_revenu +1.61
C011708,0,0.308875,0.3045,0.31325,0.0,cote_r -9.03,log_revenu +3.88,heures_travail -3.85
C013329,0,0.075625,0.06225,0.089,0.0,cote_r -27.29,log_revenu +2.92,heures_travail -0.50
C008801,1,0.91,0.913,0.907,0.0,cote_r +25.71,heures_travail -0.50,log_revenu +0.43
C001907,0,0.441,0.41875,0.46325,0.0,cote_r -3.69,heures_travail +2.02,prog_Sante +0.29
C000131,0,0.362375,0.35175,0.373,0.0,cote_r -6.83,log_revenu +0.57,heures_travail +0.34
C013729,0,0.5279375,0.481875,0.574,0.0,log_revenu +2.58,heures_travail +2.02,cote_r -0.55
C007122,0,0.181375,0.254,0.10875,0.0,cote_r -12.05,log_revenu -8.64,heures_travail -2.17
C010216,0,0.559375,0.6015,0.51725,0.0,cote_r +4.90,log_revenu -4.44,heures_travail +1.18
C010823,0,0.22725,0.18325,0.27125,0.0,cote_r -16.32,heures_travail +3.70,log_revenu +0.95
C007572,0,0.421375,0.4085,0.43425,0.0,log_revenu +6.68,heures_travail -4.69,cote_r -4.17
C004855,0,0.1,0.1335,0.0665,0.0,cote_r -19.76,heures_travail -4.69,log_revenu -2.77
C006513,1,0.9686874999999999,0.962,0.975375,0.0,cote_r +33.95,log_revenu +3.34,heures_travail +1.18
C010985,0,0.21050000000000002,0.22075,0.20025,0.0,cote_r -14.01,heures_travail -1.33,log_revenu -0.59
C011225,1,0.8640625,0.874875,0.85325,0.0,cote_r +21.74,log_revenu -3.04,heures_travail +1.18
C010843,0,0.38325,0.3535,0.413,0.0,cote_r -6.77,log_revenu +3.97,heures_travail -0.50
C010556,0,0.2714375,0.296125,0.24675,0.0,cote_r -9.50,heures_travail -2.17,log_revenu -1.30
C010108,1,0.8867499999999999,0.88825,0.88525,0.0,cote_r +23.10,heures_travail -2.17,log_revenu +2.16
C013241,0,0.5776875,0.531875,0.6235,0.0,heures_travail +3.70,cote_r +1.70,log_revenu +1.32
C006263,1,0.9643125,0.948125,0.9805,0.0,cote_r +30.93,heures_travail +6.21,log_revenu +3.10
C005521,0,0.15437499999999998,0.17875,0.13,0.0,cote_r -16.62,heures_travail -4.69,log_revenu +1.28
C000999,0,0.065875,0.07925,0.0525,0.0,cote_r -25.03,log_revenu -7.94,heures_travail +3.70
C005102,0,0.3931875,0.364125,0.42225,0.0,cote_r -6.30,log_revenu +3.85,heures_travail -0.50
C008187,1,0.9884999999999999,0.98525,0.99175,0.0,cote_r +41.12,log_revenu +4.49,heures_travail -1.33
C009832,0,0.076125,0.0605,0.09175,0.0,cote_r -27.40,heures_travail +4.53,log_revenu -1.41
C000912,1,0.901,0.91825,0.88375,0.0,cote_r +26.30,heures_travail -3.85,log_revenu +1.25
C011571,0,0.064,0.0705,0.0575,0.0,cote_r -26.16,heures_travail -3.01,log_revenu +0.45
C007820,0,0.38187499999999996,0.4365,0.32725,0.0,heures_travail -4.69,cote_r -2.63,log_revenu -1.34
C012241,1,0.79025,0.809,0.7715,0.0,cote_r +16.11,log_revenu -2.00,heures_travail +0.34
C010204,0,0.5055,0.586,0.425,0.0,log_revenu -5.07,cote_r +4.07,heures_travail -2.17
C002684,0,0.0851875,0.066875,0.1035,0.0,cote_r -26.69,heures_travail +5.37,log_revenu -2.01
C005022,1,0.669,0.72875,0.60925,0.0,cote_r +11.48,heures_travail -4.69,log_revenu -1.33
C001879,1,0.6438125,0.646375,0.64125,0.0,cote_r +7.16,log_revenu -1.32,heures_travail +1.18
C005439,0,0.0770625,0.072125,0.082,0.0,cote_r -26.04,log_revenu +1.61,heures_travail -1.33
C006791,1,0.7675625,0.800625,0.7345,0.0,cote_r +15.57,log_revenu -2.63,heures_travail -0.50
C006942,1,0.770875,0.81075,0.731,0.0,cote_r +16.29,log_revenu -5.38,heures_travail +1.18
C006795,1,0.6835625000000001,0.731875,0.63525,0.0,cote_r +11.66,log_revenu -5.28,heures_travail +0.34
C011323,0,0.507875,0.5505,0.46525,0.0,heures_travail -3.01,cote_r +2.47,log_revenu -0.56
C010448,0,0.5369375,0.442625,0.63125,0.0,log_revenu +7.44,cote_r -2.33,heures_travail +2.02
C003084,1,0.6435625,0.676125,0.611,0.0,cote_r +8.64,log_revenu -7.66,heures_travail +4.53
C009054,1,0.7206874999999999,0.725625,0.71575,0.0,cote_r +11.37,log_revenu -0.95,prog_Genie +0.39
C005691,0,0.056125,0.0655,0.04675,0.0,cote_r -26.81,log_revenu -3.05,heures_travail -0.50
C001168,1,0.6826875,0.716625,0.64875,0.0,cote_r +10.77,heures_travail -3.01,log_revenu +0.25
C011140,0,0.5079374999999999,0.535125,0.48075,0.0,heures_travail -2.17,cote_r +1.88,log_revenu -0.36
C003781,0,0.5773125,0.481875,0.67275,0.0,heures_travail +5.37,log_revenu +3.68,cote_r -0.55
C012927,0,0.2880625,0.240875,0.33525,0.0,cote_r -12.76,log_revenu +5.51,heures_travail -0.50
C003719,1,0.7670625,0.734125,0.8,0.0,cote_r +11.78,log_revenu +3.24,heures_travail +1.18
C012087,0,0.2598125,0.160875,0.35875,0.0,cote_r -17.68,heures_travail +6.21,log_revenu +5.22
C011970,0,0.2585,0.23275,0.28425,0.0,cote_r -13.18,log_revenu +6.61,heures_travail -4.69
C010954,1,0.8786875000000001,0.889625,0.86775,0.0,cote_r +23.22,log_revenu -4.24,heures_travail +2.86
C009482,0,0.172125,0.14125,0.203,0.0,cote_r -19.11,heures_travail +3.70,prog_Genie +0.39
C000734,1,0.60375,0.6015,0.606,0.0,cote_r +4.90,log_revenu +1.26,heures_travail -0.50
C007669,1,0.992125,0.9925,0.99175,0.0,cote_r +47.05,log_revenu -4.67,heures_travail +4.53
C002102,0,0.3765625,0.337375,0.41575,0.0,cote_r -7.49,log_revenu +6.22,heures_travail -2.17
C012626,0,0.5431250000000001,0.529,0.55725,0.0,cote_r +1.58,log_revenu +1.09,heures_travail +0.34
C003864,1,0.9724375000000001,0.96225,0.982625,0.0,cote_r +34.07,log_revenu +7.71,heures_travail -0.50
C013817,0,0.1905,0.17725,0.20375,0.0,cote_r -16.67,log_revenu +0.99,heures_travail +0.34
C001124,0,0.41412499999999997,0.3805,0.44775,0.0,cote_r -5.53,log_revenu +3.19,heures_travail +0.34
C005981,1,0.68625,0.72875,0.64375,0.0,cote_r +11.48,heures_travail -5.53,log_revenu +1.50
C007867,1,0.8823125,0.899125,0.8655,0.0,cote_r +24.23,log_revenu -1.51,heures_travail -1.33
C010281,1,0.6945625,0.730625,0.6585,0.0,cote_r +11.60,heures_travail -2.17,log_revenu -1.51
C001401,1,0.8250625,0.874875,0.77525,0.0,cote_r +21.74,log_revenu -4.28,heures_travail -3.01
C001765,1,0.9404375,0.940625,0.94025,0.0,cote_r +29.74,heures_travail +2.02,log_revenu -1.79
C006533,0,0.3259375,0.275375,0.3765,0.0,cote_r -10.92,heures_travail +4.53,log_revenu +1.17
C004214,0,0.518875,0.521,0.51675,0.0,cote_r +1.17,log_revenu +0.63,heures_travail -0.50
C012217,1,0.8775625,0.871125,0.884,0.0,cote_r +21.32,log_revenu +2.16,heures_travail -0.50
C005805,0,0.12006249999999999,0.118125,0.122,0.0,cote_r -21.12,heures_travail -0.50,log_revenu +0.29
C002619,0,0.08981249999999999,0.077375,0.10225,0.0,cote_r -25.27,log_revenu +1.58,heures_travail +0.34
C009438,0,0.2904375,0.285125,0.29575,0.0,cote_r -10.33,heures_travail +1.18,log_revenu -1.00
C009466,0,0.247875,0.24375,0.252,0.0,cote_r -12.64,heures_travail -1.33,log_revenu +1.25
C002956,0,0.1979375,0.174125,0.22175,0.0,cote_r -16.91,log_revenu +2.48,heures_travail +0.34
C013724,0,0.07450000000000001,0.06975,0.07925,0.0,cote_r -26.28,log_revenu +5.57,heures_travail -5.53
C013382,0,0.0665,0.0705,0.0625,0.0,cote_r -26.16,heures_travail -4.69,log_revenu +2.51
C000049,0,0.1968125,0.218125,0.1755,0.0,cote_r -14.19,heures_travail -3.01,log_revenu -0.28
C005518,0,0.58875,0.567,0.6105,0.0,log_revenu +3.45,cote_r +3.18,heures_travail -1.33
C007778,0,0.3255,0.39375,0.25725,0.0,cote_r -4.88,heures_travail -4.69,log_revenu -2.70
C005839,1,0.88775,0.89475,0.88075,0.0,cote_r +23.76,heures_travail -3.85,log_revenu +3.35
C008000,1,0.62175,0.59625,0.64725,0.0,cote_r +4.67,heures_travail +3.70,log_revenu -0.70
C010491,1,0.8010625,0.775875,0.82625,0.0,cote_r +13.91,log_revenu +6.20,heures_travail -2.17
C006423,1,0.95675,0.96575,0.94775,0.0,cote_r +34.78,log_revenu -2.82,heures_travail -0.50
C009115,0,0.10643749999999999,0.110375,0.1025,0.0,cote_r -21.95,heures_travail -3.01,log_revenu +1.31
C008302,0,0.032937499999999995,0.043625,0.02225,0.0,cote_r -30.07,log_revenu -3.57,heures_travail -2.17
C006510,1,0.662875,0.6855,0.64025,0.0,cote_r +8.99,heures_travail -3.85,log_revenu +2.34
C013464,1,0.70225,0.67175,0.73275,0.0,cote_r +8.40,log_revenu +2.04,heures_travail +2.02
C013823,1,0.7400625,0.756875,0.72325,0.0,cote_r +12.91,log_revenu -0.84,heures_travail -0.50
C012672,1,0.9305,0.92225,0.93875,0.0,cote_r +27.02,log_revenu +2.24,heures_travail +0.34
C012671,0,0.4875,0.4675,0.5075,0.0,heures_travail +1.18,cote_r -1.08,log_revenu +0.73
C008179,1,0.6674375,0.629375,0.7055,0.0,cote_r +6.33,heures_travail +2.02,log_revenu +1.93
C003923,1,0.655375,0.684,0.62675,0.0,cote_r +8.93,heures_travail -3.01,log_revenu +1.01
C004384,0,0.3610625,0.360875,0.36125,0.0,cote_r -6.42,log_revenu +3.10,heures_travail -3.01
C006214,0,0.19393749999999998,0.200875,0.187,0.0,cote_r -15.19,heures_travail -3.85,log_revenu +2.41
C011564,0,0.455125,0.395,0.51525,0.0,cote_r -4.82,heures_travail +3.70,log_revenu +1.99
C002345,0,0.4900625,0.478375,0.50175,0.0,log_revenu +2.16,heures_travail -1.33,cote_r -0.67
C012805,1,0.6641874999999999,0.695875,0.6325,0.0,cote_r +9.53,log_revenu -5.69,heures_travail +2.86
C004274,0,0.38075000000000003,0.4195,0.342,0.0,cote_r -3.57,log_revenu -2.58,heures_travail -1.33
C011167,0,0.0896875,0.075625,0.10375,0.0,cote_r -25.51,log_revenu +6.80,heures_travail -4.69
C004452,1,0.939125,0.93875,0.9395,0.0,cote_r +29.33,log_revenu +2.78,heures_travail -2.17
C012952,0,0.494625,0.5005,0.48875,0.0,heures_travail -3.85,log_revenu +3.41,cote_r +0.34
C010320,1,0.943,0.944,0.942,0.0,cote_r +30.34,heures_travail -3.01,log_revenu +2.81
C011721,0,0.3701875,0.345875,0.3945,0.0,cote_r -7.07,log_revenu +1.56,heures_travail +1.18
C003371,0,0.12337499999999998,0.14125,0.1055,0.0,cote_r -19.11,log_revenu -3.46,heures_travail -0.50
C005017,0,0.3931875,0.328125,0.45825,0.0,cote_r -7.84,log_revenu +5.30,heures_travail +1.18
C013551,0,0.407625,0.3755,0.43975,0.0,cote_r -5.77,log_revenu +3.99,heures_travail -0.50
C004808,1,0.8856875,0.890375,0.881,0.0,cote_r +23.28,heures_travail -0.50,prog_Sante +0.29
C011089,1,0.9590624999999999,0.954125,0.964,0.0,cote_r +32.00,log_revenu +4.10,heures_travail -0.50
C005018,1,0.7911874999999999,0.831375,0.751,0.0,cote_r +17.89,log_revenu -2.47,heures_travail -2.17
C007921,0,0.5618125,0.599875,0.52375,0.0,cote_r +4.84,heures_travail -3.01,log_revenu -0.42
C000730,0,0.0811875,0.084125,0.07825,0.0,cote_r -24.44,heures_travail -3.01,log_revenu +1.52
C009562,1,0.9600625,0.959375,0.96075,0.0,cote_r +33.12,log_revenu +1.20,heures_travail +0.34
C004439,1,0.8596874999999999,0.849625,0.86975,0.0,cote_r +19.55,log_revenu +1.67,prog_Genie +0.39
C012078,0,0.19225,0.254,0.1305,0.0,cote_r -12.05,log_revenu -5.49,heures_travail -3.01
C002209,0,0.09718750000000001,0.084875,0.1095,0.0,cote_r -24.38,log_revenu +3.92,heures_travail -2.17
C006055,0,0.36375,0.33875,0.38875,0.0,cote_r -7.43,log_revenu +2.14,heures_travail +0.34
C011362,0,0.4721875,0.455875,0.4885,0.0,log_revenu +2.21,cote_r -1.74,heures_travail -0.50
C011783,0,0.508875,0.586,0.43175,0.0,log_revenu -5.92,cote_r +4.07,heures_travail -0.50
C000237,1,0.993,0.99425,0.99175,0.0,cote_r +48.00,heures_travail +3.70,log_revenu +3.04
C000972,0,0.58125,0.63675,0.52575,0.0,cote_r +6.74,log_revenu -4.89,heures_travail -0.50
C002253,0,0.24025000000000002,0.205,0.2755,0.0,cote_r -15.01,log_revenu +2.38,heures_travail +1.18
C000390,1,0.766,0.75375,0.77825,0.0,cote_r +12.73,heures_travail +2.02,log_revenu +0.23
C010742,1,0.8036875,0.809875,0.7975,0.0,cote_r +16.23,log_revenu +3.89,heures_travail -3.85
C003290,1,0.770875,0.73925,0.8025,0.0,cote_r +12.02,heures_travail +5.37,log_revenu -1.15
C001231,0,0.29693749999999997,0.307625,0.28625,0.0,cote_r -8.85,heures_travail -3.01,log_revenu +1.19
C003209,0,0.5270625,0.508875,0.54525,0.0,heures_travail +3.70,log_revenu -1.92,cote_r +0.64
C011814,0,0.164875,0.16325,0.1665,0.0,cote_r -17.56,heures_travail -2.17,log_revenu +2.07
C007955,1,0.8128124999999999,0.831375,0.79425,0.0,cote_r +17.89,heures_travail -4.69,log_revenu +2.55
C008921,1,0.679875,0.6015,0.75825,0.0,cote_r +4.90,heures_travail +4.53,log_revenu +4.24
C002380,0,0.216125,0.20375,0.2285,0.0,cote_r -15.07,log_revenu +1.58,heures_travail -0.50
C001358,1,0.784625,0.79325,0.776,0.0,cote_r +15.10,log_revenu -4.88,heures_travail +4.53
C012318,1,0.9234374999999999,0.931375,0.9155,0.0,cote_r +28.08,log_revenu -0.57,heures_travail -0.50
C011150,0,0.034375,0.044,0.02475,0.0,cote_r -30.01,heures_travail -4.69,log_revenu -0.85
C004004,0,0.07831250000000001,0.080875,0.07575,0.0,cote_r -24.74,heures_travail -2.17,log_revenu +0.55
C003958,0,0.08499999999999999,0.0655,0.1045,0.0,cote_r -26.81,heures_travail +2.86,log_revenu +0.41
C011909,0,0.4539375,0.418125,0.48975,0.0,heures_travail +6.21,cote_r -3.75,log_revenu -2.42
C005506,1,0.8176875,0.815625,0.81975,0.0,cote_r +16.58,log_revenu +6.48,heures_travail -5.53
C004376,1,0.687,0.63125,0.74275,0.0,cote_r +6.44,heures_travail +4.53,log_revenu +1.58
C010573,0,0.2890625,0.296125,0.282,0.0,cote_r -9.50,heures_travail -3.01,log_revenu +1.29
C006416,0,0.361875,0.3535,0.37025,0.0,cote_r -6.77,log_revenu +3.09,heures_travail -2.17
C011558,0,0.2865,0.31025,0.26275,0.0,cote_r -8.73,log_revenu -5.65,heures_travail +2.86
C011881,0,0.514875,0.54475,0.485,0.0,log_revenu -2.32,cote_r +2.18,heures_travail -0.50
C011747,0,0.423375,0.356,0.49075,0.0,cote_r -6.66,heures_travail +4.53,log_revenu +2.21
C002734,0,0.274,0.24375,0.30425,0.0,cote_r -12.64,log_revenu +5.75,heures_travail -3.01
C004773,1,0.8101875,0.773125,0.84725,0.0,cote_r +13.68,log_revenu +3.83,heures_travail +2.02
C004589,0,0.47075,0.4295,0.512,0.0,cote_r -2.98,heures_travail +2.02,log_revenu +1.62
C007324,0,0.2678125,0.224875,0.31075,0.0,cote_r -13.71,log_revenu +6.27,heures_travail -2.17
C005777,1,0.9493125,0.942375,0.95625,0.0,cote_r +30.22,log_revenu +4.35,heures_travail -1.33
C002450,0,0.04975,0.035,0.0645,0.0,cote_r -31.79,log_revenu +6.76,heures_travail -3.01
C006062,1,0.7771875,0.781375,0.773,0.0,cote_r +14.27,log_revenu +1.62,heures_travail -1.33
C002051,0,0.13,0.08675,0.17325,0.0,cote_r -24.26,heures_travail +8.73,log_revenu -2.13
C001178,1,0.6579375000000001,0.691125,0.62475,0.0,cote_r +9.35,heures_travail -4.69,log_revenu +2.10
C011181,0,0.27675,0.268,0.2855,0.0,cote_r -11.40,log_revenu +1.10,heures_travail -0.50
C003355,0,0.342375,0.32075,0.364,0.0,cote_r -8.14,heures_travail +7.89,log_revenu -5.82
C001130,1,0.60475,0.63125,0.57825,0.0,cote_r +6.44,heures_travail -2.17,log_revenu -0.46
C005009,1,0.78625,0.82875,0.74375,0.0,cote_r +17.77,log_revenu -2.43,heures_travail -2.17
C007484,1,0.81425,0.79325,0.83525,0.0,cote_r +15.10,log_revenu +4.58,heures_travail -1.33
C001335,0,0.34625,0.32375,0.36875,0.0,cote_r -8.02,log_revenu +1.33,prog_Genie +0.39
C007269,0,0.521375,0.447,0.59575,0.0,log_revenu +4.97,cote_r -2.09,heures_travail +2.02
C000377,0,0.1073125,0.136125,0.0785,0.0,cote_r -19.58,heures_travail -6.36,prog_Genie -0.11
C001090,0,0.0171875,0.016875,0.0175,0.0,cote_r -37.30,log_revenu -1.42,heures_travail +0.34
C011294,0,0.23575,0.15525,0.31625,0.0,cote_r -18.04,log_revenu +5.03,heures_travail +3.70
C012961,0,0.4643125,0.497625,0.431,0.0,log_revenu -6.80,heures_travail +3.70,prog_Sciences +0.22
C005312,0,0.4721875,0.497625,0.44675,0.0,log_revenu -3.23,heures_travail +1.18,cote_r +0.22
C007619,0,0.09843750000000001,0.113875,0.083,0.0,cote_r -21.60,log_revenu -2.68,heures_travail -1.33
C001357,0,0.385125,0.446,0.32425,0.0,log_revenu -3.98,heures_travail -2.17,cote_r -2.15
C004571,1,0.8101875000000001,0.823625,0.79675,0.0,cote_r +17.41,log_revenu -2.64,heures_travail +1.18
C006679,1,0.9424999999999999,0.941,0.944,0.0,cote_r +29.80,log_revenu +2.14,heures_travail -1.33
C013593,1,0.6290625000000001,0.624125,0.634,0.0,cote_r +6.03,heures_travail +2.86,log_revenu -2.37
C011159,1,0.8315625,0.858375,0.80475,0.0,cote_r +20.20,heures_travail -4.69,log_revenu +1.10
C009276,0,0.169375,0.205,0.13375,0.0,cote_r -15.01,log_revenu -4.22,heures_travail -0.50
C002007,0,0.29000000000000004,0.332,0.248,0.0,cote_r -7.66,log_revenu -6.48,heures_travail +1.18
C001050,0,0.4356875,0.399375,0.472,0.0,cote_r -4.58,log_revenu +4.21,heures_travail -0.50
C000318,0,0.489375,0.49225,0.4865,0.0,log_revenu -1.62,heures_travail +1.18,prog_Genie +0.39
C006238,0,0.5609375,0.608625,0.51325,0.0,cote_r +5.20,heures_travail -3.01,log_revenu -1.04
C006339,1,0.6843125,0.703625,0.665,0.0,cote_r +10.00,log_revenu -2.56,heures_travail +1.18
C004119,1,0.8475625,0.884375,0.81075,0.0,cote_r +22.75,heures_travail -4.69,log_revenu -1.33
C003757,0,0.4564375,0.489375,0.4235,0.0,log_revenu -1.58,heures_travail -1.33,prog_Genie +0.39
C013517,1,0.6034999999999999,0.567,0.64,0.0,cote_r +3.18,log_revenu +2.84,heures_travail +1.18
C005329,1,0.8614999999999999,0.843,0.88,0.0,cote_r +18.83,log_revenu +3.76,heures_travail +0.34
C013818,0,0.5429375000000001,0.531875,0.554,0.0,log_revenu +2.09,cote_r +1.70,heures_travail -0.50
C007346,1,0.6917500000000001,0.651,0.7325,0.0,cote_r +7.39,heures_travail +4.53,prog_Genie +0.39
C004747,0,0.156,0.20225,0.10975,0.0,cote_r -15.13,heures_travail -4.69,log_revenu -2.81
C011419,0,0.3038125,0.221875,0.38575,0.0,cote_r -13.95,log_revenu +7.33,heures_travail +1.18
C000135,1,0.65825,0.65675,0.65975,0.0,cote_r +7.69,heures_travail +2.02,log_revenu -1.57
C001717,0,0.19625,0.2315,0.161,0.0,cote_r -13.30,log_revenu -4.37,heures_travail -0.50
C004725,0,0.5263125,0.514875,0.53775,0.0,heures_travail +1.18,cote_r +0.93,prog_Genie +0.39
C002659,0,0.0224375,0.026125,0.01875,0.0,cote_r -34.10,log_revenu -4.51,heures_travail +1.18
C013034,1,0.6068125,0.647625,0.566,0.0,cote_r +7.22,heures_travail -2.17,log_revenu -1.42
C012745,1,0.771,0.808,0.734,0.0,cote_r +15.99,heures_travail -4.69,log_revenu +0.89
C007726,1,0.6403749999999999,0.5555,0.72525,0.0,heures_travail +6.21,log_revenu +2.74,cote_r +2.71
C001923,1,0.7965625000000001,0.816625,0.7765,0.0,cote_r +16.70,heures_travail -3.01,log_revenu +0.58
C004092,1,0.6588125,0.607375,0.71025,0.0,heures_travail +6.21,cote_r +5.14,log_revenu -0.53
C009879,1,0.8941250000000001,0.8975,0.89075,0.0,cote_r +24.05,heures_travail -1.33,log_revenu +0.93
C005288,0,0.082375,0.08575,0.079,0.0,cote_r -24.32,heures_travail -1.33,log_revenu -0.74
C012886,0,0.51425,0.447,0.5815,0.0,heures_travail +3.70,log_revenu +2.84,cote_r -2.09
C005766,1,0.90825,0.91825,0.89825,0.0,cote_r +26.30,heures_travail -3.01,log_revenu +1.22
C001232,1,0.7313125,0.775375,0.68725,0.0,cote_r +13.86,log_revenu -3.72,heures_travail -0.50
C010897,0,0.013125,0.015,0.01125,0.0,cote_r -38.49,log_revenu -3.89,heures_travail +2.02
C012377,0,0.1685625,0.170875,0.16625,0.0,cote_r -17.03,heures_travail -2.17,log_revenu +1.29
C013881,0,0.01125,0.01025,0.01225,0.0,cote_r -40.21,log_revenu -1.24,heures_travail +1.18
C001288,0,0.156875,0.18625,0.1275,0.0,cote_r -16.14,heures_travail -2.17,log_revenu -1.94
C000927,0,0.3269375,0.291125,0.36275,0.0,cote_r -9.80,heures_travail +2.02,log_revenu +1.28
C006801,0,0.220875,0.2145,0.22725,0.0,cote_r -14.48,heures_travail +1.18,log_revenu -0.94
C006262,1,0.8103750000000001,0.81175,0.809,0.0,cote_r +16.34,heures_travail +5.37,log_revenu -5.28
C011531,1,0.953625,0.95225,0.955,0.0,cote_r +31.70,log_revenu +3.25,heures_travail -2.17
C010295,1,0.95575,0.946,0.9655,0.0,cote_r +30.51,heures_travail +2.86,log_revenu +2.38
C002604,0,0.048375,0.047,0.04975,0.0,cote_r -29.30,log_revenu -4.31,heures_travail +3.70
C000867,1,0.918625,0.93575,0.9015,0.0,cote_r +28.68,log_revenu -2.03,heures_travail -1.33
C008189,0,0.4605625,0.415875,0.50525,0.0,log_revenu +6.78,cote_r -3.87,heures_travail -2.17
C000014,0,0.59475,0.6975,0.492,0.0,cote_r +9.65,log_revenu -7.95,heures_travail -1.33
C003840,1,0.7570625,0.787125,0.727,0.0,cote_r +14.63,heures_travail -1.33,log_revenu -1.20
C000035,0,0.260625,0.29525,0.226,0.0,cote_r -9.56,log_revenu -2.62,heures_travail -2.17
C010091,0,0.3354375,0.406125,0.26475,0.0,log_revenu -5.88,cote_r -4.23,heures_travail -1.33
C008440,1,0.7481249999999999,0.72375,0.7725,0.0,cote_r +11.19,log_revenu +2.68,heures_travail +0.34
C003543,1,0.8720625,0.895375,0.84875,0.0,cote_r +23.87,heures_travail -6.36,log_revenu +2.61
C001832,0,0.0766875,0.099625,0.05375,0.0,cote_r -23.02,log_revenu -4.85,heures_travail -1.33
C001926,1,0.96275,0.97225,0.95325,0.0,cote_r +36.14,heures_travail -4.69,log_revenu +1.12
C006195,1,0.6287499999999999,0.5075,0.75,0.0,heures_travail +7.89,log_revenu +4.48,cote_r +0.58
C000405,1,0.8273125,0.827375,0.82725,0.0,cote_r +17.71,log_revenu +1.00,heures_travail -0.50
C012279,0,0.0636875,0.090375,0.037,0.0,cote_r -23.85,log_revenu -6.20,heures_travail -1.33
C005758,0,0.23781249999999998,0.269875,0.20575,0.0,cote_r -11.28,log_revenu -3.88,heures_travail -0.50
C001835,0,0.174625,0.21325,0.136,0.0,cote_r -14.54,log_revenu -3.17,heures_travail -2.17
C012520,0,0.1105,0.1305,0.0905,0.0,cote_r -20.05,heures_travail -3.85,log_revenu -0.91
C000700,1,0.8110625,0.784125,0.838,0.0,cote_r +14.45,log_revenu +2.19,heures_travail +2.02
C005002,0,0.5595,0.538,0.581,0.0,log_revenu +2.35,cote_r +2.00,heures_travail +0.34
C011427,1,0.6785,0.7135,0.6435,0.0,cote_r +10.65,log_revenu -1.90,heures_travail -1.33
C001324,1,0.658,0.6975,0.6185,0.0,cote_r +9.65,heures_travail -3.85,prog_Sante +0.29
C007034,1,0.74025,0.69,0.7905,0.0,cote_r +9.23,heures_travail +7.89,log_revenu -1.57
C003537,1,0.8688750000000001,0.87325,0.8645,0.0,cote_r +21.56,heures_travail -1.33,log_revenu +1.07
C012075,1,0.873,0.8965,0.8495,0.0,cote_r +23.99,log_revenu -3.14,heures_travail -0.50
C004979,0,0.5365,0.52575,0.54725,0.0,cote_r +1.41,log_revenu +1.08,heures_travail +0.34
C005487,0,0.40318750000000003,0.357625,0.44875,0.0,cote_r -6.54,heures_travail +2.86,log_revenu +1.93
C001064,1,0.7455624999999999,0.664125,0.827,0.0,cote_r +7.99,log_revenu +6.47,heures_travail +3.70
C013047,1,0.7618125,0.756875,0.76675,0.0,cote_r +12.91,log_revenu +1.49,heures_travail -0.50
C006749,1,0.8769375,0.854125,0.89975,0.0,cote_r +19.84,log_revenu +4.87,heures_travail +0.34
C001004,1,0.7978125,0.780125,0.8155,0.0,cote_r +14.21,log_revenu +1.45,heures_travail +1.18
C001964,0,0.042374999999999996,0.045,0.03975,0.0,cote_r -29.84,heures_travail -2.17,log_revenu +0.76
C009050,1,0.7868125,0.834875,0.73875,0.0,cote_r +18.18,log_revenu -3.81,heures_travail -2.17
C003320,0,0.067,0.04675,0.08725,0.0,cote_r -29.36,log_revenu +4.37,heures_travail -0.50
C010867,1,0.9746250000000001,0.980125,0.969125,0.0,cote_r +38.52,heures_travail -3.85,log_revenu +1.66
C004896,1,0.768125,0.762,0.77425,0.0,cote_r +13.14,log_revenu +2.86,heures_travail -1.33
C009778,0,0.274875,0.30675,0.243,0.0,cote_r -8.91,log_revenu -5.77,heures_travail +1.18
C010562,0,0.445125,0.4375,0.45275,0.0,log_revenu +3.58,heures_travail -3.01,cote_r -2.57
C009583,0,0.5281875,0.478375,0.578,0.0,log_revenu +7.47,heures_travail -3.01,cote_r -0.67
C007505,0,0.10012499999999999,0.10575,0.0945,0.0,cote_r -22.37,log_revenu -4.69,heures_travail +2.86
C003234,1,0.7988124999999999,0.823125,0.7745,0.0,cote_r +17.35,heures_travail -4.69,log_revenu +1.67
C006071,0,0.48512500000000003,0.487,0.48325,0.0,log_revenu -0.53,heures_travail +0.34,cote_r -0.31
C007267,1,0.682625,0.666,0.69925,0.0,cote_r +8.05,heures_travail +3.70,log_revenu -1.46
C000315,1,0.6915,0.666,0.717,0.0,cote_r +8.05,heures_travail +3.70,log_revenu -0.95
C006922,1,0.939875,0.9505,0.92925,0.0,cote_r +31.46,log_revenu -1.50,heures_travail -1.33
C006552,1,0.6478125,0.659625,0.636,0.0,cote_r +7.81,heures_travail -1.33,log_revenu +0.78
C004338,1,0.7056875,0.744125,0.66725,0.0,cote_r +12.31,log_revenu -3.85,heures_travail +0.34
C011488,1,0.9676875,0.96375,0.971625,0.0,cote_r +34.60,log_revenu +3.81,heures_travail -1.33
C008785,1,0.7245625,0.703625,0.7455,0.0,cote_r +10.00,heures_travail +2.02,log_revenu +0.71
C007021,1,0.7094374999999999,0.735625,0.68325,0.0,cote_r +11.84,log_revenu -3.54,heures_travail +1.18
C003737,0,0.509875,0.472,0.54775,0.0,heures_travail +5.37,log_revenu -1.88,cote_r -0.91
C006804,1,0.92,0.923,0.917,0.0,cote_r +27.07,log_revenu +2.40,heures_travail -2.17
C013506,1,0.648875,0.60575,0.692,0.0,heures_travail +5.37,cote_r +5.08,log_revenu -0.89
C001154,0,0.4155,0.4125,0.4185,0.0,cote_r -3.99,heures_travail +1.18,log_revenu -0.40
C006667,1,0.7751250000000001,0.79325,0.757,0.0,cote_r +15.10,log_revenu -3.55,heures_travail +2.02
C012443,0,0.33218749999999997,0.335625,0.32875,0.0,cote_r -7.55,log_revenu -4.11,heures_travail +3.70
C011502,0,0.0548125,0.056875,0.05275,0.0,cote_r -27.82,log_revenu -2.75,heures_travail +1.18
C006095,1,0.79975,0.83,0.7695,0.0,cote_r +17.83,log_revenu -2.47,heures_travail -1.33
C001725,0,0.2968125,0.219625,0.374,0.0,cote_r -14.07,log_revenu +6.81,heures_travail +1.18
C013739,1,0.9373125,0.931375,0.94325,0.0,cote_r +28.08,log_revenu +2.86,heures_travail -0.50
C006308,1,0.620625,0.59525,0.646,0.0,cote_r +4.61,log_revenu +2.18,prog_Genie +0.39
C002841,0,0.341625,0.35675,0.3265,0.0,cote_r -6.60,heures_travail -2.17,prog_Sante +0.29
C010837,0,0.32999999999999996,0.301,0.359,0.0,cote_r -9.21,heures_travail +6.21,log_revenu -3.89
C009707,1,0.6092500000000001,0.538,0.6805,0.0,log_revenu +8.16,cote_r +2.00,heures_travail -1.33
C007224,0,0.0918125,0.069125,0.1145,0.0,cote_r -26.34,heures_travail +2.86,log_revenu +1.17
C003613,1,0.891,0.88525,0.89675,0.0,cote_r +22.81,log_revenu +5.54,heures_travail -3.85
C013296,0,0.3263125,0.360875,0.29175,0.0,log_revenu -8.26,cote_r -6.42,heures_travail +4.53
C000113,0,0.1891875,0.216125,0.16225,0.0,cote_r -14.36,log_revenu -2.68,heures_travail -1.33
C005168,1,0.778375,0.77425,0.7825,0.0,cote_r +13.74,log_revenu +3.86,heures_travail -2.17
C012650,0,0.10368749999999999,0.121125,0.08625,0.0,cote_r -20.94,heures_travail -3.01,log_revenu -1.17
C008439,1,0.6644375,0.735625,0.59325,0.0,cote_r +11.84,heures_travail -5.53,log_revenu -1.71
C004222,0,0.1016875,0.144375,0.059,0.0,cote_r -18.87,log_revenu -7.89,heures_travail -1.33
C003450,0,0.172,0.13275,0.21125,0.0,cote_r -19.82,heures_travail +5.37,log_revenu -0.88
C006224,0,0.48075,0.563,0.3985,0.0,heures_travail -5.53,cote_r +3.07,log_revenu -2.15
C000794,0,0.41500000000000004,0.4045,0.4255,0.0,log_revenu +5.23,cote_r -4.29,heures_travail -3.85
C004743,1,0.6438124999999999,0.615875,0.67175,0.0,log_revenu +6.31,cote_r +5.56,heures_travail -3.01
C011206,0,0.051750000000000004,0.06975,0.03375,0.0,cote_r -26.28,log_revenu -5.42,heures_travail -1.33
C001166,0,0.015875,0.023,0.00875,0.0,cote_r -35.29,log_revenu -4.23,heures_travail -3.85
C009595,1,0.9148125,0.928625,0.901,0.0,cote_r +27.67,log_revenu -1.34,heures_travail -1.33
C007576,0,0.41725,0.4445,0.39,0.0,cote_r -2.27,heures_travail -2.17,log_revenu -0.69
C006633,0,0.414625,0.431,0.39825,0.0,cote_r -2.92,heures_travail -1.33,prog_Genie -0.11
C011287,0,0.5351874999999999,0.632625,0.43775,0.0,log_revenu -7.12,cote_r +6.50,heures_travail -2.17
C013404,0,0.0990625,0.096375,0.10175,0.0,cote_r -23.26,heures_travail -1.33,log_revenu +0.99
C013790,0,0.2989375,0.291125,0.30675,0.0,cote_r -9.80,heures_travail +7.05,log_revenu -6.68
C001466,0,0.3794375,0.386875,0.372,0.0,cote_r -5.23,heures_travail -2.17,log_revenu +1.60
C012955,1,0.644625,0.67175,0.6175,0.0,cote_r +8.40,log_revenu -6.74,heures_travail +4.53
C000016,0,0.285875,0.31425,0.2575,0.0,cote_r -8.49,log_revenu -2.15,heures_travail -1.33
C007920,0,0.4768125,0.526875,0.42675,0.0,heures_travail -3.01,cote_r +1.47,log_revenu -1.30
C007540,1,0.6876875,0.682375,0.693,0.0,cote_r +8.88,log_revenu +3.80,heures_travail -3.01
C008161,1,0.7979375,0.833625,0.76225,0.0,cote_r +18.06,heures_travail -3.01,log_revenu -1.11
C006065,0,0.28593749999999996,0.275375,0.2965,0.0,cote_r -10.92,log_revenu +1.21,heures_travail -0.50
C005575,1,0.7544375,0.766625,0.74225,0.0,cote_r +13.32,heures_travail -0.50,log_revenu +0.18
C013482,0,0.21431250000000002,0.211875,0.21675,0.0,cote_r -14.60,heures_travail +1.18,log_revenu -1.03
C009565,0,0.1375625,0.106625,0.1685,0.0,cote_r -22.31,log_revenu +3.88,prog_Genie +0.39
C011768,0,0.574875,0.6225,0.52725,0.0,cote_r +5.91,heures_travail -3.01,log_revenu -1.24
C004380,1,0.666875,0.68725,0.6465,0.0,cote_r +9.05,log_revenu -2.87,heures_travail +1.18
C003850,0,0.205375,0.20925,0.2015,0.0,cote_r -14.78,heures_travail -3.01,log_revenu +2.57
C012286,0,0.050187499999999996,0.024125,0.07625,0.0,cote_r -34.76,heures_travail +5.37,log_revenu +3.42
C005014,0,0.1555625,0.145375,0.16575,0.0,cote_r -18.81,log_revenu +3.12,heures_travail -2.17
C005231,1,0.934625,0.93425,0.935,0.0,cote_r +28.50,heures_travail +2.02,log_revenu -1.09
C012191,0,0.12793749999999998,0.137125,0.11875,0.0,cote_r -19.52,heures_travail -1.33,log_revenu -0.53
C011908,0,0.1088125,0.121125,0.0965,0.0,cote_r -20.94,heures_travail -3.85,log_revenu +0.58
C007051,1,0.7130000000000001,0.6885,0.7375,0.0,cote_r +9.11,heures_travail +2.86,log_revenu +0.42
C008988,0,0.28031249999999996,0.216125,0.3445,0.0,cote_r -14.36,log_revenu +5.75,heures_travail +1.18
C003070,1,0.7448125,0.773125,0.7165,0.0,cote_r +13.68,heures_travail -3.01,log_revenu +0.73
C002668,0,0.060562500000000005,0.053875,0.06725,0.0,cote_r -28.29,heures_travail +2.02,log_revenu -1.61
C008145,1,0.8839375,0.893625,0.87425,0.0,cote_r +23.58,heures_travail -2.17,log_revenu +1.12
C011951,1,0.968125,0.96575,0.9705,0.0,cote_r +34.78,heures_travail +3.70,log_revenu -1.96
C010374,0,0.17881249999999999,0.210875,0.14675,0.0,cote_r -14.66,log_revenu -2.56,heures_travail -2.17
C003021,1,0.8031874999999999,0.812875,0.7935,0.0,cote_r +16.40,heures_travail -3.01,log_revenu +2.31
C001583,0,0.212625,0.19375,0.2315,0.0,cote_r -15.67,heures_travail +1.18,log_revenu +0.37
C004507,1,0.78525,0.792,0.7785,0.0,cote_r +15.04,log_revenu -1.71,heures_travail +1.18
C001317,1,0.830375,0.846,0.81475,0.0,cote_r +19.07,log_revenu -1.64,heures_travail -0.50
C002654,0,0.3239375,0.312125,0.33575,0.0,cote_r -8.61,heures_travail +1.18,log_revenu -0.25
C000707,0,0.19975,0.20225,0.19725,0.0,cote_r -15.13,heures_travail -3.01,log_revenu +1.91
C009601,1,0.7979375,0.814875,0.781,0.0,cote_r +16.52,heures_travail -3.85,log_revenu +2.42
C013004,0,0.1775,0.12825,0.22675,0.0,cote_r -20.23,log_revenu +3.30,heures_travail +2.86
C013871,0,0.2445,0.1845,0.3045,0.0,cote_r -16.26,heures_travail +6.21,prog_Sciences +0.22
C012451,0,0.46487500000000004,0.529,0.40075,0.0,heures_travail -4.69,cote_r +1.58,log_revenu -1.07
C008063,0,0.5706249999999999,0.604,0.53725,0.0,cote_r +5.02,heures_travail -3.85,log_revenu +1.23
C009437,1,0.9081874999999999,0.942375,0.874,0.0,cote_r +30.22,log_revenu -4.70,heures_travail -3.01
C007493,0,0.5093125,0.485875,0.53275,0.0,heures_travail +1.18,log_revenu +0.88,prog_Genie +0.39
C001408,0,0.22981249999999998,0.221875,0.23775,0.0,cote_r -13.95,log_revenu +0.74,heures_travail -0.50
C004181,1,0.6839999999999999,0.662,0.706,0.0,cote_r +7.93,log_revenu +4.27,heures_travail -1.33
C004379,0,0.238875,0.1895,0.28825,0.0,cote_r -15.96,heures_travail +2.86,log_revenu +2.19
C010524,1,0.60675,0.62775,0.58575,0.0,cote_r +6.27,heures_travail -3.85,log_revenu +1.81
C000150,0,0.16599999999999998,0.17725,0.15475,0.0,cote_r -16.67,log_revenu -2.14,heures_travail +0.34
C001804,0,0.0448125,0.037375,0.05225,0.0,cote_r -31.50,log_revenu +3.94,heures_travail -2.17
C001224,0,0.18712499999999999,0.1905,0.18375,0.0,cote_r -15.90,heures_travail -0.50,log_revenu -0.30
C004081,0,0.27618750000000003,0.272875,0.2795,0.0,cote_r -11.10,heures_travail -2.17,log_revenu +1.74
C013124,1,0.92125,0.88,0.9625,0.0,cote_r +22.15,log_revenu +7.40,heures_travail +5.37
C010529,1,0.859875,0.8445,0.87525,0.0,cote_r +18.95,log_revenu +2.20,heures_travail +1.18
C000743,0,0.24075,0.26725,0.21425,0.0,cote_r -11.46,heures_travail -3.01,log_revenu -0.85
C010737,1,0.789625,0.81975,0.7595,0.0,cote_r +17.00,heures_travail -3.01,log_revenu -0.24
C012556,1,0.8478749999999999,0.83575,0.86,0.0,cote_r +18.24,heures_travail +4.53,log_revenu -1.81
C007213,0,0.3119375,0.285125,0.33875,0.0,cote_r -10.33,log_revenu +2.24,heures_travail +0.34
C008896,0,0.153125,0.19575,0.1105,0.0,cote_r -15.55,heures_travail -4.69,log_revenu -2.59
C000192,0,0.3355625,0.359125,0.312,0.0,cote_r -6.48,log_revenu -6.08,heures_travail +2.86
C001612,1,0.8866875,0.868875,0.9045,0.0,cote_r +21.15,heures_travail +2.02,log_revenu +1.96
C011684,0,0.08181250000000001,0.083375,0.08025,0.0,cote_r -24.50,log_revenu -1.92,heures_travail +0.34
C000490,0,0.2729375,0.337375,0.2085,0.0,cote_r -7.49,heures_travail -3.85,log_revenu -3.74
C000839,0,0.3669375,0.322125,0.41175,0.0,cote_r -8.08,heures_travail +2.86,log_revenu +1.41
C007908,0,0.41712499999999997,0.42475,0.4095,0.0,cote_r -3.28,log_revenu -2.54,heures_travail +2.02
C001773,1,0.8953125,0.881375,0.90925,0.0,cote_r +22.33,log_revenu +4.10,heures_travail -0.50
C008102,0,0.5414375,0.478375,0.6045,0.0,log_revenu +7.58,heures_travail -1.33,cote_r -0.67
C003159,1,0.732,0.76375,0.70025,0.0,cote_r +13.20,heures_travail -3.01,prog_Genie +0.39
C008795,0,0.265125,0.29925,0.231,0.0,cote_r -9.32,heures_travail -3.01,log_revenu -1.52
C012679,0,0.07368749999999999,0.075125,0.07225,0.0,cote_r -25.57,heures_travail -2.17,log_revenu +0.78
C001740,1,0.977125,0.9625,0.99175,0.0,cote_r +34.13,log_revenu +8.84,heures_travail -0.50
C008314,0,0.120625,0.08675,0.1545,0.0,cote_r -24.26,log_revenu +4.80,prog_Genie +0.39
C007844,0,0.15868749999999998,0.136125,0.18125,0.0,cote_r -19.58,log_revenu +2.70,heures_travail +0.34
C004783,0,0.09,0.111,0.069,0.0,cote_r -21.89,log_revenu -2.99,heures_travail -2.17
C001203,1,0.8875625,0.899125,0.876,0.0,cote_r +24.23,heures_travail -2.17,prog_Genie +0.39
C003534,1,0.9476249999999999,0.93525,0.96,0.0,cote_r +28.62,log_revenu +5.52,heures_travail +0.34
C004200,0,0.2524375,0.233875,0.271,0.0,cote_r -13.12,log_revenu +3.66,heures_travail -2.17
C011518,1,0.6240625,0.692625,0.5555,0.0,cote_r +9.41,log_revenu -4.32,heures_travail -2.17
C005632,1,0.8930625,0.893625,0.8925,0.0,cote_r +23.58,heures_travail +2.86,log_revenu -2.26
C006378,0,0.5180625,0.476375,0.55975,0.0,log_revenu +2.22,heures_travail +2.02,cote_r -0.73
C003834,0,0.3253125,0.373375,0.27725,0.0,log_revenu -7.36,cote_r -5.89,heures_travail +2.02
C002217,0,0.1638125,0.137125,0.1905,0.0,cote_r -19.52,log_revenu +4.01,heures_travail -0.50
C009111,0,0.1706875,0.166625,0.17475,0.0,cote_r -17.33,heures_travail +2.86,log_revenu -2.64
C013581,1,0.6424375,0.659625,0.62525,0.0,cote_r +7.81,log_revenu -2.42,heures_travail +1.18
C004836,0,0.39512499999999995,0.38375,0.4065,0.0,cote_r -5.35,heures_travail +1.18,log_revenu +0.31
C007325,1,0.9525625,0.944625,0.9605,0.0,cote_r +30.39,heures_travail +6.21,log_revenu -2.08
C000913,0,0.3340625,0.322125,0.346,0.0,cote_r -8.08,log_revenu +3.81,heures_travail -3.01
C012209,0,0.19487500000000002,0.1905,0.19925,0.0,cote_r -15.90,log_revenu +0.79,heures_travail -0.50
C001806,1,0.7435,0.75,0.737,0.0,cote_r +12.55,heures_travail -3.01,log_revenu +2.81
C012753,0,0.2576875,0.245625,0.26975,0.0,cote_r -12.47,log_revenu +3.25,heures_travail -2.17
C008764,1,0.688,0.6855,0.6905,0.0,cote_r +8.99,heures_travail +3.70,log_revenu -3.32
C005580,0,0.436,0.4375,0.4345,0.0,cote_r -2.57,log_revenu -0.45,heures_travail +0.34
C004849,1,0.6359375,0.618625,0.65325,0.0,cote_r +5.73,heures_travail +2.86,log_revenu -0.92
C009702,0,0.5649375,0.524125,0.60575,0.0,heures_travail +3.70,cote_r +1.35,log_revenu +0.52
C007026,0,0.5303125,0.514875,0.54575,0.0,heures_travail +2.02,cote_r +0.93,premiere_generation -0.15
C010310,0,0.5780000000000001,0.538,0.618,0.0,log_revenu +2.64,cote_r +2.00,heures_travail +1.18
C011709,0,0.369125,0.4125,0.32575,0.0,cote_r -3.99,log_revenu -3.58,heures_travail -0.50
C006907,1,0.6213124999999999,0.632625,0.61,0.0,cote_r +6.50,heures_travail -1.33,log_revenu +0.52
C008324,0,0.3348125,0.350125,0.3195,0.0,cote_r -6.89,heures_travail -3.01,log_revenu +1.23
C013235,1,0.7661875,0.695875,0.8365,0.0,heures_travail +10.40,cote_r +9.53,log_revenu -1.50
C007816,0,0.584375,0.63125,0.5375,0.0,cote_r +6.44,log_revenu -3.63,heures_travail -0.50
C010634,0,0.37506249999999997,0.402875,0.34725,0.0,cote_r -4.40,log_revenu -3.39,prog_Genie +0.39
C000190,1,0.9100625,0.884375,0.93575,0.0,cote_r +22.75,log_revenu +6.25,heures_travail +0.34
C009336,1,0.6116874999999999,0.552125,0.67125,0.0,log_revenu +6.35,cote_r +2.53,heures_travail -0.50
C004246,0,0.3335,0.263,0.404,0.0,cote_r -11.64,log_revenu +5.50,heures_travail +2.02
C006641,1,0.9115625,0.919625,0.9035,0.0,cote_r +26.54,log_revenu -0.60,heures_travail -0.50
C009170,0,0.1915,0.205,0.178,0.0,cote_r -15.01,heures_travail -2.17,log_revenu +0.37
C001782,1,0.994375,0.997,0.99175,0.0,cote_r +52.15,log_revenu +3.63,heures_travail -0.50
C002776,1,0.8461875,0.840375,0.852,0.0,cote_r +18.60,log_revenu +2.10,heures_travail -0.50
C006219,0,0.1416875,0.138125,0.14525,0.0,cote_r -19.46,log_revenu +0.76,heures_travail -0.50
C009975,1,0.890375,0.92425,0.8565,0.0,cote_r +27.19,log_revenu -4.08,heures_travail -2.17
C013662,0,0.12125,0.135,0.1075,0.0,cote_r -19.64,log_revenu -3.62,prog_Genie +0.39
C000758,0,0.0320625,0.035875,0.02825,0.0,cote_r -31.67,heures_travail -3.01,prog_Genie +0.39
C007559,1,0.6730624999999999,0.557375,0.78875,0.0,log_revenu +11.47,cote_r +2.83,heures_travail +1.18
C008684,0,0.22699999999999998,0.19775,0.25625,0.0,cote_r -15.43,log_revenu +3.54,heures_travail -0.50
C001905,0,0.386,0.32075,0.45125,0.0,cote_r -8.14,log_revenu +6.80,heures_travail -0.50
C005740,0,0.206875,0.22825,0.1855,0.0,cote_r -13.53,heures_travail -4.69,log_revenu +1.75
C013112,0,0.2125,0.239,0.186,0.0,cote_r -12.82,log_revenu -3.64,heures_travail -0.50
C000364,1,0.9421875,0.957875,0.9265,0.0,cote_r +32.88,log_revenu -4.71,heures_travail +0.34
C007344,0,0.4698125,0.569875,0.36975,0.0,log_revenu -6.37,cote_r +3.30,heures_travail -3.01
C000372,0,0.540625,0.611,0.47025,0.0,cote_r +5.32,log_revenu -5.22,heures_travail -1.33
C011760,0,0.1496875,0.152375,0.147,0.0,cote_r -18.28,heures_travail -3.01,log_revenu +1.97
C003208,0,0.4026875,0.364125,0.44125,0.0,cote_r -6.30,log_revenu +2.86,heures_travail +1.18
C012171,0,0.5301875,0.497625,0.56275,0.0,log_revenu +3.76,heures_travail -0.50,cote_r +0.22
C001680,0,0.5584374999999999,0.591625,0.52525,0.0,log_revenu -4.73,cote_r +4.43,heures_travail +2.02
C001841,1,0.6521250000000001,0.7295,0.57475,0.0,cote_r +11.54,heures_travail -6.36,log_revenu -1.56
C000709,0,0.127125,0.1295,0.12475,0.0,cote_r -20.11,heures_travail -2.17,log_revenu +1.53
C007261,0,0.17875000000000002,0.20225,0.15525,0.0,cote_r -15.13,heures_travail -5.53,log_revenu +1.81
C006329,0,0.169125,0.1475,0.19075,0.0,cote_r -18.63,heures_travail +3.70,log_revenu -1.67
C009813,1,0.7346874999999999,0.705125,0.76425,0.0,cote_r +10.06,heures_travail +4.53,log_revenu -0.84
C001428,0,0.5822499999999999,0.567,0.5975,0.0,cote_r +3.18,heures_travail +1.18,log_revenu +0.65
C000055,0,0.37606249999999997,0.396375,0.35575,0.0,cote_r -4.76,log_revenu -3.06,heures_travail +1.18
C012788,0,0.2429375,0.252125,0.23375,0.0,cote_r -12.11,heures_travail -3.01,log_revenu +1.16
C003190,0,0.292375,0.332,0.25275,0.0,cote_r -7.66,log_revenu -3.36,heures_travail -1.33
C001955,1,0.6593125,0.639375,0.67925,0.0,cote_r +6.86,heures_travail +4.53,log_revenu -2.63
C012112,0,0.4529375,0.450625,0.45525,0.0,cote_r -1.97,log_revenu +1.80,heures_travail -1.33
C001349,0,0.130125,0.135,0.12525,0.0,cote_r -19.64,log_revenu -0.65,heures_travail -0.50
C000195,0,0.09393750000000001,0.080875,0.107,0.0,cote_r -24.74,heures_travail +3.70,log_revenu -2.22
C003144,0,0.2469375,0.249125,0.24475,0.0,cote_r -12.29,heures_travail -3.01,log_revenu +2.22
C009412,1,0.6920625,0.794625,0.5895,0.0,cote_r +15.16,log_revenu -10.09,heures_travail -0.50
C000694,1,0.8107500000000001,0.82425,0.79725,0.0,cote_r +17.47,log_revenu -5.75,heures_travail +4.53
C006465,1,0.7100625,0.694375,0.72575,0.0,cote_r +9.47,log_revenu +2.29,heures_travail -0.50
C005135,0,0.43937499999999996,0.40075,0.478,0.0,log_revenu +5.90,cote_r -4.52,heures_travail -2.17
C012504,0,0.095625,0.10025,0.091,0.0,cote_r -22.96,log_revenu -4.48,heures_travail +2.86
C010632,0,0.153125,0.16825,0.138,0.0,cote_r -17.21,heures_travail -1.33,log_revenu -0.92
C002597,0,0.2441875,0.240875,0.2475,0.0,cote_r -12.76,log_revenu -0.57,heures_travail +0.34
C012362,0,0.3080625,0.240875,0.37525,0.0,cote_r -12.76,log_revenu +8.13,heures_travail -1.33
C006374,0,0.3546875,0.328125,0.38125,0.0,cote_r -7.84,log_revenu +2.39,heures_travail +0.34
C008619,1,0.7481249999999999,0.747,0.74925,0.0,cote_r +12.43,log_revenu +0.35,heures_travail +0.34
C003215,0,0.2893125,0.230625,0.348,0.0,cote_r -13.36,log_revenu +6.67,heures_travail -0.50
C002492,1,0.8798125,0.890375,0.86925,0.0,cote_r +23.28,log_revenu -1.02,heures_travail -0.50
C003686,0,0.20124999999999998,0.21325,0.18925,0.0,cote_r -14.54,log_revenu -1.25,heures_travail -0.50
C012082,0,0.32,0.30575,0.33425,0.0,cote_r -8.97,heures_travail +1.18,prog_Genie -0.11
C013874,0,0.12456249999999999,0.160875,0.08825,0.0,cote_r -17.68,log_revenu -4.99,heures_travail -2.17
C002810,0,0.3353125,0.359125,0.3115,0.0,log_revenu -6.50,cote_r -6.48,heures_travail +3.70
C008036,0,0.37312500000000004,0.34875,0.3975,0.0,heures_travail +7.05,cote_r -6.95,log_revenu -4.57
C012996,0,0.40056250000000004,0.414125,0.387,0.0,cote_r -3.93,heures_travail -1.33,log_revenu +0.28
C009943,1,0.767375,0.79,0.74475,0.0,cote_r +14.86,log_revenu -2.29,heures_travail +0.34
C006621,0,0.5005,0.511,0.49,0.0,heures_travail -2.17,log_revenu +1.13,cote_r +0.75
C005127,0,0.46687500000000004,0.4395,0.49425,0.0,heures_travail +3.70,cote_r -2.45,log_revenu -1.10
C003326,1,0.715,0.708,0.722,0.0,cote_r +10.36,heures_travail +3.70,log_revenu -2.57
C009817,1,0.9534374999999999,0.954125,0.95275,0.0,cote_r +32.00,log_revenu +3.70,heures_travail -3.01
C000723,1,0.8948125,0.895375,0.89425,0.0,cote_r +23.87,log_revenu +2.67,heures_travail -2.17
C000009,0,0.11,0.15625,0.06375,0.0,cote_r -17.98,log_revenu -6.90,heures_travail -3.01
C009867,0,0.1005,0.08675,0.11425,0.0,cote_r -24.26,heures_travail +1.18,log_revenu +0.77
C003955,0,0.5506875,0.542625,0.55875,0.0,log_revenu +2.28,cote_r +2.12,heures_travail -1.33
C004647,0,0.47687500000000005,0.3705,0.58325,0.0,log_revenu +6.92,cote_r -6.00,heures_travail +3.70
C004441,0,0.4056875,0.386875,0.4245,0.0,cote_r -5.23,log_revenu +4.91,heures_travail -3.01
C008599,0,0.36224999999999996,0.366,0.3585,0.0,cote_r -6.24,log_revenu -2.46,heures_travail +2.02
C007731,0,0.0885,0.0655,0.1115,0.0,cote_r -26.81,log_revenu +2.56,heures_travail +2.02
C013722,1,0.9359999999999999,0.93525,0.93675,0.0,cote_r +28.62,log_revenu +3.82,heures_travail -3.01
C004332,0,0.0855625,0.093625,0.0775,0.0,cote_r -23.55,log_revenu -3.04,heures_travail +0.34
C008205,0,0.168875,0.15525,0.1825,0.0,cote_r -18.04,log_revenu +1.33,heures_travail -0.50
C006575,0,0.2010625,0.244375,0.15775,0.0,cote_r -12.58,heures_travail -3.01,log_revenu -2.74
C010912,1,0.6349375,0.655375,0.6145,0.0,cote_r +7.63,heures_travail -1.33,log_revenu -0.53
C002991,0,0.513875,0.447,0.58075,0.0,heures_travail +6.21,cote_r -2.09,prog_Sante +0.29
C007039,0,0.2401875,0.248125,0.23225,0.0,cote_r -12.35,heures_travail -3.01,log_revenu +1.48
C011786,1,0.8680625,0.916625,0.8195,0.0,cote_r +26.07,log_revenu -6.23,heures_travail -2.17
C008992,0,0.3503125,0.368125,0.3325,0.0,cote_r -6.12,log_revenu -5.65,heures_travail +3.70
C006063,0,0.1310625,0.092125,0.17,0.0,cote_r -23.73,log_revenu +3.28,heures_travail +2.86
C011235,0,0.221,0.22075,0.22125,0.0,cote_r -14.01,heures_travail -3.01,log_revenu +2.47
C009148,0,0.3914375,0.330625,0.45225,0.0,cote_r -7.72,heures_travail +4.53,log_revenu +1.23
C003107,0,0.087,0.07925,0.09475,0.0,cote_r -25.03,heures_travail +3.70,log_revenu -2.86
C011289,0,0.3971875,0.425875,0.3685,0.0,heures_travail -5.53,cote_r -3.22,log_revenu +2.39
C005573,0,0.35268750000000004,0.385375,0.32,0.0,heures_travail -5.53,cote_r -5.29,log_revenu +1.99
C010277,0,0.1031875,0.095375,0.111,0.0,cote_r -23.37,log_revenu +2.24,heures_travail -1.33
C012129,0,0.230625,0.24475,0.2165,0.0,cote_r -12.53,log_revenu -1.80,heures_travail -0.50
C001972,1,0.8396874999999999,0.837375,0.842,0.0,cote_r +18.36,heures_travail +1.18,log_revenu -0.78
C006218,1,0.8654375,0.837375,0.8935,0.0,cote_r +18.36,heures_travail +7.89,log_revenu -1.91
C007226,1,0.930875,0.95625,0.9055,0.0,cote_r +32.53,heures_travail -3.85,log_revenu -3.21
C006819,0,0.557125,0.61325,0.501,0.0,cote_r +5.44,log_revenu -3.55,heures_travail -1.33
C010739,0,0.168375,0.19575,0.141,0.0,cote_r -15.55,log_revenu -3.99,heures_travail +0.34
C008909,0,0.1083125,0.118125,0.0985,0.0,cote_r -21.12,heures_travail -1.33,log_revenu -1.27
C000889,1,0.8331875,0.870625,0.79575,0.0,cote_r +21.27,log_revenu -4.09,heures_travail -1.33
C006517,0,0.20587499999999997,0.26175,0.15,0.0,cote_r -11.70,log_revenu -5.28,heures_travail -2.17
C010539,0,0.583125,0.59275,0.5735,0.0,cote_r +4.49,heures_travail -0.50,prog_Sciences +0.22
C010058,0,0.3075,0.227,0.388,0.0,cote_r -13.59,heures_travail +4.53,log_revenu +4.44
C001797,1,0.8060625,0.771875,0.84025,0.0,cote_r +13.62,heures_travail +8.73,log_revenu -3.13
C007485,1,0.833,0.863,0.803,0.0,cote_r +20.55,log_revenu -5.18,heures_travail +1.18
C001160,0,0.377625,0.41125,0.344,0.0,cote_r -4.05,log_revenu -3.28,heures_travail +0.34
C003693,0,0.5978125000000001,0.542625,0.653,0.0,heures_travail +2.86,log_revenu +2.47,cote_r +2.12
C010893,0,0.357375,0.431,0.28375,0.0,log_revenu -5.34,heures_travail -3.01,cote_r -2.92
C008119,1,0.8716875,0.837375,0.906,0.0,cote_r +18.36,log_revenu +4.31,heures_travail +2.86
C002524,1,0.766875,0.80325,0.7305,0.0,cote_r +15.69,log_revenu -4.46,prog_Genie +0.39
C002496,0,0.01575,0.019,0.0125,0.0,cote_r -36.65,heures_travail -3.01,log_revenu -0.47
C012980,0,0.37212500000000004,0.342,0.40225,0.0,cote_r -7.25,heures_travail +3.70,log_revenu -0.82
C004395,1,0.7433125,0.824875,0.66175,0.0,cote_r +17.53,heures_travail -5.53,log_revenu -4.01
C002843,0,0.3148125,0.282875,0.34675,0.0,cote_r -10.45,heures_travail +3.70,log_revenu -0.49
C013845,0,0.5665,0.563,0.57,0.0,heures_travail +3.70,cote_r +3.07,log_revenu -2.74
C013376,1,0.959625,0.97225,0.947,0.0,cote_r +36.14,heures_travail -4.69,log_revenu -0.30
C004448,0,0.054125000000000006,0.0505,0.05775,0.0,cote_r -28.89,log_revenu -1.45,heures_travail +1.18
C009657,0,0.182875,0.18075,0.185,0.0,cote_r -16.50,heures_travail -3.85,log_revenu +3.77
C011342,1,0.6766875,0.673625,0.67975,0.0,cote_r +8.52,log_revenu +2.01,heures_travail -1.33
C013771,1,0.780375,0.79,0.77075,0.0,cote_r +14.86,heures_travail -3.85,log_revenu +2.89
C005849,0,0.0758125,0.056125,0.0955,0.0,cote_r -27.94,log_revenu +3.09,prog_Genie +0.39
C008172,0,0.1653125,0.140375,0.19025,0.0,cote_r -19.16,log_revenu +1.75,heures_travail +1.18
C007477,0,0.45118749999999996,0.481875,0.4205,0.0,heures_travail -1.33,log_revenu -0.96,cote_r -0.55
C013340,1,0.8029375000000001,0.770375,0.8355,0.0,cote_r +13.56,heures_travail +8.73,log_revenu -3.69
C012779,0,0.493375,0.46225,0.5245,0.0,heures_travail +2.86,cote_r -1.38,prog_Genie +0.39
C004285,0,0.1676875,0.151375,0.184,0.0,cote_r -18.33,log_revenu +3.99,heures_travail -2.17
C003898,0,0.0334375,0.025625,0.04125,0.0,cote_r -34.16,heures_travail +2.86,prog_Sciences +0.22
C003363,1,0.9269375,0.937375,0.9165,0.0,cote_r +29.03,heures_travail -2.17,prog_Genie +0.39
C012831,0,0.318625,0.3625,0.27475,0.0,cote_r -6.36,heures_travail -3.85,log_revenu -1.08
C006814,1,0.8402499999999999,0.81725,0.86325,0.0,cote_r +16.76,log_revenu +4.80,heures_travail -0.50
C000259,1,0.84875,0.877,0.8205,0.0,cote_r +21.92,heures_travail -3.85,log_revenu -0.27
C011833,0,0.0615,0.06625,0.05675,0.0,cote_r -26.75,log_revenu -1.65,heures_travail -0.50
C009858,0,0.32887500000000003,0.38825,0.2695,0.0,cote_r -5.17,heures_travail -4.69,log_revenu -1.81
C008775,0,0.0965,0.09575,0.09725,0.0,cote_r -23.31,heures_travail -0.50,prog_Sciences +0.22
C005121,0,0.127,0.16325,0.09075,0.0,cote_r -17.56,heures_travail -4.69,log_revenu -2.74
C008183,0,0.35175,0.39375,0.30975,0.0,cote_r -4.88,log_revenu -3.27,heures_travail -1.33
C003011,1,0.756875,0.707,0.80675,0.0,cote_r +10.24,heures_travail +7.89,log_revenu -1.53
C011900,1,0.82875,0.87325,0.78425,0.0,cote_r +21.56,log_revenu -4.48,heures_travail -2.17
C003437,1,0.6211875,0.591625,0.65075,0.0,log_revenu +4.70,cote_r +4.43,heures_travail -1.33
C000042,0,0.075125,0.04925,0.101,0.0,cote_r -29.01,log_revenu +5.50,heures_travail -0.50
C006366,0,0.196375,0.1895,0.20325,0.0,cote_r -15.96,log_revenu +2.81,heures_travail -2.17
C003808,0,0.07593749999999999,0.071375,0.0805,0.0,cote_r -26.10,heures_travail +4.53,log_revenu -3.99
C004098,1,0.98375,0.97575,0.99175,0.0,cote_r +36.56,log_revenu +7.70,heures_travail -1.33
C011974,0,0.0148125,0.019375,0.01025,0.0,cote_r -36.06,heures_travail -3.01,log_revenu -2.76
C005222,0,0.0804375,0.124875,0.036,0.0,cote_r -20.59,log_revenu -7.41,heures_travail -3.85
C006113,1,0.8015625,0.794625,0.8085,0.0,cote_r +15.16,log_revenu +1.97,heures_travail -0.50
C003385,0,0.2845625,0.292375,0.27675,0.0,cote_r -9.74,heures_travail -1.33,log_revenu -0.55
C010435,1,0.6268125,0.608625,0.645,0.0,cote_r +5.20,log_revenu +5.04,heures_travail -3.01
C009018,1,0.6946875,0.727125,0.66225,0.0,cote_r +11.42,heures_travail -2.17,log_revenu -0.95
C000002,1,0.6311875,0.528125,0.73425,0.0,log_revenu +10.62,cote_r +1.52,heures_travail +0.34
C001212,0,0.361375,0.366,0.35675,0.0,cote_r -6.24,heures_travail -1.33,log_revenu +0.86
C013597,0,0.5009375,0.526875,0.475,0.0,heures_travail -3.01,cote_r +1.47,log_revenu +0.90
C008123,1,0.7112499999999999,0.66725,0.75525,0.0,cote_r +8.10,log_revenu +8.08,heures_travail -3.01
C003743,0,0.38106249999999997,0.401625,0.3605,0.0,cote_r -4.46,heures_travail -3.85,log_revenu +1.95
C007740,1,0.773625,0.76775,0.7795,0.0,cote_r +13.38,heures_travail +3.70,log_revenu -2.41
C010355,0,0.08825,0.10275,0.07375,0.0,cote_r -22.72,heures_travail -3.85,prog_Sciences +0.22
C009041,0,0.516,0.4365,0.5955,0.0,log_revenu +5.73,cote_r -2.63,heures_travail +2.02
C004720,0,0.0395,0.027,0.052,0.0,cote_r -33.87,log_revenu +3.18,heures_travail +1.18
C004279,1,0.7206874999999999,0.720125,0.72125,0.0,cote_r +11.07,log_revenu +1.51,heures_travail -1.33
C011062,0,0.2555625,0.225875,0.28525,0.0,cote_r -13.65,log_revenu +1.27,heures_travail +1.18
C006244,0,0.1160625,0.118125,0.114,0.0,cote_r -21.12,heures_travail -0.50,log_revenu -0.47
C003946,1,0.8676875,0.833625,0.90175,0.0,cote_r +18.06,heures_travail +8.73,log_revenu -1.63
C006606,1,0.809375,0.76775,0.851,0.0,cote_r +13.38,log_revenu +6.80,heures_travail -0.50
C007338,1,0.6183125,0.646375,0.59025,0.0,cote_r +7.16,log_revenu -1.83,heures_travail -0.50
C004757,0,0.1783125,0.154375,0.20225,0.0,cote_r -18.16,heures_travail +2.02,prog_Genie +0.39
C009968,1,0.6219375,0.641125,0.60275,0.0,cote_r +6.92,heures_travail -1.33,prog_Genie -0.11
C005895,1,0.6490625,0.647625,0.6505,0.0,cote_r +7.22,heures_travail +2.02,log_revenu -1.66
C013297,0,0.17725000000000002,0.18325,0.17125,0.0,cote_r -16.32,log_revenu -1.82,heures_travail +0.34
C000648,0,0.5726875,0.581875,0.5635,0.0,cote_r +3.90,heures_travail -3.01,log_revenu +2.43
C009074,1,0.6243125,0.682375,0.56625,0.0,cote_r +8.88,heures_travail -3.85,log_revenu -1.37
C013748,0,0.0403125,0.029625,0.051,0.0,cote_r -33.45,log_revenu +6.04,heures_travail -2.17
C013447,0,0.357,0.30675,0.40725,0.0,cote_r -8.91,log_revenu +4.37,heures_travail +0.34
C006691,0,0.49925,0.395,0.6035,0.0,heures_travail +6.21,cote_r -4.82,log_revenu +3.95
C013796,1,0.947375,0.939,0.95575,0.0,cote_r +29.45,log_revenu +7.86,heures_travail -3.85
C003778,1,0.7711250000000001,0.792,0.75025,0.0,cote_r +15.04,heures_travail -3.85,log_revenu +1.91
C000423,1,0.7520625,0.784125,0.72,0.0,cote_r +14.45,heures_travail -3.85,log_revenu +0.58
C006461,1,0.891625,0.90025,0.883,0.0,cote_r +24.35,heures_travail -0.50,log_revenu -0.46
C001185,1,0.601375,0.5755,0.62725,0.0,log_revenu +3.70,cote_r +3.66,heures_travail -0.50
C007100,1,0.778125,0.7765,0.77975,0.0,cote_r +13.97,log_revenu +3.51,heures_travail -3.01
C008813,1,0.803125,0.79325,0.813,0.0,cote_r +15.10,log_revenu +2.26,heures_travail -0.50
C011112,0,0.29512499999999997,0.30575,0.2845,0.0,cote_r -8.97,log_revenu -5.33,heures_travail +3.70
C013120,0,0.4781875,0.457625,0.49875,0.0,log_revenu +2.56,cote_r -1.68,heures_travail -0.50
C001186,0,0.2545625,0.233875,0.27525,0.0,cote_r -13.12,log_revenu +2.99,heures_travail -1.33
C005169,0,0.583,0.666,0.5,0.0,cote_r +8.05,log_revenu -6.14,heures_travail -1.33
C003804,0,0.296625,0.28825,0.305,0.0,cote_r -10.04,heures_travail +2.86,log_revenu -2.57
C005503,0,0.5326875,0.547125,0.51825,0.0,heures_travail -3.01,log_revenu +2.32,cote_r +2.30
C005862,0,0.246,0.25,0.242,0.0,cote_r -12.23,log_revenu -1.42,heures_travail +0.34
C009538,0,0.571375,0.5755,0.56725,0.0,cote_r +3.66,heures_travail -0.50,prog_Genie +0.39
C009448,1,0.6344375,0.589375,0.6795,0.0,cote_r +4.31,heures_travail +2.86,log_revenu +2.11
C006032,0,0.5344375,0.548125,0.52075,0.0,cote_r +2.35,log_revenu -1.35,heures_travail +0.34
C003885,0,0.5446875,0.476375,0.613,0.0,heures_travail +4.53,log_revenu +1.82,cote_r -0.73
C004432,0,0.39918750000000003,0.313125,0.48525,0.0,cote_r -8.55,log_revenu +6.05,heures_travail +2.02
C000871,0,0.48843749999999997,0.535125,0.44175,0.0,log_revenu -3.05,cote_r +1.88,heures_travail -1.33
C002039,0,0.05975,0.05525,0.06425,0.0,cote_r -28.00,heures_travail -0.50,prog_Genie +0.39
C006365,1,0.83875,0.802,0.8755,0.0,cote_r +15.63,heures_travail +4.53,log_revenu +2.39
C004911,0,0.051875,0.0705,0.03325,0.0,cote_r -26.16,heures_travail -4.69,log_revenu -2.03
C006672,0,0.149125,0.13275,0.1655,0.0,cote_r -19.82,log_revenu +2.32,heures_travail -0.50
C011536,0,0.446,0.447,0.445,0.0,log_revenu -8.10,heures_travail +7.89,cote_r -2.09
C004981,0,0.168125,0.18325,0.153,0.0,cote_r -16.32,heures_travail -2.17,log_revenu -0.23
C010651,1,0.9305625,0.948125,0.913,0.0,cote_r +30.93,heures_travail -3.01,log_revenu -1.15
C007956,1,0.8848125,0.882625,0.887,0.0,cote_r +22.57,log_revenu +2.40,heures_travail -1.33
C012297,0,0.4925625,0.493375,0.49175,0.0,log_revenu -1.24,heures_travail +1.18,prog_Sciences +0.22
C002327,1,0.8063750000000001,0.79,0.82275,0.0,cote_r +14.86,log_revenu +5.34,heures_travail -2.17
C000169,1,0.644375,0.6975,0.59125,0.0,cote_r +9.65,heures_travail -4.69,log_revenu -0.43
C013067,0,0.5646875,0.502375,0.627,0.0,heures_travail +7.05,log_revenu -0.60,cote_r +0.40
C008812,1,0.6798125,0.679625,0.68,0.0,cote_r +8.76,heures_travail +1.18,log_revenu -0.50
C009640,1,0.613,0.63775,0.58825,0.0,cote_r +6.80,heures_travail -1.33,log_revenu -0.60
C009431,0,0.11524999999999999,0.14125,0.08925,0.0,cote_r -19.11,heures_travail -5.53,premiere_generation -0.15
C007879,1,0.6765625,0.625125,0.728,0.0,cote_r +6.09,log_revenu +6.07,heures_travail -0.50
C006639,1,0.8286875,0.814875,0.8425,0.0,cote_r +16.52,log_revenu +2.46,heures_travail +0.34
C003038,0,0.0224375,0.020625,0.02425,0.0,cote_r -35.70,heures_travail +1.18,log_revenu -0.72
C012698,0,0.40275,0.33875,0.46675,0.0,cote_r -7.43,log_revenu +7.02,heures_travail -0.50
C002262,1,0.6264375,0.574125,0.67875,0.0,cote_r +3.60,heures_travail +2.86,log_revenu +2.29
C012610,1,0.6800625,0.727125,0.633,0.0,cote_r +11.42,heures_travail -3.01,log_revenu -1.92
C003901,0,0.5660625,0.599875,0.53225,0.0,heures_travail -5.53,cote_r +4.84,log_revenu +2.36
C006359,1,0.986375,0.981,0.99175,0.0,cote_r +38.81,heures_travail +4.53,log_revenu -0.50
C002588,1,0.608625,0.59725,0.62,0.0,cote_r +4.73,log_revenu +2.74,heures_travail -1.33
C001396,0,0.3225625,0.315625,0.3295,0.0,cote_r -8.43,heures_travail +2.86,log_revenu -2.48
C001571,0,0.5258125,0.535125,0.5165,0.0,heures_travail -2.17,cote_r +1.88,log_revenu +1.81
C001528,1,0.911875,0.909,0.91475,0.0,cote_r +25.24,log_revenu +2.39,heures_travail -1.33
C008352,0,0.1051875,0.075625,0.13475,0.0,cote_r -25.51,heures_travail +4.53,log_revenu +0.77
C007829,0,0.337375,0.25575,0.419,0.0,cote_r -11.99,log_revenu +5.96,heures_travail +2.86
C003679,0,0.2773125,0.200875,0.35375,0.0,cote_r -15.19,log_revenu +7.40,heures_travail +1.18
C006342,1,0.8461875,0.849625,0.84275,0.0,cote_r +19.55,log_revenu -2.37,heures_travail +2.02
C009495,1,0.9375625,0.957375,0.91775,0.0,cote_r +32.83,log_revenu -5.28,heures_travail -0.50
C012283,1,0.7510625,0.731875,0.77025,0.0,cote_r +11.66,log_revenu +6.48,heures_travail -3.85
C008746,0,0.3383125,0.317125,0.3595,0.0,cote_r -8.38,log_revenu +2.86,heures_travail -1.33
C000612,0,0.40218750000000003,0.369375,0.435,0.0,cote_r -6.06,heures_travail +2.02,log_revenu +1.65
C001756,1,0.86225,0.877,0.8475,0.0,cote_r +21.92,heures_travail -1.33,log_revenu -1.21
C007898,0,0.003375,0.00325,0.0035,0.0,cote_r -47.44,heures_travail -2.17,log_revenu +0.36
C003359,1,0.891,0.9265,0.8555,0.0,cote_r +27.49,log_revenu -5.71,heures_travail -1.33
C008531,0,0.528875,0.5555,0.50225,0.0,cote_r +2.71,heures_travail -2.17,prog_Genie +0.39
C000923,0,0.39168749999999997,0.398125,0.38525,0.0,cote_r -4.64,log_revenu -3.49,heures_travail +2.86
C010029,0,0.4341875,0.450625,0.41775,0.0,log_revenu -4.01,heures_travail +2.86,cote_r -1.97
C012083,0,0.21381250000000002,0.209875,0.21775,0.0,cote_r -14.72,heures_travail -2.17,log_revenu +2.05
C002411,0,0.007625,0.0055,0.00975,0.0,cote_r -44.95,log_revenu +2.86,heures_travail -0.50
C006615,1,0.696875,0.63775,0.756,0.0,cote_r +6.80,log_revenu +4.32,heures_travail +2.02
C007948,0,0.022,0.0185,0.0255,0.0,cote_r -37.01,log_revenu +3.69,heures_travail -1.33
C000051,0,0.3175,0.37175,0.26325,0.0,cote_r -5.94,log_revenu -4.73,heures_travail -1.33
C003442,1,0.6343125000000001,0.624125,0.6445,0.0,cote_r +6.03,heures_travail +3.70,log_revenu -2.44
C006704,1,0.98275,0.985,0.9805,0.0,cote_r +41.01,heures_travail -3.01,log_revenu +1.87
C003005,0,0.373625,0.356,0.39125,0.0,cote_r -6.66,log_revenu +2.27,heures_travail -0.50
C006863,0,0.42012499999999997,0.4525,0.38775,0.0,cote_r -1.91,log_revenu -1.61,heures_travail -1.33
C013289,1,0.6160625,0.620375,0.61175,0.0,cote_r +5.79,log_revenu -3.96,heures_travail +3.70
C007901,0,0.2501875,0.275375,0.225,0.0,cote_r -10.92,log_revenu -6.49,heures_travail +2.86
C001519,0,0.25025,0.263,0.2375,0.0,cote_r -11.64,heures_travail -3.85,log_revenu +2.34
C012314,0,0.4221875,0.381625,0.46275,0.0,cote_r -5.47,heures_travail +2.86,log_revenu +1.11
C009127,1,0.991625,0.9915,0.99175,0.0,cote_r +45.75,log_revenu +4.47,heures_travail +2.02
C007385,0,0.3485625,0.406125,0.291,0.0,cote_r -4.23,log_revenu -3.07,heures_travail -3.01
C011388,0,0.482375,0.43325,0.5315,0.0,heures_travail +7.89,log_revenu -2.99,cote_r -2.80
C004422,0,0.5125,0.5505,0.4745,0.0,cote_r +2.47,log_revenu -1.66,heures_travail -1.33
C001787,0,0.2916875,0.347375,0.236,0.0,cote_r -7.01,heures_travail -5.53,log_revenu -1.48
C010084,0,0.1005625,0.083375,0.11775,0.0,cote_r -24.50,heures_travail +3.70,log_revenu -0.96
C003517,1,0.731625,0.755,0.70825,0.0,cote_r +12.79,heures_travail -3.85,log_revenu +1.59
C013440,1,0.7461875,0.720125,0.77225,0.0,cote_r +11.07,log_revenu +2.18,heures_travail +1.18
C008393,0,0.490875,0.45975,0.522,0.0,log_revenu +2.51,cote_r -1.56,heures_travail +0.34
C013969,0,0.2205,0.19775,0.24325,0.0,cote_r -15.43,log_revenu +2.11,heures_travail +0.34
C005538,0,0.38006249999999997,0.326625,0.4335,0.0,cote_r -7.90,log_revenu +3.12,heures_travail +2.02
C003609,0,0.5531874999999999,0.504375,0.602,0.0,heures_travail +7.89,log_revenu -2.60,cote_r +0.46
C004520,1,0.77725,0.762,0.7925,0.0,cote_r +13.14,heures_travail +4.53,log_revenu -1.97
C013806,0,0.5120625000000001,0.495375,0.52875,0.0,log_revenu +3.35,heures_travail -1.33,premiere_generation -0.15
C004012,1,0.8291875,0.821125,0.83725,0.0,cote_r +17.12,heures_travail +1.18,prog_Sante +0.29
C000942,0,0.049187499999999995,0.053125,0.04525,0.0,cote_r -28.41,heures_travail -1.33,log_revenu -1.10
C010331,1,0.995375,0.999,0.99175,0.0,cote_r +59.26,heures_travail +7.89,log_revenu +3.00
C006306,1,0.7750625,0.827375,0.72275,0.0,cote_r +17.71,log_revenu -3.33,heures_travail -3.01
C009727,1,0.7246874999999999,0.702125,0.74725,0.0,cote_r +9.94,log_revenu +3.55,heures_travail -0.50
C006933,0,0.4974375,0.504375,0.4905,0.0,log_revenu -1.21,cote_r +0.46,prog_Genie +0.39
C011058,1,0.7338125,0.720125,0.7475,0.0,cote_r +11.07,heures_travail +2.86,log_revenu -0.88
C002676,0,0.45306250000000003,0.470625,0.4355,0.0,heures_travail -3.85,log_revenu +2.16,cote_r -0.97
C007300,1,0.9806250000000001,0.98275,0.9785,0.0,cote_r +39.76,heures_travail -3.01,log_revenu +2.61
C000243,0,0.5250625,0.506125,0.544,0.0,heures_travail +1.18,log_revenu +0.87,cote_r +0.52
C004218,0,0.0970625,0.104625,0.0895,0.0,cote_r -22.48,log_revenu -2.22,heures_travail -0.50
C007574,0,0.5803125,0.583625,0.577,0.0,cote_r +3.96,log_revenu +1.59,heures_travail -1.33
C000795,0,0.411875,0.3805,0.44325,0.0,cote_r -5.53,heures_travail +4.53,log_revenu -1.38
C010230,0,0.5653125,0.615875,0.51475,0.0,log_revenu -7.19,cote_r +5.56,heures_travail +2.86
C011851,0,0.291875,0.247,0.33675,0.0,cote_r -12.41,log_revenu +4.47,heures_travail +0.34
C005477,0,0.2925,0.3195,0.2655,0.0,cote_r -8.20,log_revenu -2.01,heures_travail -1.33
C003232,1,0.96925,0.963125,0.975375,0.0,cote_r +34.48,log_revenu +4.26,heures_travail -0.50
C006505,0,0.399,0.3805,0.4175,0.0,cote_r -5.53,heures_travail +2.02,prog_Sciences +0.22
C010394,1,0.80925,0.81825,0.80025,0.0,cote_r +16.82,log_revenu -3.05,heures_travail +2.86
C009896,0,0.40875,0.47475,0.34275,0.0,log_revenu -7.07,cote_r -0.79,heures_travail +0.34
C011546,0,0.02475,0.038,0.0115,0.0,cote_r -31.38,log_revenu -9.51,heures_travail +0.34
C000520,0,0.15131250000000002,0.146875,0.15575,0.0,cote_r -18.69,log_revenu -1.38,heures_travail +1.18
C003095,0,0.2018125,0.148125,0.2555,0.0,cote_r -18.57,heures_travail +4.53,log_revenu +1.90
C005303,0,0.3636875,0.421875,0.3055,0.0,heures_travail -5.53,cote_r -3.46,log_revenu -0.62
C009527,1,0.7501875,0.727125,0.77325,0.0,cote_r +11.42,log_revenu +6.06,heures_travail -3.01
C012322,1,0.6465000000000001,0.662,0.631,0.0,cote_r +7.93,log_revenu -4.88,heures_travail +3.70
C006780,0,0.1186875,0.122375,0.115,0.0,cote_r -20.82,log_revenu -3.09,heures_travail +2.02
C006628,1,0.89325,0.91825,0.86825,0.0,cote_r +26.30,log_revenu -2.30,heures_travail -2.17
C011524,1,0.6730624999999999,0.652125,0.694,0.0,cote_r +7.45,heures_travail +2.86,log_revenu -0.64
C004287,1,0.631,0.60575,0.65625,0.0,cote_r +5.08,heures_travail +2.86,prog_Sante +0.29
C008641,1,0.9009375,0.932375,0.8695,0.0,cote_r +28.14,heures_travail -5.53,log_revenu -0.57
C012422,1,0.8248125,0.821125,0.8285,0.0,cote_r +17.12,log_revenu +4.58,heures_travail -3.85
C010463,0,0.36731250000000004,0.369375,0.36525,0.0,cote_r -6.06,heures_travail +2.02,log_revenu -1.83
C006803,0,0.22575,0.247,0.2045,0.0,cote_r -12.41,log_revenu -3.45,heures_travail +0.34
C006902,0,0.4999375,0.489375,0.5105,0.0,log_revenu +1.73,heures_travail -0.50,cote_r -0.25
C006381,0,0.10893749999999999,0.105125,0.11275,0.0,cote_r -22.43,heures_travail +3.70,log_revenu -3.32
C013974,1,0.9885625,0.9945,0.982625,0.0,cote_r +48.36,log_revenu -8.61,prog_Genie +0.39
C008829,0,0.0153125,0.019875,0.01075,0.0,cote_r -35.94,log_revenu -6.63,heures_travail +1.18
C005131,0,0.543875,0.431,0.65675,0.0,log_revenu +6.00,heures_travail +4.53,cote_r -2.92
C010018,1,0.6529375,0.692625,0.61325,0.0,cote_r +9.41,heures_travail -5.53,log_revenu +2.00
C006586,0,0.3105,0.355,0.266,0.0,cote_r -6.72,log_revenu -2.99,heures_travail -2.17
C011437,0,0.1264375,0.174125,0.07875,0.0,cote_r -16.91,log_revenu -5.29,heures_travail -3.85
C012211,0,0.4804375,0.502375,0.4585,0.0,log_revenu -1.24,heures_travail -0.50,cote_r +0.40
C007636,1,0.992875,0.994,0.99175,0.0,cote_r +47.88,heures_travail -3.85,log_revenu +1.57
C012199,1,0.7135625,0.737875,0.68925,0.0,cote_r +11.96,log_revenu -2.61,heures_travail +0.34
C000143,1,0.8543125,0.867125,0.8415,0.0,cote_r +20.97,heures_travail -2.17,prog_Genie +0.39
C006994,1,0.7730625,0.737875,0.80825,0.0,cote_r +11.96,log_revenu +2.65,heures_travail +2.02
C010100,1,0.7083125,0.667875,0.74875,0.0,cote_r +8.16,heures_travail +3.70,log_revenu +1.34
C008954,1,0.892,0.87375,0.91025,0.0,cote_r +21.62,heures_travail +7.05,log_revenu -2.61
C009504,1,0.9138124999999999,0.916125,0.9115,0.0,cote_r +26.01,log_revenu +2.28,heures_travail -2.17
C013644,1,0.973875,0.965125,0.982625,0.0,cote_r +34.72,log_revenu +3.54,heures_travail +2.86
C000790,0,0.58875,0.56175,0.61575,0.0,cote_r +3.01,heures_travail +2.02,log_revenu +1.39
C008382,1,0.9038124999999999,0.931375,0.87625,0.0,cote_r +28.08,heures_travail -3.01,log_revenu -2.48
C012271,1,0.8684375,0.891625,0.84525,0.0,cote_r +23.40,log_revenu -3.64,heures_travail -0.50
C013860,1,0.9924999999999999,0.99325,0.99175,0.0,cote_r +47.47,log_revenu -3.45,heures_travail -1.33
C009342,0,0.061875,0.065,0.05875,0.0,cote_r -26.93,heures_travail -2.17,prog_Genie +0.39
C002436,1,0.7289375,0.735625,0.72225,0.0,cote_r +11.84,log_revenu -0.94,heures_travail +0.34
C007250,1,0.86475,0.87175,0.85775,0.0,cote_r +21.44,heures_travail -1.33,log_revenu +0.70
C010834,0,0.40925,0.4125,0.406,0.0,log_revenu -6.40,heures_travail +6.21,cote_r -3.99
C013641,0,0.22225,0.22075,0.22375,0.0,cote_r -14.01,log_revenu +2.23,heures_travail -2.17
C012496,1,0.8661875,0.839625,0.89275,0.0,cote_r +18.54,log_revenu +3.97,heures_travail +2.02
C003388,1,0.6754375,0.744125,0.60675,0.0,cote_r +12.31,heures_travail -4.69,log_revenu -1.73
C009465,0,0.4461875,0.425875,0.4665,0.0,heures_travail +4.53,cote_r -3.22,log_revenu -2.65
C005059,1,0.8207500000000001,0.82425,0.81725,0.0,cote_r +17.47,log_revenu +1.52,heures_travail -1.33
C011149,0,0.1716875,0.127625,0.21575,0.0,cote_r -20.35,log_revenu +4.14,heures_travail +1.18
C009909,0,0.2639375,0.307625,0.22025,0.0,cote_r -8.85,log_revenu -3.61,heures_travail -2.17
C010682,1,0.8256874999999999,0.834375,0.817,0.0,cote_r +18.12,heures_travail -3.01,log_revenu +2.05
C000948,1,0.77125,0.762,0.7805,0.0,cote_r +13.14,log_revenu +3.58,heures_travail -2.17
C013127,1,0.7286874999999999,0.727125,0.73025,0.0,cote_r +11.42,heures_travail +0.34,prog_Sante +0.29
C003848,1,0.925625,0.913,0.93825,0.0,cote_r +25.71,heures_travail +3.70,prog_Genie +0.39
C004592,1,0.7420625000000001,0.752375,0.73175,0.0,cote_r +12.67,heures_travail -1.33,log_revenu +0.99
C006354,1,0.7976875,0.744125,0.85125,0.0,cote_r +12.31,heures_travail +6.21,log_revenu +1.22
C010914,1,0.8688750000000001,0.84675,0.891,0.0,cote_r +19.25,log_revenu +5.32,heures_travail -0.50
C010495,0,0.493625,0.567,0.42025,0.0,heures_travail -5.53,cote_r +3.18,log_revenu -0.82
C012510,1,0.6308750000000001,0.69975,0.562,0.0,cote_r +9.82,log_revenu -4.20,heures_travail -2.17
C006909,1,0.6710625,0.658125,0.684,0.0,cote_r +7.75,log_revenu +1.42,heures_travail +0.34
C000082,0,0.1550625,0.146375,0.16375,0.0,cote_r -18.75,heures_travail +2.86,log_revenu -1.85
C004265,1,0.6930625,0.672625,0.7135,0.0,cote_r +8.46,heures_travail +6.21,log_revenu -3.58
C000041,0,0.5265625,0.531875,0.52125,0.0,cote_r +1.70,log_revenu -1.35,heures_travail +1.18
C013457,0,0.3815625,0.385375,0.37775,0.0,cote_r -5.29,heures_travail -2.17,log_revenu +1.59
C012917,0,0.4084375,0.379375,0.4375,0.0,cote_r -5.59,heures_travail +5.37,log_revenu -2.45
C008299,1,0.625375,0.56175,0.689,0.0,log_revenu +3.64,cote_r +3.01,heures_travail +2.86
C011370,0,0.399,0.35175,0.44625,0.0,cote_r -6.83,log_revenu +3.57,heures_travail +1.18
C001643,1,0.8835625,0.901125,0.866,0.0,cote_r +24.47,log_revenu -3.99,heures_travail +1.18
C013090,1,0.7768124999999999,0.769125,0.7845,0.0,cote_r +13.50,heures_travail +1.18,log_revenu +0.98
C013041,0,0.44275,0.431,0.4545,0.0,cote_r -2.92,log_revenu +1.14,heures_travail +0.34
C008328,0,0.1695625,0.142625,0.1965,0.0,cote_r -18.99,heures_travail +2.02,log_revenu +0.66
C006799,0,0.57325,0.61325,0.53325,0.0,cote_r +5.44,heures_travail -3.85,log_revenu +0.76
C002403,1,0.7778125,0.760375,0.79525,0.0,cote_r +13.08,heures_travail +2.86,log_revenu +0.33
C011466,0,0.11975,0.17725,0.06225,0.0,cote_r -16.67,log_revenu -10.36,heures_travail -1.33
C003654,0,0.5644375,0.572625,0.55625,0.0,log_revenu -4.37,heures_travail +3.70,cote_r +3.54
C005913,1,0.8730625000000001,0.864375,0.88175,0.0,cote_r +20.67,log_revenu +1.90,heures_travail +0.34
C013676,0,0.26825,0.25675,0.27975,0.0,cote_r -11.93,heures_travail +1.18,log_revenu -0.55
C005940,0,0.507375,0.46575,0.549,0.0,heures_travail +2.86,log_revenu +1.46,cote_r -1.20
C000980,1,0.8941875,0.936875,0.8515,0.0,cote_r +28.97,heures_travail -6.36,log_revenu -2.86
C005559,0,0.25587499999999996,0.258,0.25375,0.0,cote_r -11.87,log_revenu -6.24,heures_travail +5.37
C004612,0,0.4750625,0.425875,0.52425,0.0,heures_travail +3.70,cote_r -3.22,log_revenu +1.32
C000591,0,0.082875,0.06425,0.1015,0.0,cote_r -27.05,heures_travail +2.02,log_revenu +1.06
C002916,0,0.5468124999999999,0.489375,0.60425,0.0,log_revenu +4.08,heures_travail +2.02,cote_r -0.25
C001045,1,0.7503124999999999,0.710375,0.79025,0.0,cote_r +10.48,log_revenu +2.98,heures_travail +2.02
C006660,0,0.0725625,0.067875,0.07725,0.0,cote_r -26.46,heures_travail +3.70,log_revenu -3.30
C013950,0,0.0136875,0.014125,0.01325,0.0,cote_r -38.73,heures_travail -1.33,prog_Genie +0.39
C009003,1,0.7316875,0.642625,0.82075,0.0,cote_r +6.98,log_revenu +5.59,heures_travail +5.37
C003392,0,0.539625,0.4845,0.59475,0.0,log_revenu +6.67,heures_travail -1.33,cote_r -0.43
C008374,1,0.9782500000000001,0.98775,0.96875,0.0,cote_r +43.08,log_revenu -4.91,heures_travail -1.33
C012677,1,0.6773125,0.614625,0.74,0.0,cote_r +5.50,heures_travail +3.70,log_revenu +3.27
C000701,1,0.6825625,0.709125,0.656,0.0,cote_r +10.42,log_revenu -3.79,heures_travail +1.18
C007522,0,0.4693125,0.489375,0.44925,0.0,heures_travail -2.17,prog_Genie +0.39,cote_r -0.25
C007713,1,0.82975,0.81825,0.84125,0.0,cote_r +16.82,log_revenu +4.01,heures_travail -2.17
C007377,1,0.976375,0.961,0.99175,0.0,cote_r +33.54,heures_travail +7.05,log_revenu +3.33
C006371,0,0.2455,0.25925,0.23175,0.0,cote_r -11.81,heures_travail -3.01,log_revenu +0.90
C003027,0,0.5566875,0.533375,0.58,0.0,log_revenu +2.30,cote_r +1.76,heures_travail +0.34
C009890,0,0.46299999999999997,0.4085,0.5175,0.0,heures_travail +5.37,cote_r -4.17,log_revenu +0.36
C002367,0,0.41618750000000004,0.495375,0.337,0.0,log_revenu -7.80,heures_travail +0.34,premiere_generation -0.15
C010064,1,0.72375,0.708,0.7395,0.0,cote_r +10.36,heures_travail +2.02,prog_Sante +0.29
C003353,0,0.5286875,0.589375,0.468,0.0,cote_r +4.31,log_revenu -3.63,heures_travail -2.17
C005925,1,0.9257500000000001,0.923,0.9285,0.0,cote_r +27.07,log_revenu +5.24,heures_travail -3.85
C013461,0,0.4020625,0.373375,0.43075,0.0,cote_r -5.89,heures_travail +2.02,log_revenu +0.98
C013365,0,0.2185625,0.194625,0.2425,0.0,cote_r -15.61,log_revenu +2.58,heures_travail -0.50
C004113,1,0.7429375,0.765375,0.7205,0.0,cote_r +13.26,log_revenu -1.90,heures_travail +0.34
C006186,1,0.8061875000000001,0.807375,0.805,0.0,cote_r +15.93,log_revenu +1.76,heures_travail -1.33
C012870,1,0.791625,0.72875,0.8545,0.0,cote_r +11.48,heures_travail +4.53,log_revenu +4.19
C009888,0,0.01175,0.01525,0.00825,0.0,cote_r -38.31,heures_travail -3.85,log_revenu -2.26
C000776,0,0.327625,0.332,0.32325,0.0,cote_r -7.66,heures_travail -4.69,log_revenu +3.71
C013536,0,0.0846875,0.043125,0.12625,0.0,cote_r -30.13,log_revenu +6.70,heures_travail +2.86
C006293,0,0.441,0.47325,0.40875,0.0,log_revenu -4.14,heures_travail +1.18,cote_r -0.85
C013856,1,0.8133125000000001,0.851875,0.77475,0.0,cote_r +19.66,log_revenu -3.13,heures_travail -2.17
C007293,0,0.1026875,0.099625,0.10575,0.0,cote_r -23.02,heures_travail -5.53,log_revenu +5.49
C008097,0,0.1343125,0.109125,0.1595,0.0,cote_r -22.07,log_revenu +4.53,heures_travail -0.50
C002408,0,0.16318749999999999,0.207875,0.1185,0.0,cote_r -14.90,heures_travail -5.53,log_revenu -1.38
C010501,0,0.199125,0.2375,0.16075,0.0,cote_r -12.94,log_revenu -2.84,heures_travail -2.17
C004270,0,0.4975,0.499,0.496,0.0,log_revenu -3.74,heures_travail +3.70,cote_r +0.28
C013911,0,0.19618750000000001,0.194625,0.19775,0.0,cote_r -15.61,heures_travail +0.34,log_revenu -0.22
C004406,0,0.45387500000000003,0.4675,0.44025,0.0,heures_travail -3.01,log_revenu +1.82,cote_r -1.08
C004390,1,0.9464375,0.951625,0.94125,0.0,cote_r +31.64,heures_travail -3.01,log_revenu +1.43
C001536,0,0.1511875,0.097125,0.20525,0.0,cote_r -23.20,log_revenu +5.04,heures_travail +2.86
C005416,1,0.7500625000000001,0.800625,0.6995,0.0,cote_r +15.57,log_revenu -4.08,heures_travail -1.33
C009379,0,0.1806875,0.185375,0.176,0.0,cote_r -16.20,heures_travail -4.69,log_revenu +3.72
C002641,0,0.5933124999999999,0.682375,0.50425,0.0,cote_r +8.88,heures_travail -4.69,log_revenu -3.68
C000997,0,0.5116875000000001,0.540375,0.483,0.0,heures_travail -3.01,cote_r +2.06,log_revenu +0.62
C004658,0,0.0395,0.03875,0.04025,0.0,cote_r -31.14,heures_travail -2.17,log_revenu +1.86
C003571,0,0.148,0.1535,0.1425,0.0,cote_r -18.22,log_revenu -1.80,heures_travail +0.34
C001843,0,0.314875,0.3195,0.31025,0.0,cote_r -8.20,log_revenu -3.51,heures_travail +2.02
C013420,0,0.22875,0.22825,0.22925,0.0,cote_r -13.53,heures_travail -2.17,log_revenu +1.79
C010069,0,0.4368125,0.495375,0.37825,0.0,log_revenu -5.66,heures_travail +0.34,premiere_generation -0.15
C011995,0,0.027749999999999997,0.02025,0.03525,0.0,cote_r -35.88,heures_travail +2.86,log_revenu +0.81
C009337,0,0.452875,0.45375,0.452,0.0,cote_r -1.85,log_revenu -1.38,heures_travail +1.18
C010443,0,0.326875,0.28825,0.3655,0.0,cote_r -10.04,log_revenu +3.43,prog_Genie +0.39
C002600,1,0.711125,0.68725,0.735,0.0,cote_r +9.05,log_revenu +1.80,heures_travail +1.18
C007225,0,0.511,0.571,0.451,0.0,log_revenu -3.49,cote_r +3.42,heures_travail -2.17
C008816,0,0.3581875,0.359125,0.35725,0.0,cote_r -6.48,heures_travail -1.33,log_revenu +1.03
C001299,0,0.5430625,0.535125,0.551,0.0,cote_r +1.88,log_revenu +1.52,heures_travail -0.50
C001416,0,0.275875,0.2375,0.31425,0.0,cote_r -12.94,heures_travail +2.02,log_revenu +1.70
C012308,1,0.7145,0.791,0.638,0.0,cote_r +14.92,heures_travail -4.69,log_revenu -3.29
C010196,0,0.257,0.263,0.251,0.0,cote_r -11.64,heures_travail -3.01,log_revenu +1.72
C003611,1,0.9802500000000001,0.96875,0.99175,0.0,cote_r +35.37,log_revenu +2.96,heures_travail +2.86
C002562,0,0.35631250000000003,0.350125,0.3625,0.0,cote_r -6.89,log_revenu +1.32,heures_travail -0.50
C003924,1,0.7601875,0.703625,0.81675,0.0,cote_r +10.00,log_revenu +6.78,heures_travail +0.34
C010967,0,0.5509375000000001,0.625125,0.47675,0.0,log_revenu -7.29,cote_r +6.09,prog_Genie +0.39
C000649,1,0.961875,0.96975,0.954,0.0,cote_r +35.55,log_revenu -2.47,heures_travail -0.50
C011920,0,0.07743749999999999,0.094375,0.0605,0.0,cote_r -23.49,log_revenu -8.52,heures_travail +3.70
C013478,0,0.11681250000000001,0.148125,0.0855,0.0,cote_r -18.57,log_revenu -5.90,heures_travail -0.50
C011434,1,0.8024375,0.797625,0.80725,0.0,cote_r +15.40,log_revenu +2.22,heures_travail -0.50
C002059,0,0.224875,0.301,0.14875,0.0,cote_r -9.21,heures_travail -6.36,log_revenu -3.84
C002434,0,0.3549375,0.333875,0.376,0.0,cote_r -7.60,heures_travail +1.18,log_revenu +0.47
C004770,0,0.4681875,0.553375,0.383,0.0,log_revenu -4.50,heures_travail -3.01,cote_r +2.59
C009769,0,0.3431875,0.326625,0.35975,0.0,cote_r -7.90,log_revenu +2.39,heures_travail -1.33
C009208,0,0.2973125,0.250875,0.34375,0.0,cote_r -12.17,heures_travail +8.73,log_revenu -3.67
C007622,1,0.831875,0.80325,0.8605,0.0,cote_r +15.69,heures_travail +2.86,log_revenu +2.66
C001096,1,0.7891874999999999,0.824875,0.7535,0.0,cote_r +17.53,heures_travail -3.01,log_revenu -1.66
C009058,1,0.78375,0.75,0.8175,0.0,cote_r +12.55,log_revenu +6.65,heures_travail -2.17
C003785,0,0.3505625,0.337375,0.36375,0.0,cote_r -7.49,heures_travail +2.86,log_revenu -1.33
C011772,0,0.23125,0.18075,0.28175,0.0,cote_r -16.50,heures_travail +3.70,log_revenu +1.79
C008272,0,0.1653125,0.172375,0.15825,0.0,cote_r -16.97,log_revenu -1.82,heures_travail +0.34
C000456,0,0.147625,0.14125,0.154,0.0,cote_r -19.11,heures_travail +0.34,prog_Sciences +0.22
C002259,0,0.523875,0.4085,0.63925,0.0,heures_travail +10.40,cote_r -4.17,log_revenu +0.97
C003889,0,0.20325,0.16975,0.23675,0.0,cote_r -17.09,heures_travail +3.70,prog_Sciences +0.22
C003570,1,0.8705624999999999,0.857625,0.8835,0.0,cote_r +20.14,log_revenu +2.45,prog_Genie +0.39
C010077,0,0.3465625,0.347375,0.34575,0.0,cote_r -7.01,heures_travail -1.33,log_revenu +0.99
C004388,0,0.456125,0.487,0.42525,0.0,heures_travail -5.53,log_revenu +3.24,cote_r -0.31
C009666,0,0.548,0.5165,0.5795,0.0,log_revenu +4.67,heures_travail -1.33,cote_r +0.99
C012168,1,0.7256875,0.773125,0.67825,0.0,cote_r +13.68,heures_travail -3.85,log_revenu -0.93
C004856,0,0.38968749999999996,0.423875,0.3555,0.0,heures_travail -4.69,cote_r -3.34,log_revenu +1.01
C013677,1,0.6991875000000001,0.669625,0.72875,0.0,cote_r +8.28,log_revenu +7.78,heures_travail -3.85
C007119,0,0.2729375,0.289875,0.256,0.0,cote_r -9.92,log_revenu -2.14,heures_travail -0.50
C000823,1,0.659375,0.604,0.71475,0.0,heures_travail +5.37,cote_r +5.02,prog_Genie +0.39
C002510,0,0.2691875,0.291125,0.24725,0.0,cote_r -9.80,log_revenu -1.79,heures_travail -1.33
C000429,0,0.27349999999999997,0.32375,0.22325,0.0,cote_r -8.02,heures_travail -4.69,log_revenu -1.89
C009518,0,0.196875,0.22075,0.173,0.0,cote_r -14.01,heures_travail -3.85,log_revenu +0.47
C004913,0,0.49,0.3805,0.5995,0.0,log_revenu +9.17,cote_r -5.53,heures_travail +2.02
C007316,0,0.552125,0.5605,0.54375,0.0,cote_r +2.95,heures_travail -0.50,log_revenu +0.12
C011432,0,0.40925,0.4395,0.379,0.0,log_revenu -2.45,cote_r -2.45,heures_travail -0.50
C001306,0,0.53175,0.511,0.5525,0.0,log_revenu +1.91,cote_r +0.75,heures_travail +0.34
C013578,0,0.0886875,0.106625,0.07075,0.0,cote_r -22.31,log_revenu -3.66,heures_travail -1.33
C011853,0,0.4419375,0.450625,0.43325,0.0,heures_travail -2.17,cote_r -1.97,log_revenu +1.17
C002976,0,0.137875,0.15625,0.1195,0.0,cote_r -17.98,heures_travail -3.85,prog_Sciences +0.22
C007402,0,0.5021875,0.540375,0.464,0.0,heures_travail -2.17,cote_r +2.06,log_revenu -1.34
C013114,0,0.3454375,0.357625,0.33325,0.0,cote_r -6.54,log_revenu -2.77,heures_travail +1.18
C006584,1,0.6611875,0.737875,0.5845,0.0,cote_r +11.96,log_revenu -8.14,prog_Genie +0.39
C004427,1,0.6389374999999999,0.615875,0.662,0.0,cote_r +5.56,log_revenu +1.33,heures_travail +1.18
C001602,0,0.5719375,0.553375,0.5905,0.0,log_revenu +3.23,cote_r +2.59,heures_travail -1.33
C002064,1,0.6919375000000001,0.679625,0.70425,0.0,cote_r +8.76,heures_travail +2.02,log_revenu -0.73
C007444,0,0.058562499999999997,0.074125,0.043,0.0,cote_r -25.69,log_revenu -3.88,heures_travail -1.33
C003346,0,0.20900000000000002,0.13975,0.27825,0.0,cote_r -19.22,log_revenu +8.15,heures_travail -0.50
C004327,0,0.46825,0.4965,0.44,0.0,heures_travail -1.33,log_revenu -1.10,cote_r +0.16
C010941,1,0.8099375,0.806625,0.81325,0.0,cote_r +15.87,heures_travail +3.70,log_revenu -2.45
C002104,1,0.9946250000000001,0.9975,0.99175,0.0,cote_r +53.16,log_revenu +3.58,heures_travail +0.34
C003832,0,0.1435625,0.115625,0.1715,0.0,cote_r -21.36,log_revenu +4.97,heures_travail -1.33
C006296,0,0.219875,0.19575,0.244,0.0,cote_r -15.55,heures_travail +2.02,log_revenu +0.90
C006851,1,0.8865625,0.851875,0.92125,0.0,cote_r +19.66,heures_travail +4.53,log_revenu +3.08
C003097,0,0.4469375,0.553375,0.3405,0.0,log_revenu -6.50,heures_travail -3.85,cote_r +2.59
C008545,1,0.6174999999999999,0.5165,0.7185,0.0,log_revenu +7.25,heures_travail +2.86,cote_r +0.99
C003102,1,0.9433750000000001,0.92025,0.9665,0.0,cote_r +26.60,heures_travail +5.37,log_revenu +3.63
C001369,0,0.109375,0.12375,0.095,0.0,cote_r -20.65,heures_travail -3.01,log_revenu -0.42
C007433,1,0.9958750000000001,1.0,0.99175,0.0,cote_r +72.78,heures_travail -4.69,log_revenu -1.98
C011754,0,0.0005,0.00075,0.00025,0.0,cote_r -53.67,log_revenu -4.24,heures_travail -3.01
C013292,0,0.374375,0.39225,0.3565,0.0,log_revenu -9.39,heures_travail +7.89,cote_r -4.94
C011147,0,0.109375,0.0685,0.15025,0.0,cote_r -26.40,log_revenu +5.19,heures_travail +2.02
C007919,1,0.89175,0.887,0.8965,0.0,cote_r +22.98,heures_travail +2.02,log_revenu -0.58
C006038,1,0.8815625,0.858375,0.90475,0.0,cote_r +20.20,log_revenu +4.17,heures_travail +1.18
C012133,0,0.2854375,0.328125,0.24275,0.0,cote_r -7.84,heures_travail -4.69,log_revenu -0.58
C004124,0,0.24412499999999998,0.19975,0.2885,0.0,cote_r -15.25,heures_travail +7.89,log_revenu -3.54
C010540,0,0.18,0.1895,0.1705,0.0,cote_r -15.96,log_revenu -1.65,heures_travail +0.34
C000548,0,0.1228125,0.026125,0.2195,0.0,cote_r -34.10,log_revenu +12.86,heures_travail +6.21
C009887,1,0.8979999999999999,0.9155,0.8805,0.0,cote_r +25.95,heures_travail -3.85,log_revenu +0.46
C009936,0,0.06818750000000001,0.067875,0.0685,0.0,cote_r -26.46,heures_travail -3.01,log_revenu +1.93
C004339,1,0.746625,0.755,0.73825,0.0,cote_r +12.79,heures_travail +1.18,log_revenu -1.07
C013727,1,0.8107500000000001,0.8095,0.812,0.0,cote_r +16.17,log_revenu +2.76,heures_travail -2.17
C011209,0,0.025500000000000002,0.02225,0.02875,0.0,cote_r -35.41,log_revenu +1.69,heures_travail -0.50
C013589,0,0.4673125,0.464875,0.46975,0.0,log_revenu +3.11,heures_travail -3.01,cote_r -1.26
C000144,0,0.42200000000000004,0.47475,0.36925,0.0,heures_travail -4.69,cote_r -0.79,log_revenu -0.37
C002352,0,0.4101875,0.397375,0.423,0.0,cote_r -4.70,log_revenu +3.32,heures_travail -1.33
C010846,1,0.8023125,0.716625,0.888,0.0,cote_r +10.77,heures_travail +8.73,log_revenu +3.92
C013079,0,0.195375,0.21325,0.1775,0.0,cote_r -14.54,heures_travail -1.33,log_revenu -1.18
C003032,1,0.745125,0.722,0.76825,0.0,cote_r +11.13,heures_travail +5.37,log_revenu -2.08
C007098,1,0.8734375000000001,0.841125,0.90575,0.0,cote_r +18.66,heures_travail +4.53,log_revenu +2.11
C011544,0,0.557625,0.55875,0.5565,0.0,cote_r +2.89,log_revenu -2.19,heures_travail +2.02
C013250,0,0.19706250000000003,0.264875,0.12925,0.0,cote_r -11.58,log_revenu -5.36,heures_travail -3.85
C004233,0,0.21975,0.19375,0.24575,0.0,cote_r -15.67,log_revenu +4.16,heures_travail -1.33
C013142,1,0.7341875,0.752375,0.716,0.0,cote_r +12.67,log_revenu -6.78,heures_travail +5.37
C005342,1,0.647,0.653,0.641,0.0,cote_r +7.51,log_revenu -4.96,heures_travail +4.53
C006190,0,0.5090625,0.548125,0.47,0.0,heures_travail -3.01,cote_r +2.35,log_revenu -0.23
C002199,1,0.8887499999999999,0.86975,0.90775,0.0,cote_r +21.21,log_revenu +5.58,heures_travail -1.33
C007467,0,0.067375,0.04275,0.092,0.0,cote_r -30.19,log_revenu +2.93,heures_travail +2.86
C001031,1,0.6285625,0.677875,0.57925,0.0,cote_r +8.70,log_revenu -6.62,heures_travail +2.02
C002048,0,0.2086875,0.159375,0.258,0.0,cote_r -17.74,log_revenu +8.30,heures_travail -3.01
C010775,0,0.246,0.19775,0.29425,0.0,cote_r -15.43,log_revenu +2.88,heures_travail +2.02
C000019,0,0.436,0.45375,0.41825,0.0,cote_r -1.85,log_revenu -1.27,heures_travail -0.50
C005669,1,0.8023125,0.760375,0.84425,0.0,cote_r +13.08,heures_travail +4.53,log_revenu +1.78
C001356,1,0.812875,0.83275,0.793,0.0,cote_r +18.00,log_revenu -1.99,heures_travail -0.50
C012337,0,0.2598125,0.286125,0.2335,0.0,cote_r -10.27,log_revenu -7.26,heures_travail +3.70
C005148,0,0.3776875,0.423875,0.3315,0.0,cote_r -3.34,log_revenu -2.61,heures_travail -2.17
C003324,0,0.2161875,0.233875,0.1985,0.0,cote_r -13.12,heures_travail -2.17,log_revenu -0.56
C008099,1,0.9359999999999999,0.94875,0.92325,0.0,cote_r +31.05,heures_travail -3.01,log_revenu -0.12
C004582,0,0.2714375,0.350125,0.19275,0.0,cote_r -6.89,log_revenu -5.74,heures_travail -3.85
C005557,0,0.21412499999999998,0.25575,0.1725,0.0,cote_r -11.99,heures_travail -3.01,log_revenu -2.50
C008083,0,0.13287500000000002,0.13925,0.1265,0.0,cote_r -19.28,heures_travail -3.85,log_revenu +2.43
C010735,0,0.136125,0.1305,0.14175,0.0,cote_r -20.05,log_revenu +1.08,heures_travail -0.50
C003944,0,0.18406250000000002,0.206375,0.16175,0.0,cote_r -14.96,heures_travail -3.01,premiere_generation -0.15
C001686,1,0.6408125,0.672625,0.609,0.0,cote_r +8.46,log_revenu -4.84,heures_travail +2.02
C011430,1,0.8632500000000001,0.84375,0.88275,0.0,cote_r +18.89,heures_travail +3.70,log_revenu +0.43
C009878,0,0.5439375,0.608625,0.47925,0.0,cote_r +5.20,log_revenu -4.68,heures_travail -1.33
C000209,1,0.9615,0.97125,0.95175,0.0,cote_r +35.97,heures_travail -3.85,log_revenu +0.32
C001939,0,0.0041875,0.005875,0.0025,0.0,cote_r -44.54,log_revenu -4.01,heures_travail -3.01
C011842,0,0.5460625,0.612125,0.48,0.0,cote_r +5.38,log_revenu -3.05,heures_travail -3.01
C002468,0,0.3795,0.46225,0.29675,0.0,log_revenu -6.39,heures_travail -2.17,cote_r -1.38
C012963,1,0.6059375,0.629375,0.5825,0.0,cote_r +6.33,log_revenu -2.96,heures_travail +1.18
C006261,0,0.4536875,0.455875,0.4515,0.0,heures_travail +5.37,log_revenu -5.16,cote_r -1.74
C011569,0,0.2729375,0.245625,0.30025,0.0,cote_r -12.47,log_revenu +2.09,heures_travail +0.34
C002394,0,0.5234375,0.524125,0.52275,0.0,heures_travail +2.86,log_revenu -2.54,cote_r +1.35
C010158,0,0.358375,0.342,0.37475,0.0,cote_r -7.25,log_revenu +2.99,heures_travail -1.33
C008016,0,0.17975000000000002,0.162,0.1975,0.0,cote_r -17.62,log_revenu +2.11,heures_travail -0.50
C001713,0,0.0985625,0.092125,0.105,0.0,cote_r -23.73,log_revenu +1.20,heures_travail -0.50
C011450,0,0.033375,0.0225,0.04425,0.0,cote_r -35.35,heures_travail +11.24,log_revenu -6.69
C005070,0,0.2516875,0.207875,0.2955,0.0,cote_r -14.90,log_revenu +5.24,heures_travail -0.50
C013755,0,0.568875,0.56475,0.573,0.0,cote_r +3.13,log_revenu +2.58,heures_travail -2.17
C007683,0,0.30625,0.28075,0.33175,0.0,cote_r -10.63,log_revenu +4.70,heures_travail -2.17
C007822,1,0.9785625,0.98125,0.975875,0.0,cote_r +38.99,log_revenu -5.90,heures_travail +5.37
C003771,0,0.3393125,0.271625,0.407,0.0,cote_r -11.16,heures_travail +7.89,log_revenu -0.93
C008683,1,0.806125,0.82875,0.7835,0.0,cote_r +17.77,log_revenu -2.86,heures_travail +0.34
C007654,1,0.8220000000000001,0.81175,0.83225,0.0,cote_r +16.34,log_revenu +1.94,heures_travail +0.34
C000386,0,0.5603750000000001,0.521,0.59975,0.0,heures_travail +2.02,log_revenu +1.97,cote_r +1.17
C004261,1,0.6095625,0.632625,0.5865,0.0,cote_r +6.50,log_revenu -2.69,heures_travail +1.18
C013534,1,0.8689374999999999,0.859375,0.8785,0.0,cote_r +20.26,heures_travail +2.86,log_revenu -0.49
C001134,0,0.3364375,0.347375,0.3255,0.0,cote_r -7.01,heures_travail -2.17,log_revenu +1.20
C006403,0,0.595,0.60575,0.58425,0.0,cote_r +5.08,heures_travail -4.69,log_revenu +3.96
C003498,0,0.41418750000000004,0.404125,0.42425,0.0,cote_r -4.34,log_revenu +2.00,heures_travail -0.50
C004116,0,0.5101875,0.485875,0.5345,0.0,heures_travail +2.86,cote_r -0.37,log_revenu -0.28
C003869,0,0.09125,0.10975,0.07275,0.0,cote_r -22.01,heures_travail -3.85,log_revenu -0.92
C006762,0,0.15337499999999998,0.1495,0.15725,0.0,cote_r -18.45,log_revenu -0.66,heures_travail +0.34
C008316,0,0.5784374999999999,0.607375,0.5495,0.0,cote_r +5.14,heures_travail -1.33,log_revenu -0.88
C001129,1,0.9544375,0.939375,0.9695,0.0,cote_r +29.51,heures_travail +7.89,log_revenu -0.28
C004899,0,0.019125,0.01875,0.0195,0.0,cote_r -36.89,heures_travail +0.34,log_revenu -0.32
C000888,1,0.7422500000000001,0.76375,0.72075,0.0,cote_r +13.20,heures_travail -3.01,log_revenu +1.31
C005156,1,0.72725,0.75,0.7045,0.0,cote_r +12.55,log_revenu -5.54,heures_travail +3.70
C012131,0,0.368625,0.39225,0.345,0.0,cote_r -4.94,heures_travail -1.33,log_revenu -1.27
C001603,1,0.99475,0.99775,0.99175,0.0,cote_r +53.28,heures_travail +2.86,log_revenu -1.17
C009883,0,0.3254375,0.272875,0.378,0.0,cote_r -11.10,log_revenu +3.95,heures_travail +2.02
C001485,1,0.8783749999999999,0.8975,0.85925,0.0,cote_r +24.05,log_revenu -1.60,heures_travail -1.33
C011973,0,0.31925000000000003,0.3295,0.309,0.0,cote_r -7.78,log_revenu -2.55,prog_Genie +0.39
C007457,1,0.6090625000000001,0.620375,0.59775,0.0,cote_r +5.79,heures_travail -3.01,log_revenu +2.53
C007547,0,0.3140625,0.300125,0.328,0.0,cote_r -9.26,heures_travail +1.18,log_revenu -0.52
C007042,1,0.6996875,0.782375,0.617,0.0,cote_r +14.33,log_revenu -4.52,heures_travail -3.85
C007085,1,0.7264375000000001,0.741375,0.7115,0.0,cote_r +12.14,heures_travail -1.33,log_revenu +0.39
C013097,0,0.3638125,0.364125,0.3635,0.0,cote_r -6.30,heures_travail +0.34,log_revenu -0.15
C006067,0,0.47062499999999996,0.51225,0.429,0.0,log_revenu -3.33,cote_r +0.81,heures_travail -0.50
C003671,0,0.0991875,0.051125,0.14725,0.0,cote_r -28.71,log_revenu +4.88,heures_travail +4.53
C009797,1,0.7010625,0.692625,0.7095,0.0,cote_r +9.41,log_revenu +1.07,heures_travail +0.34
C004591,0,0.5379375,0.460875,0.615,0.0,heures_travail +6.21,cote_r -1.50,log_revenu +1.34
C005113,0,0.29725,0.2875,0.307,0.0,cote_r -10.15,log_revenu +1.02,heures_travail -0.50
C008152,1,0.6068125,0.608625,0.605,0.0,cote_r +5.20,log_revenu +3.18,heures_travail -3.01
C003896,0,0.41818750000000005,0.369375,0.467,0.0,heures_travail +6.21,cote_r -6.06,log_revenu -1.16
C013037,0,0.0033749999999999995,0.00225,0.0045,0.0,cote_r -49.04,heures_travail +2.86,log_revenu -1.93
C001604,0,0.0311875,0.042375,0.02,0.0,cote_r -30.25,log_revenu -7.24,prog_Genie +0.39
C012357,0,0.213625,0.18625,0.241,0.0,cote_r -16.14,log_revenu +2.40,heures_travail +0.34
C008467,0,0.5766249999999999,0.5165,0.63675,0.0,log_revenu +4.91,heures_travail +1.18,cote_r +0.99
C006956,0,0.37706249999999997,0.402875,0.35125,0.0,cote_r -4.40,heures_travail -3.01,log_revenu +0.44
C008270,1,0.896625,0.90375,0.8895,0.0,cote_r +24.76,heures_travail -2.17,log_revenu +1.35
C004962,1,0.8845,0.8835,0.8855,0.0,cote_r +22.69,log_revenu +1.13,heures_travail -0.50
C013620,0,0.1834375,0.172375,0.1945,0.0,cote_r -16.97,heures_travail +1.18,log_revenu -0.20
C011214,0,0.43374999999999997,0.4295,0.438,0.0,cote_r -2.98,heures_travail +1.18,log_revenu -0.35
C002152,1,0.8624375,0.903125,0.82175,0.0,cote_r +24.70,log_revenu -6.31,heures_travail -0.50
C010706,1,0.7112499999999999,0.6685,0.754,0.0,cote_r +8.22,log_revenu +3.36,heures_travail +2.02
C002359,0,0.0485,0.0385,0.0585,0.0,cote_r -31.20,heures_travail +3.70,log_revenu -1.09
C011799,0,0.291625,0.25575,0.3275,0.0,cote_r -11.99,heures_travail +3.70,log_revenu +0.38
C005196,0,0.1796875,0.207875,0.1515,0.0,cote_r -14.90,log_revenu -4.75,prog_Genie +0.39
C007602,0,0.53325,0.4845,0.582,0.0,log_revenu +5.58,heures_travail -0.50,cote_r -0.43
C001251,0,0.47081249999999997,0.491375,0.45025,0.0,log_revenu -1.57,heures_travail -0.50,prog_Genie +0.39
C005120,0,0.5948125,0.629375,0.56025,0.0,cote_r +6.33,heures_travail -5.53,log_revenu +2.50
C008647,0,0.0253125,0.033875,0.01675,0.0,cote_r -31.91,heures_travail -3.85,log_revenu -2.73
C009008,0,0.348875,0.40075,0.297,0.0,log_revenu -6.77,cote_r -4.52,heures_travail +1.18
C000850,1,0.9249375,0.936125,0.91375,0.0,cote_r +28.73,log_revenu -1.91,heures_travail -0.50
C007434,1,0.9115625,0.912125,0.911,0.0,cote_r +25.65,log_revenu +3.50,heures_travail -3.01
C000061,0,0.35950000000000004,0.3185,0.4005,0.0,cote_r -8.26,heures_travail +6.21,log_revenu -2.27
C006512,0,0.45318749999999997,0.455875,0.4505,0.0,log_revenu -4.07,heures_travail +3.70,cote_r -1.74
C005251,0,0.2110625,0.192625,0.2295,0.0,cote_r -15.79,log_revenu +2.31,heures_travail -0.50
C005023,0,0.48575,0.4675,0.504,0.0,heures_travail +1.18,cote_r -1.08,log_revenu +0.91
C003890,0,0.4010625,0.373375,0.42875,0.0,cote_r -5.89,log_revenu +4.86,heures_travail -2.17
C003203,0,0.09518750000000001,0.098125,0.09225,0.0,cote_r -23.14,heures_travail -1.33,prog_Genie +0.39
C010751,0,0.400625,0.35175,0.4495,0.0,cote_r -6.83,heures_travail +4.53,log_revenu +0.35
C001227,0,0.4961875,0.417125,0.57525,0.0,heures_travail +7.05,cote_r -3.81,log_revenu +0.41
C009713,1,0.8400624999999999,0.857625,0.8225,0.0,cote_r +20.14,log_revenu -2.23,heures_travail +0.34
C004663,1,0.63025,0.69975,0.56075,0.0,cote_r +9.82,heures_travail -5.53,log_revenu -0.93
C004304,0,0.14056249999999998,0.136125,0.145,0.0,cote_r -19.58,heures_travail +1.18,log_revenu -0.89
C003376,0,0.5648124999999999,0.586875,0.54275,0.0,cote_r +4.13,heures_travail -1.33,log_revenu -0.17
C002037,1,0.7826249999999999,0.74025,0.825,0.0,cote_r +12.08,heures_travail +6.21,log_revenu -0.19
C005193,0,0.179,0.1845,0.1735,0.0,cote_r -16.26,heures_travail -2.17,log_revenu +0.99
C001153,1,0.7891250000000001,0.8195,0.75875,0.0,cote_r +16.94,log_revenu -1.90,heures_travail -1.33
C007476,1,0.8563125,0.867125,0.8455,0.0,cote_r +20.97,log_revenu -1.18,heures_travail -0.50
C001469,0,0.3058125,0.376625,0.235,0.0,log_revenu -5.79,cote_r -5.71,heures_travail -2.17
C003788,0,0.21087499999999998,0.21525,0.2065,0.0,cote_r -14.42,heures_travail -3.01,log_revenu +2.20
C004518,0,0.5224375,0.448625,0.59625,0.0,log_revenu +3.96,heures_travail +2.86,cote_r -2.03
C007490,0,0.5478125,0.508875,0.58675,0.0,heures_travail +5.37,log_revenu -1.27,cote_r +0.64
C013720,0,0.4395,0.41125,0.46775,0.0,cote_r -4.05,log_revenu +1.74,heures_travail +1.18
C002383,1,0.654625,0.63675,0.6725,0.0,cote_r +6.74,heures_travail +2.02,prog_Genie +0.39
C000638,1,0.602625,0.585,0.62025,0.0,cote_r +4.01,log_revenu +1.60,prog_Genie +0.39
C004992,0,0.18175,0.1895,0.174,0.0,cote_r -15.96,heures_travail -1.33,log_revenu -0.50
C010963,1,0.8023125,0.797625,0.807,0.0,cote_r +15.40,log_revenu +3.53,heures_travail -2.17
C013481,1,0.87975,0.83575,0.92375,0.0,cote_r +18.24,log_revenu +7.27,heures_travail +2.02
C005013,0,0.339625,0.29925,0.38,0.0,cote_r -9.32,heures_travail +4.53,log_revenu -0.78
C003702,0,0.1156875,0.098125,0.13325,0.0,cote_r -23.14,heures_travail +2.02,log_revenu +1.19
C011008,1,0.78725,0.84225,0.73225,0.0,cote_r +18.78,log_revenu -3.54,heures_travail -3.01
C013261,0,0.09825,0.108,0.0885,0.0,cote_r -22.19,heures_travail -2.17,log_revenu -0.36
C010057,0,0.5280625,0.572625,0.4835,0.0,cote_r +3.54,heures_travail -2.17,log_revenu -1.87
C008562,1,0.864,0.83,0.898,0.0,cote_r +17.83,heures_travail +3.70,log_revenu +3.41
C003447,0,0.4351875,0.402875,0.4675,0.0,log_revenu +6.41,cote_r -4.40,heures_travail -3.01
C003969,1,0.6258125,0.557375,0.69425,0.0,heures_travail +7.05,cote_r +2.83,prog_Sciences +0.22
C001389,0,0.45475,0.5005,0.409,0.0,heures_travail -2.17,log_revenu -1.91,cote_r +0.34
C008534,0,0.4613125,0.457625,0.465,0.0,cote_r -1.68,log_revenu +0.71,heures_travail -0.50
C011257,1,0.8791249999999999,0.86975,0.8885,0.0,cote_r +21.21,log_revenu +4.51,heures_travail -2.17
C006064,1,0.809625,0.7885,0.83075,0.0,cote_r +14.74,log_revenu +3.25,heures_travail +0.34
C008231,1,0.992375,0.993,0.99175,0.0,cote_r +47.41,heures_travail -7.20,log_revenu +2.74
C011203,0,0.0355625,0.033875,0.03725,0.0,cote_r -31.91,log_revenu +0.83,heures_travail -0.50
C011280,1,0.8376875,0.816625,0.85875,0.0,cote_r +16.70,log_revenu +4.48,heures_travail -0.50
C000995,1,0.989,0.98625,0.99175,0.0,cote_r +42.61,log_revenu +2.64,heures_travail +1.18
C012893,1,0.9904999999999999,0.98925,0.99175,0.0,cote_r +44.33,heures_travail -1.33,log_revenu -1.17
C000158,0,0.3320625,0.269875,0.39425,0.0,cote_r -11.28,log_revenu +3.36,heures_travail +2.86
C003877,0,0.20856249999999998,0.208875,0.20825,0.0,cote_r -14.84,log_revenu -0.94,heures_travail +0.34
C008214,1,0.5995625,0.589375,0.60975,0.0,cote_r +4.31,heures_travail +3.70,log_revenu -2.52
C009021,1,0.9370625,0.930625,0.9435,0.0,cote_r +28.02,log_revenu +3.00,heures_travail -0.50
C010583,1,0.96475,0.955625,0.973875,0.0,cote_r +32.29,heures_travail +5.37,log_revenu +0.50
C005917,1,0.907625,0.92225,0.893,0.0,cote_r +27.02,heures_travail -4.69,log_revenu +1.89
C000902,1,0.754375,0.76775,0.741,0.0,cote_r +13.38,log_revenu -6.00,heures_travail +5.37
C006999,0,0.4689375,0.457625,0.48025,0.0,log_revenu +3.16,heures_travail -2.17,cote_r -1.68
C007847,0,0.3539375,0.270875,0.437,0.0,cote_r -11.22,log_revenu +5.69,heures_travail +2.86
C003821,1,0.980125,0.9825,0.97775,0.0,cote_r +39.58,heures_travail -2.17,log_revenu +2.02
C007949,0,0.1296875,0.137125,0.12225,0.0,cote_r -19.52,log_revenu -1.24,heures_travail -0.50
