id_candidat,residual_rsd
C011476,-0.017354950845262583
C000471,0.016568000502041737
C006911,0.010101222022412629
C007718,-0.0033892056308316527
C003531,-0.005541714586609155
C013582,-0.019194714850997212
C001802,-0.0016622346209751726
C002621,0.011191948274583802
C000214,0.027839978828104937
C011333,0.000692010943667906
C005995,-0.008462093623617845
C000764,0.03674733365509079
C009637,0.0008514924153805877
C010951,0.008915677322483906
C003989,0.001924021178351205
C001997,-0.0031152645628364393
C008268,0.018789962500137446
C004195,0.0013062799552487358
C008521,-6.975859356100039e-05
C003182,-0.0036428691592915803
C002397,-0.019845326605926732
C011557,-0.0024324361871881574
C008762,-0.003909373600336176
C011840,0.0064477486839956
C011316,0.0010436704661089138
C010291,-0.014900802567510875
C006829,-0.0012984806957517289
C000068,-0.01524437888251778
C010665,-0.009033766555095373
C008332,-0.016770815985663108
C004852,0.016394888480209382
C002565,0.02987475393483517
C010674,-0.01690710986981999
C001872,0.007777886920966041
C005733,0.005767872837622543
C000703,0.02967228839414223
C011867,-0.016784127893489396
C006713,0.03745161080991302
C000064,0.03270837444899471
C004628,-0.0011918979621950863
C012124,0.003290872511798348
C004326,-0.0009854306853337015
C008918,-0.002574211217741194
C012871,0.016319013368034548
C010864,-0.0024522673665314586
C000878,-0.004902741078421905
C012033,-0.0037595186762031016
C003603,0.033212830823320924
C012032,-0.007924537805344068
C008543,0.02626625550095039
C009273,-0.003130444283836372
C009255,0.014470356288623979
C003722,-0.01423946261193865
C009983,0.007292888116447049
C011185,-0.012526389974985465
C011178,-0.015304323521553708
C008130,-0.01711782531984334
C009829,0.011757091886333693
C003554,0.027948184056874326
C007210,0.0002850724923510119
C005321,-0.019194714850997212
C011236,-0.0023466591149355334
C001439,-0.0016896243871235362
C003104,-0.022489401287288435
C004474,0.003937720703248653
C011529,0.03339490548438817
C007668,0.010587756226104203
C005977,0.0026741218050542184
C009064,0.01276727979794269
C005597,-0.008385124918397418
C011831,-0.01740364663159682
C003361,-0.007742925210682747
C004450,0.0010240425205444426
C008210,-0.003604882158775929
C012014,-0.007597452675623199
C012665,-0.003590610992244358
C005946,-0.01844869675801458
C007529,0.016291713312734508
C002940,-0.0017874551997447779
C012024,0.029372479800444884
C004250,-0.013059725842908418
C003108,-0.001262254535457842
C009847,0.011727678158460916
C011904,0.001259040088850642
C001380,0.0346755492452848
C001665,-0.004080256022622778
C009318,-0.003470046510718943
C012553,-0.003465341629797604
C006434,-0.018277841412672254
C002777,-0.007639058729715947
C004436,-0.003579411672367689
C006265,-0.010761851053470411
C007230,-0.003800094619393198
C000924,0.003019784265794234
C010771,-0.016407935978272253
C013731,-0.00478985357902516
C013586,-0.004647628532119964
C012137,-0.012146113914165568
C002258,-0.0013702280934603187
C002275,-0.015097198203873036
C012863,-0.012199066222352223
C003726,-0.009407570717029601
C012102,0.023329453217723197
C007245,-0.0022598183055121956
C010270,-0.0004979288690467452
C003803,-0.02310686227850017
C013694,-0.005202644873438823
C007928,0.010676116981964022
C003414,0.00802598470676568
C001985,0.033010044697735705
C013889,-0.011167183417392267
C010308,0.012845441912360818
C009835,0.03177630441689326
C008685,0.0331455072504566
C006117,0.00804218725142683
C011054,-0.006291630765862765
C009764,0.04069243272662472
C007962,-0.009701679514633741
C006820,0.013166189973575871
C006695,-0.0037186490363463423
C003339,-0.011038170098878102
C004906,0.018239809027490745
C004834,-0.006052828555874602
C002836,0.0030594641752466445
C007995,0.020588580272320665
C011917,-0.008371420522404298
C003676,0.0009607481407559596
C008311,-0.010795856334030653
C012715,-0.0001082318342836048
C010853,0.00021381218999747152
C006031,-0.015019458533561666
C009961,0.006367980752719183
C004133,-0.0013746910153407566
C011114,0.02078114461756517
C007215,-0.003915599916135081
C004465,0.02916828248657342
C010296,0.010689390616568397
C008570,0.005300311329757148
C010116,0.012300924824681628
C003093,-0.004352763541268014
C002337,0.03132389819624776
C011621,-0.0018809278080636534
C005587,-0.017093958276192235
C001167,-0.009918719513703404
C001230,0.016574993821400784
C002710,5.1498685359804635e-05
C002053,0.0035477870213808166
C013670,-0.00018155574397112734
C011444,-0.003766340192685426
C001936,-0.011685853879419124
C008831,0.0007334244244600969
C000847,0.007663888237616821
C013477,-0.01682834235067799
C008690,-0.016421175834156587
C003701,-0.00973089774541357
C012673,-0.00374624259865971
C000236,-0.016458999185289556
C007520,0.006159618700248502
C013939,0.00957208162311963
C012683,0.004031403755935896
C004294,0.007006241006853038
C002322,0.008217218869655336
C007776,0.02442867988449786
C002656,-0.0022844533324032517
C005904,-0.022015190878552915
C011586,-0.005849826420216609
C009228,0.005635936852133965
C001140,-0.013115024419916516
C010244,-0.0020706069950044126
C000184,-0.00376575082420466
C000568,0.0024595367730197142
C007633,0.028148218180095164
C012476,-0.01387474270390804
C013158,-0.012972356300221356
C013016,0.02452033350954421
C009497,-0.0009091217643751046
C012613,-0.01319759485549626
C000388,0.007810775198735933
C001162,-0.0029823450229417873
C011810,0.004538279071652442
C012658,-0.0030306706200737667
C011492,-0.014294238104026582
C007185,0.001259040088850642
C010623,-0.01560468739606367
C006278,-0.0023306713574498816
C000503,0.01921504727104889
C003224,-0.0004747904900537868
C003249,0.0022891756449128337
C009682,0.02015570728193433
C012375,-0.016686566920452568
C004306,0.017657899637481992
C003236,0.001246824649180689
C007387,0.0030223078433992516
C013861,0.0006793641948214885
C004620,-0.0032244437943467915
C012265,-0.01483276038104557
C011642,0.01773473521863156
C006565,0.014081835677710883
C007404,0.007423102763882526
C011657,0.022357008341985382
C013948,0.006725362807522884
C003295,0.0158397105284791
C003227,-0.000816541027124572
C007403,0.017510856097067297
C012155,-0.0034816569481194545
C005331,0.012779903885801275
C003703,-0.014371814298866473
C008153,-0.008086277607526856
C007810,0.008429441617427699
C007763,-0.002112204513871934
C000804,0.009509578679800484
C007223,0.010491965261837318
C011277,-0.002080325240228718
C001322,0.012760214147015529
C000290,-0.0011928778038329349
C006246,0.009522734938793964
C012147,0.031085426356930637
C008754,0.02460871031276064
C004982,-0.005456417064287354
C003328,-0.0015434575071622998
C000197,-0.0014870651482692284
C005825,-0.008584731265526075
C009389,-0.01602249666643866
C001703,0.005129072468400894
C008587,0.0038715764815379404
C013751,0.016182173359676637
C009432,0.025806601742873272
C002682,-0.00201367968588203
C005792,0.025067402523919168
C004878,-0.020013735102367324
C006015,0.0024778034624836857
C009369,0.002544662725490694
C003270,0.007585575703983638
C008170,-0.018854496069754912
C002098,0.003868257273783711
C005105,0.028132315144495004
C006709,0.006285208105859032
C003727,-0.005135364235022804
C002937,-0.013615653240724846
C011548,-0.0024038165447521735
C004533,-0.004101117716164906
C001198,-0.0200173899025018
C000934,-0.0020215488868476268
C005047,-0.00997261871428015
C013862,-0.016830706965274566
C009400,0.006733444728359467
C003805,0.0289114834271277
C001113,0.004362688376333149
C011242,-0.008216061101958931
C000861,0.013689319953474437
C011401,0.027802623931430404
C008110,-0.001945327783001459
C005799,0.00532687262687227
C010658,0.0007623026256329766
C005250,-0.008569641301037366
C002530,-0.01896845598348449
C004559,-0.004033264475462699
C013519,-0.0034546130869876793
C007755,0.023467726026265182
C007357,-0.003476143705326674
C010199,0.020614670411438798
C010165,0.0033092612934260465
C003635,-0.013473737478258255
C012343,-0.0036284476989640753
C006280,-0.0029673340297209872
C002571,0.0002031945631268842
C011563,0.01021828378543068
C009891,-0.016770815985663108
C009047,0.0024364697918565935
C010398,0.009886902840285507
C004077,0.00030917151292689585
C005037,-0.007614976331604137
C000773,0.002388636880585738
C003845,0.004697158091601281
C012165,0.012078578214150978
C009056,-0.010718364192968545
C007630,0.0034422917422892024
C010192,0.0059555439759037395
C005194,0.025224744426277798
C009200,0.003928654523329822
C013174,-0.011882187575190408
C011117,-0.015305410543282218
C012742,-0.005027222327985445
C010698,0.007605950667685446
C001300,-0.0012520436536385604
C009549,-0.01195566231923057
C010628,0.00753792029160268
C002027,0.022018539036582588
C002204,0.03178369119408108
C011522,-0.0215021673546165
C000637,0.0183963543186684
C012624,0.01210476195689902
C007480,-0.014887650198345172
C002159,-0.0014288569010462507
C012830,-0.005325408047280003
C003509,0.02374350841203302
C009458,0.00900741665497374
C007957,0.010650983993976765
C012426,-0.003203360455122635
C003247,0.0039027270858703928
C009305,0.0017290807899284534
C000646,0.025255821178716074
C004433,-0.01784603374570097
C002544,-0.003457924528329623
C011293,-0.0005649903023945455
C008859,0.0030470237919904388
C000240,-0.01675828562813893
C003482,0.021725322588393402
C000986,0.034821905467264165
C010476,-0.022577760518193626
C006687,0.014697081899916394
C011919,-0.018017742795707344
C002118,0.01694202186128994
C005221,0.021898492536973468
C000753,-0.0014627571218945716
C006869,0.003791047203994173
C010648,0.003418010845202272
C003207,-0.0025941827637278253
C003918,0.0010944918887520491
C010349,-0.0057526716944656525
C001899,0.007709099205387556
C008596,-0.003335571698836648
C011243,-0.0011264848306109243
C009253,-0.012470271957930644
C000852,0.029671127145285664
C011164,0.012779903885801275
C006142,0.010222531402883067
C004041,0.012711079428157357
C005659,-0.014793333535100386
C001393,-0.024893940932265123
C007298,-0.008937714568860501
C003662,0.00023083417614280942
C008339,0.017581754823791942
C006297,0.00437205881473621
C002222,-0.019870792483520756
C007501,-0.01659421541297287
C006915,-0.005846190626820622
C013721,-0.004928732927417966
C000279,0.02605334415556064
C007117,0.014365316930589598
C008420,-0.006646297748585255
C005066,-0.019654003077406675
C009079,-0.0009642719788640134
C003643,0.011983215936961868
C010184,-0.0017061046848778384
C005511,-0.0037582665344015357
C002500,-0.004009443577563852
C013696,-0.007301236981324652
C001589,0.01941029516895164
C012335,0.008616036138094706
C011402,0.009464626309332237
C008639,-0.00911518799687479
C013233,-0.0018351351595870971
C004096,0.012854910217990203
C007310,0.018670034759120373
C006221,-0.014173644598072332
C002158,0.0011161338100382804
C008960,-0.0041490312765592565
C007003,-0.0010621416152892227
C010549,-0.012482848805422539
C004100,0.026002077636755244
C007296,0.008612819723992766
C012817,0.024111055847053267
C011307,-0.003826602130796553
C008442,-0.0032600581356428855
C002884,-0.014593711889132808
C001209,0.023091003483656357
C010017,0.003594258683869388
C012652,0.007732949316379687
C013979,-0.02249519243402609
C005405,0.01719126186980064
C004045,-0.003361096792920623
C000844,0.029421896947380184
C008724,-0.0011256467417948479
C007865,-0.009795110358607884
C005558,-0.016170692735913858
C006927,-0.004983674271061667
C012640,0.029052761762390387
C000428,0.010487280534170583
C008769,0.002022040413328762
C002822,0.025422374206860963
C001760,-0.004196558930692568
C012136,-0.013990572832392356
C009714,0.020059754951562144
C011759,-0.0054067384329958175
C012002,0.014265801837902535
C011297,-0.004924986841053567
C004640,0.014491430467584356
C003360,-6.972591993448848e-05
C010275,-0.00184910818469398
C002416,0.02586748169506306
C002711,0.013934406386252455
C010051,-0.0071249882377500025
C004027,0.03360856338120678
C005723,-0.005200368197916616
C001533,-0.005007356718993187
C010473,0.005763496444901974
C012668,-0.009741134684290317
C007005,-0.0047426972827056095
C003229,-0.015274247209622002
C009375,-0.0005720184856816244
C005730,-0.005198703625230265
C009457,0.01285998629431479
C010666,-0.015272493884015477
C007582,-0.010659564041947726
C009349,-0.007824913672278102
C000044,-0.002056101883282104
C004535,-0.01509559849967303
C013930,0.0034387375263011943
C013197,0.009633805227390688
C005096,-0.011801795089858763
C011072,0.001529939767748355
C006796,-0.01507494097591715
C009620,0.02926736428198962
C013103,-0.00034220291700856023
C009913,-0.01672211463300249
C005966,0.005271324122692
C010388,-0.005871223434809633
C004798,-0.0055326094275935656
C000958,-0.004488842174814217
C008974,-0.009000507959108032
C007343,-0.002350764436609645
C004189,-0.0004621996809859051
C008674,-0.013777519763844883
C002594,-0.014163466703942786
C002576,0.010389105278300458
C002615,0.012589611148473893
C002830,0.012878424345748887
C005488,-0.02516632678238125
C009754,-0.001471690699362155
C004944,0.007027594535966752
C003186,0.004338076482079498
C005458,0.0010781190923398096
C011424,-0.003271921725470642
C001754,-0.013826739037570483
C012186,0.011513341135326132
C001953,-0.017354950845262583
C007399,0.009062861489038027
C010315,-0.008012511617065973
C008487,0.007325297784806393
C004348,-0.021238163936672973
C013615,-0.0004571562021833055
C004129,-0.0077932278686065615
C012551,0.0002026491650912388
C001714,-0.005948859024420383
C010128,0.02118376170971468
C002452,0.01763572320098941
C008105,0.02638303731562818
C010794,0.024513425651176524
C008994,-0.003767132296860548
C004048,0.017014424523178702
C010265,-0.017404607727234515
C006771,0.003780648064234655
C000556,-0.0020990696655936586
C008076,-0.012088876419167848
C002085,0.03196948759628307
C009077,-0.00725625639908479
C008238,-0.0010046382059381632
C012950,0.017166173859951776
C012635,-0.0108080548681809
C003706,-0.0008371547881031484
C002819,0.015022019034122817
C010338,0.01520535516627062
C002223,-0.005069546579049204
C009187,-0.00034602788282608226
C010526,0.000687238301811315
C009675,0.012849124410036411
C003317,-0.0037666986291721746
C009367,0.0075870872375289385
C009753,-0.015333575844309213
C011097,0.03085872974352088
C013330,0.02626032776987415
C004324,-0.005469789220364734
C012497,-0.005041438353130433
C007497,-0.003142764675651777
C013207,-0.005606351419659978
C008582,-0.012326865233604748
C003216,0.01069145610416132
C006211,0.0026656405409196423
C005924,-0.008523776053796641
C011745,-0.0033378520046307486
C007248,-0.0029925806931099955
C013553,-0.010395029006315894
C008862,-0.011655094251913254
C003275,-0.014889108071450502
C000524,0.001611886700896248
C001419,-0.015984246262581176
C004871,0.000323582477173327
C007265,0.00605141318712984
C000347,0.03441530558279248
C006626,0.006176884853111832
C009715,0.034070731225802425
C002384,-0.01991487703319919
C001195,-0.0010604367095369438
C010982,0.03439245259918392
C012706,-0.01533876409875036
C005954,-0.003170323663183206
C007380,0.0038840012011248587
C012654,0.032487947791569695
C002320,-0.008011352460294816
C000352,-0.019749210688348867
C013387,-0.016777011013854412
C011551,-0.008369433448562322
C008340,-0.01672211463300249
C001617,0.020057486427964077
C007196,-0.015462912157831948
C008655,-0.003224483817825282
C000274,-0.012767814785808681
C007416,-0.002388333791460754
C000185,-0.010056992818560392
C002809,-0.015600793047291719
C008334,-0.0061930716608537585
C000391,-0.0049424215231966715
C010578,0.03384608348683891
C013479,-0.004042169971313316
C010670,-0.003808688629408632
C007007,0.03174638974600175
C007177,-0.0037396880494165396
C008200,0.022634542915396398
C008005,-0.0007698870539509261
C008058,0.03620647153241157
C007599,-0.017256782053564033
C003909,0.0031649178063076744
C001071,0.023654249712220833
C005531,0.026129442943139354
C011626,-0.0012227994821714058
C009378,-0.004446420555751871
C008591,-0.006640877883269234
C004950,-0.0020382500916768017
C004477,0.01364930977329111
C013685,-0.013521440775436768
C012913,-0.0014870651482692284
C001815,0.0040995067184749386
C011092,-0.004857361993719383
C008990,0.013438474813144701
C008998,-0.0038503921494898877
C006355,-0.0020766011974745462
C008605,-0.0030847131803891327
C012001,-0.00016686499723826662
C004464,-0.017689675860890795
C009570,0.027397735946104083
C010536,-0.01285115472182993
C008338,-0.010763549636147677
C012561,0.0006998404367910245
C005425,-0.004780934011957841
C011408,-0.008220199802808043
C009837,-0.006141121198476773
C009132,-0.01542728449332246
C008912,-0.01627489154266163
C004716,-0.006318171253351304
C005505,0.014564011169039902
C002752,-0.004494784060246358
C012381,0.03177630441689326
C004459,0.02525034621691084
C010655,-0.006804301130976546
C008835,0.02642532619484466
C007658,-0.007797523060277598
C000762,-0.009641460881358798
C006570,0.013130673340569832
C010738,0.026141349527882395
C008590,-0.0054982810786131505
C011449,6.396963036428988e-05
C013899,-0.009553441899045726
C008515,-7.44268302592588e-05
C009476,-0.0173488988885759
C011012,0.018477562737023695
C001049,-0.002226342934118244
C004099,-0.0013758791325832174
C013487,0.012484004471190567
C002700,-0.014821941056994194
C012663,0.029082306370719114
C012400,-0.01640838562544667
C000052,-0.0005258042736833058
C002968,0.008906363182821767
C008422,-0.017611815083535775
C013074,0.022916792882247294
C010422,0.012823509418977575
C009020,-0.008433519143385372
C010449,0.0017626755926229622
C005322,-0.01848999996238089
C010563,-0.0009917873038174027
C012928,0.015061689156227558
C013935,0.0017873123584001005
C013439,-0.002466222534623705
C003925,-0.022669502317974398
C003091,0.017928477524220027
C007935,0.011605866878205378
C011694,-0.0048446038500715395
C008211,0.01685682204832542
C009820,0.0102399778341332
C008969,-0.004344320585389394
C012208,0.02642532619484466
C004729,0.005271324122692
C002047,0.004815606809696358
C005663,-0.014999311565505772
C013203,0.0015596345520031553
C013218,-0.0020215488868476268
C009480,-0.00018279028444081704
C010633,-0.010184784103418932
C009315,-0.004201092514607928
C010041,-0.002819973104808874
C000792,0.007133711206709388
C000841,0.004612565927465154
C013130,-0.0038503921494898877
C010043,-0.0005499722882281457
C002625,0.0008148495719122618
C005033,-0.0034151236994200336
C012331,-0.0007070677100965678
C008556,0.03557974443427751
C007925,0.010738689980000809
C011192,-0.014381092577811342
C002580,-0.003717534518068529
C002570,0.0026617477608201308
C010817,0.0055090139931317965
C008132,0.002853173863226819
C010773,-0.007904593868679375
C005535,-0.0016220937943047854
C001346,-0.003757781057202851
C013642,-0.016746489162927838
C002096,0.003004684447874409
C013146,-0.0032520091102952392
C008121,-0.0010876600337081088
C003356,0.007266268847626276
C001412,-2.1348656899861776e-05
C008631,-0.005224447488382097
C002420,-0.0031776865003617853
C007341,-0.017741149693107864
C007601,-0.0015428480917145898
C009297,0.013672029266943789
C003505,-0.011801795089858763
C008977,0.024711761941835025
C008946,-0.004225281274959726
C013639,0.035058549437312514
C005380,-0.0029469823849636754
C011340,-0.0032710615057174558
C012993,-0.008490443731601693
C008212,0.0038748924447814465
C001993,0.0008566772141817408
C010290,-0.00399815895696114
C002011,-0.00604011489728426
C000300,-0.0033081285124107658
C010509,-0.009574900989000821
C003975,0.002794581678959
C008924,0.029201931367426628
C002486,0.022576262810445412
C001157,0.013441236397678094
C010205,0.0012556773823715417
C005093,-0.02061854479621971
C009233,0.019529929126624913
C008586,-0.01523595284444184
C012116,-0.004061933509240602
C003872,0.014354681952372213
C013761,-0.0031083648420767622
C009667,0.02504584252422976
C001375,0.004687859659642975
C007188,0.012075168357490326
C008885,-0.019672215276486847
C001909,-0.017979832186386567
C008138,-0.018107777842618553
C011578,0.008157936751527834
C007730,0.005388998718876518
C010453,-0.010187266902295516
C003389,-0.006607191449350306
C002655,-0.019539142594211082
C012294,-0.019690501782041313
C003844,0.009264646454480753
C013750,-0.014186818269983546
C004148,0.0169292830749821
C011384,-0.009967674733063606
C007152,0.03167485600254341
C012153,-0.0032710615057174558
C009299,0.003976303928148237
C006973,0.013254280492259173
C004858,0.0023213801849774887
C013470,-0.0030923653866207954
C011254,-0.026846106921918866
C003572,-0.019074819160902347
C008849,-0.01971247376363102
C012628,0.0140353357452872
C007461,0.0048472862185364885
C001783,-0.019539142594211082
C005947,0.03297603548590177
C011982,-0.005034872473473213
C013681,0.00323897288961131
C001447,-0.003271921725470642
C010194,-0.0016622346209751726
C007192,-0.002475284571867114
C011202,0.004377465758851477
C006066,-0.017069944162389383
C005150,0.020154929315307824
C012454,-0.0026613665617653895
C003167,-0.0032119235750325834
C003752,0.037253304271838324
C011152,-0.019704257915507048
C013390,0.01263033563810346
C004138,0.019094615069113266
C008625,-0.0044381726090783275
C004258,0.0024119914370358125
C003480,0.005881981455728713
C008840,-0.0001163237478017865
C004649,0.016448934864583535
C004732,0.0018038446740252182
C010922,0.03509002235679068
C005753,0.03056588854537355
C004935,0.009990527888551077
C010498,-0.00604011489728426
C004717,-0.008953065059410015
C004145,-0.0021377622866650776
C002751,0.03447227361735035
C013228,-0.01694507197055443
C010615,0.00857813057436162
C000466,0.028072451740950924
C003426,-0.017979832186386567
C007495,0.003308654403697873
C005629,0.010389105278300458
C002983,0.0145022093835571
C012391,0.0186466709476219
C001752,-0.0034553306094759362
C000301,-0.0038619139294556685
C011394,-0.011374534573660989
C013875,0.006809353230390255
C002879,0.0015767835085123767
C011156,-0.006142759311154412
C010990,-0.01871915172077237
C008565,-0.015440922822810222
C002317,0.012118780848279866
C008665,-0.022727478719182886
C003486,-0.007540377864863198
C002506,-0.012188542097597236
C002457,0.03409389209524968
C013414,-0.01675828562813893
C007214,-0.009788062016911257
C001246,0.003714679387270114
C002371,0.0012202281204842236
C010389,0.01985569772149509
C008163,-0.004075286029283552
C007345,0.014469154903806881
C000276,0.02182815822831189
C002076,0.010261292305916738
C011324,-0.003934986302363363
C005958,0.007069504023180899
C001826,-0.003830577952978278
C001266,-0.0013054440349238635
C004083,-0.0031896744054628677
C006979,0.017451693612907573
C005785,-0.014950297524129276
C003567,0.0065840213518513005
C013781,0.012635926032868568
C007715,-0.0040455601365930825
C013040,-0.020003212453698155
C012623,-0.00719212555868481
C004835,0.0032279906861679337
C013859,0.015499581086676747
C011223,0.01757140614260618
C005729,-0.004867791420713187
C004349,-0.0011478187858003396
C008319,0.023638462115501874
C009923,-0.011968056920573011
C010461,0.01100861183524959
C013322,-0.002866424732226933
C012118,-0.01357278699445457
C007595,-0.011017493811945858
C010263,0.021877880165964196
C000562,0.010413395683520427
C012132,0.02148416773311984
C010709,-0.00376174250150342
C011734,0.0030470846997328804
C001625,-0.0034583999464083645
C008866,-0.0035291628359341853
C013408,-0.01640838562544667
C006271,-0.017142207052615613
C002744,-0.005918958241208959
C003028,0.02535534506169664
C009860,-0.0007249854629145667
C006647,0.008503904591111156
C003851,0.009862656060422775
C007074,0.0044550016837253915
C000508,-0.0019298622662620817
C002243,-0.005875008039753025
C005640,-0.017449062891306544
C011971,0.04485495821743482
C008144,-0.0020051743640964364
C007857,0.01364930977329111
C010010,0.0023444395953013454
C008050,-0.01314700710636223
C004873,-0.008381717288398574
C011648,0.02444417082899673
C010935,0.004671474364346747
C003160,0.032636790241826225
C006519,-0.033604165799587166
C003997,0.020154929315307824
C000168,-0.01751514434975552
C010647,0.009445340562750709
C002645,0.002410837083691191
C000657,0.02252496286527044
C001515,-0.01929582858529104
C000511,0.007133711206709388
C010400,-0.009681838981079416
C008715,-0.008890320328968884
C008435,-0.003294945819137157
C001067,0.00204904414418514
C009282,0.026520064960249216
C005426,0.027876247190782195
C002825,0.010149621407419866
C013375,-0.02516632678238125
C008425,-0.004047534813085988
C001171,-0.0060821956253710695
C006039,0.0034836819742895464
C007814,-0.0050531139519734486
C007943,0.019228679212976166
C002842,0.011827814398889077
C006809,-0.003657768367428246
C013165,0.006974070672047812
C001912,-0.00016319050518920228
C006092,0.014278146002629069
C004140,0.005586480303696047
C009445,0.015510569801067041
C001133,-0.008963022040522031
C008133,-0.0008577822539140513
C009556,-0.013671846051271624
C009986,0.03777372312320473
C000443,0.01587407237044933
C012511,0.012854910217990203
C000109,0.01261156639477225
C003598,0.003098918510437499
C011461,-0.012233609841225367
C001976,-0.007781528359709573
C006600,0.016057958063564682
C008101,-0.0037344425281474066
C001253,-0.008610188060457527
C009427,0.00635908308320707
C008726,0.0034932422845516614
C000542,-0.00260616203147233
C010042,-0.013550891592927864
C008709,0.013555465164769093
C007789,-0.021661411826581652
C013936,-0.013311026013478945
C010946,-0.0006614544709995736
C013287,0.003557889775747417
C010467,-0.004797140242251911
C010924,0.0029625734821994354
C006739,-0.011746551456615718
C012046,0.024511485321694546
C000457,-0.016617059809460103
C005811,-0.007501119426193434
C005696,-0.015490063515892591
C007896,-0.008442050002946943
C001120,0.006212369971573325
C007268,0.002354068751552153
C010210,0.023464863831312594
C010217,0.0010809516489242315
C008976,-0.008047233356500426
C006487,-0.007465163896188306
C005211,-0.02265104197033225
C011515,0.003985939012969059
C008492,-0.019653081376657465
C004354,-0.01519574340650924
C008536,-0.005792381654579678
C003003,0.005860371923083201
C011494,0.013885688107917953
C012313,-0.0008135437398672389
C011416,-0.005771478423000355
C011351,-0.024501157070246277
C004111,0.0038138644139685787
C002216,0.025149123026786045
C012184,0.003676638568761807
C000467,-0.0034378935336038287
C010245,-0.009237284740579863
C012467,-0.012589625306980158
C009568,-0.0037595186762031016
C006040,0.007708980500890519
C011063,-0.015185350354423307
C006411,-0.01189154664927634
C010767,-0.0012494149729848887
C003818,0.03718888226316214
C008699,0.0035619880390646602
C004777,-0.0037459458277910706
C003621,-0.003917380827282997
C006657,-0.016495987303254852
C001464,-0.0014887914185880771
C004797,0.005809827623750832
C013073,0.01362690029635998
C009263,0.0001732663298702908
C008678,-0.009525759217542432
C006544,0.031874032233033346
C011603,0.000998114313486024
C008524,-0.0050987522753883335
C008986,0.007190350215851769
C008571,-0.016735531718741106
C000962,-0.0013746910153407566
C000582,-0.004943510996625489
C002800,0.008229665392654184
C002114,0.005310420750987853
C007313,-0.00409173440010901
C011371,0.003930742317925628
C003099,-0.0010967613122528027
C011032,0.010518425136246725
C012395,-0.007073054460380798
C005623,0.022864905614516484
C005555,-0.01426256604585618
C012059,0.002313505725188625
C004357,-7.226023670428866e-05
C005445,0.004341045040636587
C012360,-0.01731074730769403
C004800,-0.009676930604364602
C006429,-0.00928934710587327
C013480,-0.012269275597646517
C011361,0.012393061124734112
C000383,0.00414512566920807
C009679,0.010518425136246725
C012361,0.025721867094790667
C010297,-0.00799071903998404
C001663,0.0005575676509983737
C004293,0.0023231184847990315
C010176,-0.018402725242438273
C007151,0.010820717282557625
C003857,0.014317336389157158
C003126,-0.017776390022889627
C013159,-0.021661411826581652
C008768,-0.019074819160902347
C012359,-0.006778827784249953
C013616,0.014222913845811789
C000652,0.016319013368034548
C001425,0.014412846363163935
C006860,0.004966190166028022
C002091,0.01269218013576989
C012328,0.03182101430326995
C008627,-0.0030686480379139187
C000114,0.02841136675673671
C007779,-0.007878216756278443
C004259,-0.0005773616838956202
C013802,-0.0035861827312015596
C005933,0.0020407015086154126
C007922,-0.017175762127982247
C013784,-0.009437426237085308
C002673,-0.0052521685128310335
C012077,0.023993503952102986
C012571,-0.012177537980043502
C006763,0.014117510228523181
C013012,0.03376630793699524
C013454,-0.003226469452469174
C009489,-0.01602249666643866
C001421,0.01602293736530514
C005760,-0.004647628532119964
C001675,-0.01314700710636223
C001028,0.021509774092270346
C006602,0.018950889520075127
C004491,-0.010880361236509331
C002315,0.014482383713893664
C003978,0.005228806439163795
C011744,-0.017841300900975243
C001286,0.025420124022170386
C002070,-0.008766872233873908
C011965,-0.011677203116007475
C000690,-0.019968908267710864
C009413,0.009078599273955254
C012876,0.008530503712535322
C007984,-0.014799230187516657
C013838,-0.0032390427368967746
C009161,-0.016623491023360124
C003074,-0.0026700187353214744
C005482,-0.0015059796969780627
C005793,-0.013508591734565957
C002727,0.00029382671959809277
C009580,-0.0039038052130351743
C013173,0.00523467297573741
C006504,0.009281971225754457
C013743,0.009512340747274674
C008232,-0.004018743748282261
C001984,-0.012603500203712167
C009236,0.013654070131584567
C004760,-0.019815694893273693
C002789,0.0163886542795466
C007125,-0.004021083715984534
C006769,-0.01656516778253355
C002073,0.0014328609413803684
C008337,-0.0072919225830335305
C010528,-0.007478777788990492
C012418,-0.011752341420047057
C013909,-0.004660644744866193
C000189,-0.005323181934037862
C005507,-0.0010990236925937822
C000560,0.001224969098866635
C003619,-0.01612454484588602
C007870,-0.019724723508326655
C002087,0.010335040269220726
C011375,-0.018435391645910036
C007672,-0.02787282507051264
C008104,-0.005456417064287354
C012311,-0.013671846051271624
C004692,-0.010392880569028956
C001814,-0.0038200003207340895
C003034,-0.0004209853812381673
C013045,0.0025546514348267022
C011398,0.041790041768048396
C003471,-0.000863429754372779
C003994,-0.015044229317834385
C000763,0.020614670411438798
C006746,0.01004276220674035
C004024,0.010105415477991092
C003913,0.00744743724707451
C011961,0.022698528619216396
C013424,0.027388599917212764
C012062,0.004778148085134007
C007988,-0.01684847952428987
C011352,-0.016783582393424246
C013475,0.03737072681581706
C011701,-0.014607809686821804
C000327,-0.0030993176722341345
C009323,-0.003570032167076434
C013151,-0.0010876600337081088
C007473,0.01380264742189967
C006379,-0.014981710514235455
C012246,-0.0173488988885759
C011158,0.0069828184030167745
C005984,0.02565800392754375
C001980,-0.007120320717620036
C005010,0.010840617488468648
C006659,-0.003944878297517943
C010832,-0.003680678628629134
C013019,0.012584897967206224
C006614,0.006615139685212747
C007174,0.0007407731566507742
C012620,-0.01645730000171916
C004110,0.018268360539933696
C013293,-0.017979832186386567
C012606,0.0038539384668748195
C013960,0.035713961801788076
C007953,0.006121739521898643
C013102,-0.0035100356365691484
C004378,-0.0016984235386151238
C007929,-0.008601967415936286
C002113,-0.007545842090382969
C012179,-0.010583190792880327
C005500,-0.0037942516135734076
C006735,-0.016481348369542157
C013555,0.031010178924239597
C006914,-0.016232714051449278
C012206,0.013132217888834376
C011397,0.011599330359057993
C007312,0.0006341042793538405
C003081,0.0038449588846798024
C008877,-0.005886790902130576
C006361,-0.0027750054861202557
C006531,-0.007799146989473305
C012985,-0.00021885503843489936
C002163,0.019514832101693698
C010191,-0.0033437513476516217
C000574,-0.016781799457556465
C009639,-0.006267368055715975
C011247,-0.01765040633207815
C011041,-0.003784190987008784
C010214,-0.0052521685128310335
C011645,-0.018702742149157375
C005566,-0.010991571976025741
C012253,0.004405967546187814
C003745,-0.0040499181881075265
C013530,0.0061141369215758435
C003830,-0.007648904376378127
C012248,0.000982829298690396
C010020,-0.019117367775668543
C004403,0.011998815990032314
C009937,0.005900268656846511
C012957,0.02457005069273812
C012790,-0.007992352909819318
C007337,-0.011182853593636456
C011031,-0.007291967048380534
C012676,-0.019898721160053926
C012281,-0.00359793331602357
C004420,0.026157580311785042
C011947,-0.00018155574397112734
C001827,-0.0015374053515876162
C004784,-0.010023936521262062
C011244,-0.017557522782563804
C013030,-0.02388060366289691
C011239,-0.0005944431928847972
C006635,0.004883540511861378
C007144,-0.006928420448988262
C000639,-0.01216203220453815
C005786,-0.0030808723029592065
C008694,-0.013332469794311857
C010112,0.017666446453548805
C001449,0.025491843868022154
C001771,-0.022522599682359114
C013326,0.011680373558425062
C000899,-0.021620315246282537
C004226,-0.017377740890553252
C000767,0.00915843009180702
C012669,-0.0025142174567125224
C000770,-0.002994636656349116
C011839,-0.004101063695808613
C001308,0.012535222065318185
C004016,0.01311648260146223
C009388,0.003594258683869388
C013081,-0.003800094619393198
C001601,-0.019539142594211082
C003630,0.017659819002366434
C001053,0.014842075938460476
C005065,-0.01680009139242261
C006426,0.022265913993567987
C008465,0.017143381340413516
C010635,-0.01811469722621309
C008284,0.015211937713308223
C011343,-0.004037901988771151
C009898,0.016154838804823136
C008622,0.004815606809696358
C010865,-0.008032696956092138
C008640,0.004349824842778321
C011272,0.00912910405959315
C006372,0.0004999795982621705
C005205,0.009615632999821704
C009770,0.00735275802075703
C004153,-0.002925189186226751
C012723,-0.005443736315709319
C003085,-0.013985527780575938
C004438,-0.015594427722802789
C009630,0.009185458383933125
C007262,-0.00330670511643043
C001363,0.03457394607417762
C001155,0.014674314105333746
C000855,-0.003233176666860704
C011735,0.006509627436606253
C006311,-0.0014596190441350863
C009972,0.007374832020698262
C009441,0.0016773793779549027
C012022,0.015040675584816475
C008254,0.007848393112686007
C006227,0.013724980373885165
C007421,0.00584377820613994
C006025,0.0035470007851513843
C001006,0.009415838576822308
C005338,-0.01663549200526729
C008066,0.004481949995164379
C000350,0.011686401998997224
C002340,-0.019541486175039705
C010362,0.024985303078325465
C008395,-0.01829539116459887
C002418,0.03405941052888724
C005721,0.013373496142244373
C013920,0.007069504023180899
C002648,0.007266920106880444
C000549,-0.0066015383138297076
C007243,-0.0033830019370018607
C011776,0.012152523656159177
C002731,0.013017098791807187
C001767,-0.014171996687680828
C011777,0.011817628261560527
C006488,0.010283664427087617
C011327,-0.01477768419623313
C013108,-0.0007769533980790707
C004023,-0.013901501578595332
C013922,-0.012085910908752556
C012782,0.025339705602204318
C007877,0.002581676851517935
C003820,-0.0015434575071622998
C013983,-0.002335112633737655
C004268,-0.0030631186143029055
C004762,-0.0029969558287885286
C008601,-0.006279474372731922
C011220,-0.018090963047106882
C013199,-0.0065309770078270145
C004758,-0.0032446049158638295
C002791,-0.002544964521519776
C002888,-0.0021292070910494247
C005446,0.0023622786562234664
C008346,0.00926467277451787
C010662,0.013843666014749397
C006320,-0.01403947845832288
C002609,0.029744169527412552
C006114,0.016046034085938188
C013550,0.016425364195565485
C006358,-0.010905536730375965
C000811,-0.014971303143708987
C010827,0.004275562991122493
C008820,-0.0017142327683058014
C004368,0.040910595593492784
C005203,0.029749177175335144
C008738,0.03576463536032594
C006758,-0.015079095393280575
C008457,0.007764995530645623
C005440,-0.007050867583704807
C005298,0.012773039476142686
C002612,-0.008601967415936286
C011026,-0.0029648710819155165
C003347,-0.007714368525881291
C003952,-0.014342886370875687
C013672,0.034530671585273356
C004163,0.005538559255484098
C007815,-0.01424397575374168
C009795,-0.012022493356498416
C010888,-0.005325392388620349
C001561,0.017183522182077884
C012223,-0.0010242632332012776
C004843,0.01810283397043616
C004266,-0.002455550226773391
C000515,0.026418557827295356
C000262,-0.011973101990056424
C008844,-0.0019098650489484904
C010047,-0.004386638814525471
C005719,0.022941687157354066
C001341,0.007438314293932397
C004143,-0.016326778385612965
C011187,0.014850531296909652
C004862,0.0029365549135668113
C001971,0.03507794201991511
C012204,0.009733370004172563
C001079,-0.0034844462698956596
C011328,0.00683603341659739
C013147,0.015727761361830312
C004573,0.0020643744869394947
C005428,-0.014750283341486772
C000505,-0.001467854811992386
C000437,0.0065001976585667975
C000446,-0.00274513037837735
C012303,0.015156139910596942
C004262,-0.017456770721190302
C003550,0.004671474364346747
C012398,0.0005386713880513868
C012152,0.030396216328567052
C000856,-0.0037420291195618106
C004457,0.0014131302105517421
C008149,0.000417532446442667
C009360,-0.002672167960411243
C007531,-0.009806333480800055
C004208,0.029586742757936463
C010392,-0.0017261725218473405
C011020,0.0372477243009093
C011997,-0.016777011013854412
C007033,0.009779785139458068
C001518,-0.001955080613449059
C010015,0.03073047207707094
C001556,-0.0011918979621950863
C012247,0.039405307775632455
C004712,-0.004907413145980054
C005238,-0.006983240791459938
C009644,0.003686796696145663
C013914,0.0019243405118572247
C011824,0.004359771180645827
C010185,-0.003268446967266278
C008656,-0.005529379068834582
C005229,0.006737240356529218
C003769,0.012525745802581905
C005421,0.0022759780165625553
C009065,0.03600335807788856
C013313,-0.000811967682599678
C007769,0.00535593173044299
C003015,-0.002485820310666983
C009100,0.033612779034625825
C007606,0.010494862285310207
C000069,-0.0008877622510576554
C008748,-0.0037754121538940352
C011283,0.00012448317667781788
C010472,0.00024247612209573485
C006225,-0.0012178980781149987
C002657,-0.016467179282314736
C013566,-0.0002194055164139885
C010182,0.03391684025736644
C008563,0.00524840340156716
C012992,-0.0032282736570611744
C007304,-0.005619937475178048
C011118,-0.012145103323844627
C003055,0.003937188719122392
C003882,0.00043371957092319864
C005744,0.00751962095284401
C006050,0.011393427936375529
C003578,-0.0009854306853337015
C001598,0.007193744613813115
C009063,0.021555685984160272
C002833,0.003544284977144845
C012047,-0.004420599469975645
C009202,0.011245219125139797
C006294,-0.00633901977211083
C000918,0.010764240891945285
C009130,-0.012600516811420603
C011826,-0.0014637796687498419
C009454,0.007726702311794167
C000719,-0.0225618572421317
C007803,-0.0063220466491814035
C008242,0.01098999132246688
C001798,-0.004434084967800981
C001027,0.00745447091600504
C005820,0.012910116488848518
C004634,0.02907058275534822
C012859,-0.0035009520898634356
C001952,-0.0001300863481263252
C004892,0.0007223091400706448
C011623,-0.014375923609349722
C002331,0.006924267353581758
C005252,-0.009030212803273761
C004476,-0.012022493356498416
C006940,-0.009437513790219947
C012316,-0.014885040851845315
C011871,-0.009178185466000414
C008266,-0.0018988330293565302
C000330,0.0009277540900375196
C010851,-0.006997184166131638
C011581,0.024213754485448116
C010833,-0.0007398829386002869
C013765,-0.013610427794666704
C002917,0.01329145950339727
C009671,-0.01902647385961948
C007719,0.006004282238917726
C000102,-0.020006527078973546
C004848,0.014786268769175099
C002977,0.030019896522994204
C002240,0.005156415156549119
C008618,-0.000811967682599678
C006873,-0.010394892262289257
C003866,-0.0008756831545033587
C004809,-0.005661845480472352
C003079,0.02195965905707491
C008933,-0.0029579078190325007
C012382,-0.008220199802808043
C010820,-0.017196118859839057
C002721,-0.0035193137679542753
C001474,-0.0023577427439053457
C011393,0.01663836313301131
C000540,-0.0020409656288487214
C006140,0.026110742837282444
C003798,0.012439346987158685
C009579,-0.01357278699445457
C008863,0.0069828184030167745
C006021,-0.008047233356500426
C008482,-0.012219097430327494
C002840,0.0002039574657032414
C013840,-0.008442202264199221
C013048,-0.012565432874533435
C002622,-0.002701947491733945
C013546,-0.022283803792552032
C008326,0.005067450475902632
C004544,-0.012089231402822708
C000537,0.001143075766416481
C003876,0.0012122467406647675
C003217,0.0036657043421858076
C002232,-0.011536779180086144
C001544,-0.0012953564093649687
C002343,0.03388174959913494
C004385,0.02318849000295967
C010533,-0.004807451184229716
C009901,-0.004014392360517732
C003551,-0.009857465513025484
C000752,0.03331971701582143
C004231,-0.019286168831153475
C005654,-0.003727483981913785
C000834,-0.022727478719182886
C011527,0.007344166044049698
C012004,-0.019019358253433476
C000393,0.020055117219395922
C003741,-0.006162752248487472
C012041,0.00836489536168099
C013096,-0.002004133894238051
C011455,0.012484004471190567
C009955,0.023284112886679014
C010703,0.006306757549639137
C004461,-0.011083848571401652
C012598,-0.021943240655996357
C002852,0.022676367598487773
C000521,0.0040995067184749386
C001732,0.005860371923083201
C011337,-0.0018405374172288356
C004695,-0.004104264632344258
C003243,-0.014816717897277228
C013664,-0.003203167087617931
C009099,-0.010840321431921181
C005364,-0.01657575370988624
C013205,-0.00486296216772605
C009252,0.000982829298690396
C009029,0.006911410555952053
C009864,-0.003078264712724957
C002162,0.0017035640536034139
C004986,0.004949897881379147
C005874,0.01694202186128994
C005529,0.012112031967269135
C010567,-0.014181776354705479
C008208,0.007227277978490137
C004479,-0.0014870651482692284
C009698,-0.01677395923560543
C000502,-0.0035552428421003666
C007771,-0.002782527222479725
C005367,0.0002721716768973189
C013643,0.015898619003957844
C011055,0.007402227775045044
C004889,-0.003075222206598984
C010055,-0.0006823228835326812
C007548,-0.0032559982626421463
C006539,0.015726204105049775
C009833,-0.014878028008070298
C011200,-0.017543202611532353
C011884,-0.0016768240807473985
C010339,-0.00575008774683929
C001353,-0.011791193649525477
C003257,0.02404674444518958
C003180,0.017008648970360127
C008086,0.0027788534523514835
C004411,0.03126185245910716
C001655,-0.015445680973358106
C012718,-0.015359556807237808
C011808,-0.0029830614978135937
C006903,0.007517494855497045
C011493,-0.014996474337527706
C004035,0.007640448640747382
C012593,0.011363674298928716
C001473,0.01788191906818848
C010413,-0.0025150197855988658
C008289,-0.015304323521553708
C005158,-0.0009491388851713975
C005388,-0.003977919290060516
C012250,0.030748462278639352
C007446,0.00661332740586165
C005571,-0.01106304091841245
C012187,0.007638775810829877
C013692,0.007337440642545033
C006967,-0.0034298816465622027
C008081,-0.005531569954418334
C013572,0.006338670730905757
C000575,-0.015945722187827152
C012600,-0.0014887914185880771
C012113,0.014042794348328601
C001992,0.02761094807639113
C002019,-0.005469789220364734
C003287,-0.0142619766513594
C009900,-0.03004030951198145
C000024,0.02631235455372357
C004019,-0.003938210307156911
C001922,0.004231636730417401
C012769,-0.006986305726630458
C012935,-0.004080520774593528
C013407,-0.0015606615280036524
C005950,0.00610053251339046
C004614,0.01002405941902669
C008953,0.02380808660896302
C009831,0.034709235160755844
C008295,-0.018531185588771783
C001652,0.02015020639417985
C012431,-0.002820703264915504
C008721,-0.0142595556499941
C013145,-0.01805963504040373
C000960,0.012796701426487943
C011139,-0.016838271019622045
C000072,-0.011029792542594405
C002998,0.025931045666057643
C012748,0.00817116939545319
C001554,-0.009296436870420033
C013829,-0.01747136044929317
C006017,0.013467360706847875
C006324,-0.016289631674897515
C000385,0.005456482642818269
C005112,-0.004975177834329555
C010081,-0.0037566621769713647
C007420,-0.018032018797651157
C013665,-0.012799322584347161
C007463,-0.0029938467677320586
C003444,-0.001412963907163556
C013398,0.013369846894557346
C010506,0.006320950064293232
C013058,0.02351674530950798
C010186,0.012644845325774746
C003012,-0.009234040878924682
C007375,-0.009702445923655623
C009699,0.011770867385287011
C002766,-0.004052285339893602
C008127,-0.008080216302395367
C004481,0.04232341913863979
C009593,0.0009302427724419281
C005818,0.0023068325417364664
C007070,-0.0017078251842678445
C009608,-0.012641350005884252
C009010,-0.0137422644275082
C003049,-0.015317215788756753
C004977,-0.016425457699780443
C004679,-0.022283803792552032
C008333,-0.021681991943931635
C010363,-0.0051003719891116895
C009871,0.006855207084820384
C008165,-0.019168384806175224
C009734,0.010947147090381876
C011268,-0.012360742115276723
C008978,0.03227318185582858
C012050,0.003000286936325893
C006182,-0.01645730000171916
C007097,-0.01216203220453815
C009653,-0.004611589556914199
C008283,0.006549687265935765
C010766,0.026293336916505063
C005386,0.005588702952495058
C008798,0.027255830044285348
C005824,-0.003478318427246591
C000407,0.010612093758050346
C004227,-0.0034882292282978804
C008550,-0.002732162634565127
C000440,0.021152053316634393
C002511,0.027179485461626893
C008608,-0.0030686480379139187
C000880,0.010503528253548179
C004538,0.020076622349042974
C007934,-0.013756350801634823
C008854,-0.003493787239615527
C007406,6.583308144864189e-05
C005939,0.011514599834274592
C003258,0.0261309200768559
C000607,-0.0008584770162187442
C011753,-0.005992166849658207
C013754,-0.01812406106739024
C000623,-0.004094527098654246
C000118,0.02291027796521658
C010923,-0.01468595080983712
C010234,-0.0032502017059964075
C002419,-0.0032360988950030077
C013436,-0.01707866464919768
C003248,0.027455940728919288
C013044,-0.019490005186238096
C005746,0.013369846894557346
C006861,-0.004504953161888965
C005561,-0.020383990768820998
C007645,-0.014404371728991748
C006375,0.016401773319292785
C000210,-0.003982258255597566
C002553,0.031506930589177626
C008951,0.031358265752359324
C004435,-0.0038968031891060337
C008288,0.011457516936845533
C003094,0.031885966018056516
C001723,-0.0021677760384728483
C013352,-0.003332469922064124
C012312,-0.005388961569839086
C000430,-0.006401795940659185
C001177,-0.012620991989584444
C010139,-0.003288127478267914
C011321,0.0013740537279093566
C000597,0.02203712199742127
C003147,-0.0015918458965749303
C004693,-0.0004747904900537868
C010096,-0.009700822887287339
C001328,0.01276727979794269
C013236,-0.01659708935458738
C004968,-0.003972883640932394
C004173,0.003729382624074256
C004269,-0.015072568576379317
C000453,-0.018271445591504603
C010224,0.006685498599594961
C000698,-0.001310143258899212
C007886,0.03006653766283289
C002566,-0.00403664234514945
C008478,-0.012885315715627062
C012605,0.0036960635716694126
C007472,0.0038209456236615257
C008987,0.031219032894253193
C001423,0.011667326750096284
C010240,-0.00855647827059474
C010929,-0.016417221884539555
C005122,-0.012097140676517244
C005658,-0.006251596304909211
C005591,0.01211218573381417
C008209,0.012948913634935699
C003293,0.027946781542011995
C012135,0.00357853168785851
C012194,-0.01909907828819221
C007282,-0.015406337372014061
C003799,-0.01229650328163736
C002084,-0.004348665713822023
C002177,0.004324577748090268
C007534,0.009976704634493013
C003054,0.016340923364861617
C008466,-0.005514918165086819
C001180,-0.018694734250869482
C011955,-0.012532710609342001
C011654,0.019947430070501183
C010361,-0.01896845598348449
C007577,-0.019164310574835215
C007323,0.00473119753214047
C005232,-0.016750373566866095
C007342,-0.01985907103708501
C003992,0.006235898236873269
C000332,0.015212976825876258
C012603,0.010160237926567294
C001240,0.03381791752513665
C010568,-0.0004016599986015476
C000215,0.004896467467084386
C004307,0.005703689017853227
C000525,0.007848393112686007
C013973,0.00022175695027809323
C000712,-0.008345428628511349
C001792,-0.0077454457538936716
C001291,0.014387597588934159
C012607,0.03419139305802044
C000224,-0.016701638967799654
C001189,-0.006405866351754932
C004106,0.04031286875023155
C006605,0.00456572791533419
C003025,0.009181132036444708
C004854,0.027509576507402576
C006858,-0.004913184323567929
C004936,-0.018859192231266052
C013397,-0.02273929201187966
C009726,-0.013827157032910356
C002261,0.0079092072638333
C003264,0.04107753192317445
C003573,-0.00011874848739858996
C001009,-0.019911115652337122
C011304,-0.007992897713156607
C007326,0.005000084962277411
C001935,0.03933203184004531
C005271,-0.035922657172072
C012746,-0.017211126576016793
C006917,-0.00025587298666701733
C011326,-0.020003212453698155
C005756,0.01028599449370148
C010960,-0.0001516215068161412
C013179,0.0029626116296179337
C010274,0.001704181788865093
C003940,-0.010732461450421726
C006880,0.007907095434066466
C001091,0.004923036028029989
C013934,0.01329145950339727
C000319,-0.008694352048612356
C013208,-0.014744211833049359
C006380,-0.003452400241026043
C000510,-6.975859356100039e-05
C012275,0.008930134069553775
C004312,0.022701514151053717
C001638,0.011367004395719736
C000213,0.009462229190251834
C013256,-0.002838298883854516
C013792,-0.017529313091589338
C002193,-0.003208999116626131
C007058,0.01431233786278359
C004680,-0.015049302004499922
C000288,0.022456288190406327
C005199,-0.011766002513148747
C012977,0.026195139487613577
C009554,-0.0038619139294556685
C006395,0.0027676875407078145
C000914,0.003883861222785059
C003980,-0.0026032353281236135
C010988,0.0007562488669133572
C004575,0.007080768917908553
C006877,-0.005578482433397387
C011674,0.0008271094649548705
C001199,-0.016678792917548133
C002201,0.003594190258925664
C000944,0.004695633963745131
C007487,2.9690875046220754e-05
C013953,0.0003791319800376434
C001847,0.0025257328864582303
C005260,0.002903445555792857
C008928,0.006338318242168774
C002410,0.024470225985981146
C006833,0.026236806092530394
C011084,-0.01298055389585159
C003037,0.03410573091144243
C010484,-0.0010722031925271586
C008741,-0.020254505312397798
C009172,-0.016410162776324864
C013229,0.03728616731904358
C004689,-0.01677371673450964
C004882,-0.004284595293051362
C003051,-0.002434538539484676
C004664,0.006923374418143176
C000031,-0.0029195499121311293
C013180,0.02868559473767651
C010781,0.020155201377277644
C013541,0.030204283428091692
C004284,0.03293781640907278
C012218,0.0031737014580204012
C008191,-0.015498932044121397
C002556,0.00832474262026887
C005887,0.000417532446442667
C001147,0.0067644986290962585
C005499,0.009821157074442128
C013780,0.00022183585237729554
C002023,-0.018512009028555265
C013800,0.0004374301653075408
C006334,0.0007812075087881733
C006304,-0.01747136044929317
C008973,-0.010030534474955465
C010132,0.01038218800929973
C006528,-0.00440664272182121
C005616,-0.016630171545863614
C008908,-0.019987129891447138
C001667,-0.003603076460714479
C006935,-0.005311064725364894
C002886,-0.0010760803100627145
C008039,-0.0013403269207037448
C010154,-0.013256888413036707
C002001,-0.009286434878874207
C006300,0.01674446553829432
C007830,-0.007688113062635274
C001870,0.03215144539344196
C007136,-0.01315465618441314
C011344,-0.003082851644630213
C006991,-0.0033501403759829797
C013501,0.017523903008688897
C009163,-0.01282907173130667
C004615,-0.0013570580538305559
C003696,0.010361224714802632
C011595,0.018268360539933696
C002273,-0.001989611810106771
C013177,-0.0021619125710540203
C008150,-0.010040637338292656
C005167,-0.016379279256774605
C001857,0.0180080936299814
C003191,-0.0035201259976284415
C006727,-0.0030948407083805363
C012287,0.026278518596256198
C006753,-0.009188121476870962
C012768,0.009397881710124312
C006029,0.001579771813284005
C009992,0.025224744426277798
C012205,0.00127552367176369
C005154,-0.003263498000197505
C005831,0.0012398426145583908
C011067,0.016161863868864517
C009916,0.0009059042199054268
C003783,0.010335040269220726
C001988,-0.018127057075511255
C012724,-0.003380890971976606
C000417,0.017398194607850435
C007875,-0.022722719320401645
C006088,0.003970196541479636
C013594,0.0023068325417364664
C008614,-0.03584908574339549
C001117,-0.009069770465058465
C000603,0.004687859659642975
C005610,0.005141923573490464
C005166,-0.003112101849776984
C011166,-0.008447923465255195
C012292,-0.011014429474346905
C006083,-0.015979790522051725
C010150,0.004129729751967464
C011630,-0.011973101990056424
C013060,-0.031493414756205804
C011403,0.026581750035988914
C012781,0.0021154400831875034
C005309,0.00042602252201085313
C000254,0.018346257545497437
C002052,0.004553143551812163
C004155,-0.010698771616285093
C004078,-0.008807961371541993
C009238,0.02989452892109922
C002918,0.0035619880390646602
C012344,-0.0056464058002432555
C011725,-0.01694507197055443
C006236,0.035363868666230674
C001676,-0.01651860462258864
C002356,0.008757571380505706
C010940,-0.009407570717029601
C003103,0.03507940743276399
C008032,0.015723831126405116
C012968,-0.016284833649810083
C010577,-0.006382745893361625
C005872,-0.00973712561102359
C005983,0.003464119987584352
C001360,-0.0036876265345932076
C004257,0.0191479752980126
C011107,-0.004101502541524253
C012329,0.001837108694975764
C003776,-0.004786756796196952
C007974,0.017260565502139072
C002577,-0.003417620583323409
C005891,-0.0038588001424999943
C013659,0.029781001437653082
C001794,-0.0167308420993961
C006458,-0.00384678048273222
C001840,-0.0022185587586105275
C012524,-0.015697707990439062
C003592,-0.015072131675833215
C006702,-0.0029719809878099614
C004541,-0.007604579534333184
C008108,-0.015498932044121397
C009799,0.0028342148022771716
C000030,-0.020529863800164597
C001149,-0.008341513598234969
C013449,-0.00983790360361565
C008943,0.0035767432057991185
C008091,-0.01587951043143918
C012450,-0.017233695521658467
C001095,0.0056245249069213805
C012326,-0.002652089769643021
C003518,-0.018694734250869482
C007701,-0.013387188461810574
C001833,0.03564134610112735
C013421,-0.011884774729222293
C005836,-0.003507043341895884
C001520,0.03495161905014031
C004938,-0.0031727910104855147
C004490,0.003780648064234655
C000686,0.025721867094790667
C011717,-0.011538902960102865
C006303,0.018010282794736963
C008345,-0.007117022003056892
C001283,-0.005270865669495634
C004425,-0.0031818423526161054
C009143,0.023328422020545456
C006906,-0.013972121917160438
C011091,-0.00036164497662115997
C005986,0.0071300432654370464
C002781,-0.014505735708598602
C010956,-0.017930457519793226
C012163,0.0007761332355461064
C003777,-0.005291351542699084
C006155,-0.013256888413036707
C008624,0.0013651130867023268
C000084,-0.002771730271674189
C006305,-0.02142400641773406
C003396,0.0064542206543651654
C007437,0.003332448012759172
C002161,0.020863446327615335
C009410,-0.003983496947548337
C004733,0.02225363727952975
C010001,-0.002497262560743043
C011773,-0.004014136505002509
C011479,0.013327051832029774
C011991,-0.020426473430856726
C013514,-0.002681829436351235
C011376,-0.00020376053831067372
C005626,-0.010812021377832413
C007147,0.02447810767985366
C002813,0.017482757972752158
C011580,0.018884333145073227
C008703,0.00523200490264379
C001116,-0.013643061239937646
C009615,-0.004985293008896536
C012527,-0.011750671953825042
C008203,0.031382966417777804
C012695,0.015381006718231513
C011990,0.012867157969356433
C011636,-0.009139956076638178
C008701,0.006358484464012101
C005315,0.006898156825195137
C007237,-0.02258154029850463
C007160,0.010784088536524971
C010891,-0.003257503952554254
C012994,-0.002672167960411243
C009286,0.01941029516895164
C009903,-0.018091840524442165
C001969,-0.006804301130976546
C010538,-0.01229650328163736
C000968,0.02092740931451237
C008995,-0.005142259496545988
C005254,-0.0036936822514619504
C002699,-0.01120266297732722
C003838,0.02989452892109922
C009948,0.0033417291355426933
C004321,0.001005042039606992
C011612,0.03673478327314633
C008431,-0.009633148875954827
C007080,-0.016686566920452568
C013418,-0.018694734250869482
C009320,0.00973257693636081
C012879,0.031349120835047574
C006955,0.009425992470901456
C001367,-0.003312299388368194
C005263,0.007133711206709388
C006732,0.0008481218771232353
C001937,-0.014361989641385336
C009991,-0.01774948785715369
C010555,-0.003896219732372533
C008397,-0.015462807968101181
C013149,-0.009626709731540369
C004788,0.005000084962277411
C013056,-0.019516844590711412
C007289,0.005601977074854275
C006321,0.012878192014542968
C006522,-0.015461872232414435
C002796,0.017324478463545054
C013632,0.03790952713625583
C000991,0.00012399296874511854
C011678,0.005028598680267764
C007064,-0.007291692417870664
C010417,-0.004047534813085988
C000915,-0.0019416523123995779
C002824,-0.012535765658414617
C005427,0.012397246984142836
C013129,-0.012502958511917607
C002877,-0.011264604789419064
C009443,0.02715019555721247
C001165,0.02605334415556064
C003086,0.03074328883570215
C003779,0.012151860113007194
C000636,-0.0025515442338073418
C005542,0.037915222406998295
C008606,-0.017233695521658467
C009668,0.004369819690517143
C000632,0.00310382767874835
C001820,0.0127927694496446
C000258,0.005867220634732933
C011797,-0.012669428465417045
C012040,0.005914397509552009
C013717,0.017624315593802457
C005813,-0.02269518697339768
C005501,-0.014324941472429952
C003563,0.0012941907699124833
C001896,0.02640434419197883
C004179,0.0005386713880513868
C012585,-0.003331275041751865
C007656,0.01090663690791124
C007543,0.016168526372490746
C002637,0.00963646819799406
C010774,-0.01653982545975799
C001320,0.03499980417758865
C009866,0.002810291732548123
C002316,0.01939296535405615
C010090,-0.011099817761159701
C011877,0.008291760904487848
C002632,-0.015414506332737794
C004804,-0.006691701350857126
C007625,-0.01971218058076472
C013309,0.012730900733501391
C005453,0.03970468380670647
C010264,-0.011206573367475452
C002965,-0.014470158362324575
C002299,0.00919950983326867
C012233,0.014307816172257163
C002105,-0.0215021673546165
C011426,-0.0032795493813361502
C007171,0.01749709415015593
C005661,0.002892054630319167
C008855,-0.005886790902130576
C007971,-0.0031926613675546003
C009288,0.024181030234367542
C006690,0.02562133120814354
C006848,-0.003312714246103546
C011893,-0.007180485014932599
C009692,-0.019317757845484042
C000419,0.00999501907442553
C008216,-0.008371420522404298
C006412,-0.01768709550256133
C012289,-0.002776119787456676
C006481,0.018983596828645633
C003810,-0.006974887162334761
C012986,0.00644494093877728
C003836,-0.00936205554711965
C000822,-0.0070911937017588255
C007818,0.0009797813865730213
C001033,0.005127192310453143
C011731,0.0007461780324559755
C011560,0.034000828472357914
C011785,0.0008843593283106588
C002768,0.0021154400831875034
C002687,0.01759695405468468
C005349,-0.015091648207717988
C012013,0.03719128061967212
C000681,0.011679027824615579
C002435,-0.005728404466954406
C006885,-0.0028259877243683
C007537,0.03569183958583537
C013657,0.028033270912894113
C003747,0.005026834091131421
C007966,-0.017462451595604837
C009128,0.01942401115124496
C007838,-0.0032072726224805607
C005568,0.011002783782336621
C005761,0.007496574819210843
C013524,-0.002672167960411243
C005857,-0.015661706086779314
C005919,0.029112476806442515
C002385,-0.0032714687304097774
C000265,-0.012686411465724443
C009530,-0.0015909257313737504
C002985,0.00032994531709443757
C001705,-0.019550356603111912
C012682,0.012558743654811723
C005494,0.01017545982230724
C005374,-0.0026870340714029964
C005908,-0.004386002095531594
C003297,0.0023139704664305433
C007302,-0.002485820310666983
C011815,-0.0032386240142964285
C012897,-0.007826421930493195
C005864,-0.015366473105837374
C012916,0.023833058085860562
C002770,0.012924261733799826
C006627,-0.022112035176341582
C000083,-0.0001516215068161412
C001297,0.012196906812685933
C011749,-0.01451182076027157
C012094,-0.012456227237753659
C011423,-0.002023995132592469
C005931,0.030317402951790785
C005578,-0.014805069254703204
C012071,0.007712130301837681
C007089,-0.0040677627016681
C011179,-0.009450970594478494
C000251,0.029492765067687055
C011613,0.03750564435342486
C008363,0.01390967328158194
C006312,-0.0037617076536703604
C001558,-0.013693073064595253
C003947,0.002056414615403097
C001831,0.02345641778362912
C001513,-0.0030661207826224433
C011791,-0.014294238104026582
C008419,0.009331372840788967
C005969,-0.016831205617999452
C001511,-0.0001953613715887582
C000506,-0.0040455601365930825
C003179,-0.01993504633708589
C007607,0.008808841371076752
C005624,-0.011016045136252449
C006676,-0.004088568012766562
C002333,-0.008502971094794809
C011929,-0.003991266152513631
C013086,0.011573223575030822
C000219,-0.01278970398151686
C011658,-0.019632633468446202
C008373,-0.017979832186386567
C010372,-0.018702742149157375
C010030,-0.008383018736551128
C001083,0.016060975838152934
C000742,-0.020003212453698155
C002790,0.004552096123654231
C011992,-0.010743231697843069
C008024,-0.008694352048612356
C001099,0.02240956746838007
C005481,-0.015504638045333734
C007132,0.02612909269622799
C002016,0.02585767663946191
C005071,0.0007950471050311848
C002326,-0.009857465513025484
C000269,0.02328696046879682
C007135,0.006677826961210883
C012796,-0.0164530033071649
C005323,0.012574550893845614
C000032,-0.004009443577563852
C012345,0.014172033710241227
C005716,-0.002120189630923523
C002378,0.028032679267763178
C012649,-0.002614644074963453
C013844,0.020755553426136938
C013857,0.022220078885650696
C003194,-0.0040573145704408025
C001448,0.0003558319432097061
C013032,0.0160321286187171
C002312,0.01759803796791274
C005647,0.029212812135962204
C004456,-0.00800031707171789
C013663,0.004631333800697772
C003407,0.01253894856972143
C008199,0.0017100247942660888
C009381,0.004462025571260511
C001176,0.0192374796024785
C002003,7.48600577084427e-05
C007804,0.010887123849459371
C002311,0.0012330832486805439
C012535,-0.001322906105229878
C010705,-0.00871471350360696
C007384,0.0066727209050039815
C011348,0.006825628164792392
C005911,0.004140113234766816
C001761,-0.019885773530782698
C012471,0.007489280595031861
C007410,0.004533083470345104
C007696,-0.004071263763522702
C007349,-0.0008540448542671416
C011935,-0.011936815766964027
C008509,-0.0032244437943467915
C006723,-0.016552072172858125
C006637,0.017565490790041376
C007745,-0.0019098650489484904
C012645,0.015245801200522187
C008034,0.01599322278507764
C004985,0.0005721843776048792
C004919,-0.01502475960836321
C008891,-0.014426399320693048
C006193,0.0012495381615768154
C004175,0.004371582385635132
C000220,-0.0011256467417948479
C001470,-0.0026884042768909253
C012507,-0.003898791097176243
C010621,0.016862095549943844
C003824,-0.002144492582577562
C013277,0.010876482376821529
C012427,0.029277265065718098
C012617,-0.004284595293051362
C005771,0.02488080832756067
C013769,0.003308654403697873
C001960,-0.004913184323567929
C000176,-0.01065839640561455
C010502,0.0010011060176729908
C002422,-0.0029830614978135937
C004599,-0.005270865669495634
C005915,-0.002835435452655345
C010447,0.01157722342687155
C001788,-0.016296268670755586
C007598,-0.00767600124720577
C004996,0.006590440630642782
C005350,0.0010250221078260456
C011583,0.02434021620291352
C000458,-0.008047233356500426
C006109,-0.013491199384720702
C006653,0.017616926574124198
C003060,0.02598478206508999
C004232,0.031357071105973466
C004543,0.0012821198275344743
C000866,-0.009375635743476367
C013468,0.010658249473742502
C003282,0.0023622786562234664
C007127,-0.00359793331602357
C010025,-0.01631859975505895
C008041,-0.006853507095135166
C009588,3.62488743165269e-05
C008615,-0.001980697144453417
C012096,-0.009663461651176037
C009235,-0.0032308404907025867
C000590,-0.01809258062583827
C008082,-0.017462451595604837
C002228,-0.0004435306282592905
C000940,-0.003182249764366281
C001424,-0.016435235563955673
C002095,0.005880992875589124
C001269,-0.004022575120672661
C004239,0.0016796907666808125
C013733,0.004096626922252937
C010999,0.03487626806093519
C000271,0.01619587834955179
C013273,-0.0014190132432805032
C009987,0.006310635863789098
C010314,-0.008632492068690843
C000253,-0.0032928503286361256
C009428,-0.0038619139294556685
C012408,-0.012141691343434362
C009196,-0.0027620517195213372
C001608,-0.008864202727247143
C009456,-0.01880530651227102
C005906,0.012463710195492462
C002368,-5.804916430532034e-05
C011111,-0.0031300103301282506
C000227,0.013337072290821823
C013671,0.012528397077211782
C002338,0.010675367934846188
C004328,0.02543436829400249
C010629,-0.003237372882550206
C007664,0.0035771722754891436
C005938,0.003384563667333062
C010441,0.03585825865838489
C002234,-0.004000291111014289
C003881,-0.014051861143938995
C003047,-0.024899265930671308
C013927,0.005700539344095626
C008532,0.007024200598691245
C006564,-0.0015909257313737504
C001089,-0.00132688009221716
C003600,0.01972358634322426
C005433,-0.003824075587623122
C003899,-0.0016417819078142783
C003170,-0.017608785193932504
C008330,0.0014440807637465416
C008528,0.00808947734336516
C013814,0.012989436478636303
C012448,-0.01891952775197126
C006270,-0.01720580271200655
C006124,-0.015816847028941563
C010582,-0.0004406741323406207
C002518,-0.016681809884888724
C003238,0.013985521453482192
C001848,-0.003356103617045419
C002165,-0.0028123753936902
C011989,-0.004027740090951107
C006176,-0.003155259635425678
C011796,-0.007048123739170394
C004107,0.0006744287771763335
C006247,-0.020383990768820998
C001736,-0.011917166263920894
C009210,-0.0024659875345400583
C005642,-0.0018810316919431695
C011673,-0.0025151611196387764
C010692,-0.0012249298474985137
C012909,-0.01815172277132515
C011418,0.0005220173012748866
C000704,-0.007479149177090813
C013609,0.011599330359057993
C011533,0.011662405776217313
C007869,-0.00359793331602357
C004254,-0.014051861143938995
C008148,-0.016438239716866147
C010618,-0.004123755239846603
C008355,0.012339396751200896
C002807,0.010650983993976765
C002245,-0.012076230243903308
C011380,-0.0039468056628001345
C012759,0.009628407360589593
C004550,-0.014721698575181363
C013315,-0.005865183827926333
C008842,0.003636424274511085
C005397,0.0012185083194238312
C001277,-0.008028021320575226
C006943,0.0036469723213221478
C006529,0.009394698306988573
C002172,-0.00800031707171789
C007228,-0.0032791088147405994
C005671,0.000765664451920389
C007466,0.044712572214921094
C012413,0.015431284373905427
C012754,0.013599745669002758
C001201,0.013718974497159789
C010740,0.025306576310116284
C012559,-0.013452179554795529
C005783,-0.005661845480472352
C007568,0.010658249473742502
C007471,-0.005649659991215175
C009585,-0.007392944031741178
C007378,0.006186994954873878
C009007,-0.017256782053564033
C009949,0.0028968394312100603
C010160,0.001915475293497519
C002067,-0.015374868539356207
C002107,0.02442867988449786
C006658,0.00400235976758069
C010803,-0.015295250991723328
C006460,0.007659130284715883
C003660,-0.018531185588771783
C010347,-0.009033766555095373
C010695,-0.0193839475038557
C000842,0.0026902609693592997
C005738,0.014884634377646462
C010048,0.018239809027490745
C008542,0.023446398950866747
C011605,-0.019565341827908884
C010419,-0.004759265220412363
C006588,-0.010873876323795252
C010218,-0.0033672828016425875
C003591,0.02511752387755948
C010673,-0.015654977761399434
C003245,-0.0022652673538078013
C013338,0.0015842108304134654
C013918,0.023042573647672922
C001580,-0.010534858760164488
C001403,-0.01690710986981999
C013324,0.009425992470901456
C007053,-0.0007721978150542143
C007950,-0.014646661754662157
C001261,0.021545717655997627
C006722,-0.015490063515892591
C005672,-0.011699688221649133
C004387,0.011857159060534288
C009819,0.013369846894557346
C001892,0.004950760603745882
C013537,-0.011663117273426074
C012821,-0.004773113449121332
C004714,0.004129729751967464
C001121,-0.0012514657415473435
C005060,0.012647283390535054
C011288,-0.0005011801436038894
C003775,0.0261309200768559
C011816,0.0018744300772211557
C000261,-0.0028014074389360964
C001301,0.0024499871155008505
C011404,-0.0003269901299286272
C007499,-0.0033664572515097577
C004043,-0.0021097146328983053
C004838,-0.002299787331610055
C007895,0.019899242126020997
C001465,0.0004717496851872699
C000676,-0.0010391744150245984
C005101,0.005110000937000403
C006373,-0.010855312293397609
C009416,0.025339705602204318
C001142,0.0009533295739329748
C006733,-0.017446826323235597
C002297,0.012264009671062689
C005759,0.007042729230487458
C012429,0.009264646454480753
C003735,-0.00983790360361565
C006844,0.001005042039606992
C007541,-0.01994708595461856
C013827,-0.017211126576016793
C003370,-0.004085493896588828
C009689,-0.012470271957930644
C003522,-0.01780867619045561
C000454,-0.014996755943826365
C008436,0.01160858120415366
C012550,0.004288396687354675
C001141,-0.0014389214097537382
C006484,-0.0007398829386002869
C011905,-0.015930581728523744
C009665,0.014618736686154325
C003949,0.007341736109567336
C006203,-0.0047243028479510025
C005455,-0.007117022003056892
C007086,-0.019898577383262582
C004301,-0.007418554379742724
C008222,0.013397880053210468
C004393,-0.01931171292095154
C000800,0.010758419863570153
C004891,0.012339396751200896
C013372,-0.012966926638420306
C006772,0.026320021339926947
C010693,-0.007781528359709573
C001023,-0.0036460492835922184
C006665,0.007513068177494732
C001355,-0.004062137064608931
C006671,0.033741757858682817
C003010,-0.0035749626678925816
C007502,0.014317336389157158
C006152,0.004818074942022868
C001674,-0.006052078468190102
C001029,0.0003389281571294083
C011007,-0.008383018736551128
C007459,-0.003082851644630213
C004539,-0.01740570498004928
C007451,0.00417837297333136
C008318,-0.01658329162222883
C012455,0.014718234113870944
C000297,-0.018068518776272153
C010574,-0.016472930402148724
C012130,0.0011206053781865864
C001590,0.0007725880821986453
C000864,0.0174251526054542
C000937,0.034943385418000274
C005450,0.006640792868432244
C008056,-0.004101063695808613
C012299,0.0164421732756107
C011718,-0.002838298883854516
C005357,0.0046302696274509786
C009750,-0.013133569916004503
C001687,-0.01584571012266618
C001054,-0.01584571012266618
C005412,0.01550340767557018
C002847,0.03116101701990896
C003645,0.004405967546187814
C013683,0.010676116981964022
C005694,0.012646004764665451
C001303,0.003224373897999839
C000090,0.013881033014435884
C010161,-0.003160569417860187
C007062,0.007460727034610064
C011219,-0.018148170920658485
C010384,0.011359119767242066
C008004,0.03183816346554228
C004630,-0.004405034806901895
C002967,0.03179164962868046
C005210,-4.356823661937249e-05
C011667,-0.021943240655996357
C012924,0.015546544372145105
C011413,0.012820830482851809
C001692,-0.00233089328838388
C012474,-0.009034598501302442
C012542,-0.00639995107452824
C005533,-0.005641379171792136
C006496,0.016201109788553745
C013066,0.006265815585848183
C003519,0.03778125884919041
C005052,-0.016458707006335997
C002599,0.025818000590614468
C001011,0.0010240425205444426
C002121,-0.01648668647004366
C005961,0.007166461828178091
C001077,-0.012184686630455565
C009696,-0.0016596897511907275
C007575,-0.002879036724544338
C005334,-0.01916296455641451
C001921,-0.0017061046848778384
C011475,-0.001030851541754308
C005797,-0.003921463735676461
C010301,-0.0012615114835131818
C006049,-0.003112101849776984
C004221,-0.022324388233819846
C008443,-0.016458537461133765
C008336,-0.019844548239619952
C012999,0.011312304102566055
C010170,-0.016818575587487984
C013364,0.017434463119573702
C002108,-0.01644500067525924
C000404,-0.004660644744866193
C013873,-0.010341228983972677
C002428,-0.0037231406512456154
C008287,0.0009415751008033866
C009096,0.010262878152591552
C013576,-0.01603614269679237
C010997,0.012462582497086283
C004492,-0.019688823556724758
C001605,-0.0023914840242037607
C008257,-0.013756350801634823
C011186,-0.004438849645264502
C001568,-0.014604590697338805
C013789,0.024679146601129416
C008064,0.003221422892610497
C006557,0.0009275024033214745
C001213,-0.0061930716608537585
C002167,-0.0007119908380605565
C004701,0.0010390117493022672
C012904,0.013296285125186779
C004168,-0.009470549363142285
C001581,-0.010954045718774182
C001237,0.010493128833800073
C002060,-0.0036175525155270343
C008609,0.009857295528450336
C013648,0.01973626320328424
C013638,-0.002080593381550613
C009670,-0.021950116738854046
C005866,-0.01320446854883012
C003394,-0.018762601726869978
C010720,0.02812840900107872
C002229,0.0010456744337497346
C012811,-0.008012538975623665
C012070,-0.009419859984049428
C008747,0.004237143482393157
C010591,0.012068870464952287
C010752,-0.002142112993802722
C000788,-0.01381531907800871
C000684,-0.0033071208754039184
C009791,0.01421140543069656
C005005,-0.016379841390999378
C009771,-0.006380273946831149
C006554,-0.003125642342445295
C000115,0.012075168357490326
C004641,-0.009918719513703404
C001293,0.012811551887038078
C003387,0.015449448263050239
C000303,-0.00478985357902516
C009415,0.007039853498298431
C012646,0.01025821737330763
C002179,0.020626064009079938
C002837,-0.004344796128149768
C000038,0.003625220375736217
C006327,0.03634150175538939
C006859,0.004763227728093723
C005336,-0.008057991088847425
C000766,0.02025477330891949
C006282,0.002291895864661904
C004316,0.031033323803655054
C010134,-0.014173644598072332
C000580,-0.0012520436536385604
C013894,-0.013861564287656019
C000939,0.02594528948267736
C013726,-0.006942030727582305
C005856,0.015114435780457184
C008879,-0.003077166945272038
C006711,-0.009728714752578894
C003458,0.018165307197746148
C007905,-0.015185350354423307
C011115,0.004207490675057389
C000426,0.010314335670808089
C005289,-3.110196006673538e-05
C011666,-0.0035308189632668875
C013531,-0.000699868614197346
C011823,0.008932224797596231
C000846,-0.013940867028172514
C003731,-0.014658954432596584
C010995,-0.0030561719920238818
C013702,-0.01604786203125666
C007447,0.034777349160330026
C009959,-0.01580405867723767
C002926,-0.003332469922064124
C001517,0.004614734526194258
C005020,-0.011973101990056424
C007219,0.017648059328819257
C013452,-0.01641602732217497
C006984,0.009719539637214954
C012392,0.003939603485774399
C005410,-0.016616831453148885
C007911,-0.004868600152483697
C006048,0.002718802591037481
C004050,-0.008792898033174502
C012926,-0.0036526164023088672
C012866,0.014278146002629069
C012324,0.006203669479214521
C001219,0.0009007129036455322
C008763,0.014692222184520525
C008224,0.0015538649345652757
C013956,-0.0015434575071622998
C005301,-0.015533255155949674
C010987,-6.904929213998281e-05
C009728,-0.003117239214566277
C003428,-0.015092574055220275
C000022,0.0072737016815446354
C007222,0.0021154400831875034
C009823,-0.0021555876153455944
C011787,-0.005564205771035345
C005888,0.004379226773423343
C008428,-0.0037086939095022004
C004440,-0.0009262159996711922
C003782,-0.0037903092416649497
C004837,-0.004447220102559015
C003280,-0.01803698177479126
C013211,-0.008424364688587045
C005650,0.031240526640592875
C000679,0.01060967773929271
C006810,0.001924021178351205
C008758,-0.019344248847486332
C009240,-0.015510217255362994
C007639,-0.012456227237753659
C000481,0.0024364697918565935
C011633,0.025511119827121037
C000509,-0.0029668701660232285
C013575,-0.0013823385469657371
C003454,0.002433904910390392
C001999,-0.0009497929349914572
C002281,0.020154929315307824
C002898,-0.0012187177826011193
C008993,0.03360856338120678
C001766,0.00709359037971635
C001287,-0.02113308330448065
C008733,-0.006401135123235807
C010067,-0.012097140676517244
C012533,-0.0132469824621235
C013561,-0.0029105501175907284
C012534,0.02913389406882653
C011098,0.001298213303341495
C009534,-0.016683606693737155
C002265,0.004219794430847831
C011879,0.01760049568729068
C012546,0.016875268836490875
C008594,-0.0005110951118274279
C011661,-0.00837699874659336
C008925,0.01763763839036335
C010653,0.011245219125139797
C004521,-0.01989420216485191
C012330,-0.003045456994932332
C007275,0.031114058259310753
C006719,0.01756240616784407
C002483,-0.020539939282582884
C003615,-0.0038169462782335147
C010273,0.03423275348212221
C008433,0.015601792814188716
C002256,0.004798373962422633
C010235,-0.01670992995015285
C008783,0.012998385292023715
C012016,0.0357222446965038
C012588,0.012794926058523434
C004625,0.0012185083194238312
C003983,-0.0040570798790197276
C010181,-0.008744479395875013
C001241,0.010389105278300458
C013753,-0.017446826323235597
C006096,0.0289014537075602
C009884,-0.0013823385469657371
C005000,-0.02215786367907916
C002541,0.03237551638334096
C002304,0.005914960348676249
C006119,-0.0028850438537101394
C010926,-0.0032487334460720397
C000699,6.639478319401556e-05
C006099,-0.010082389554104586
C011431,0.00013046399932788264
C013699,0.0009277540900375196
C009709,-0.013278842549311394
C009574,-0.006900907304832185
C007012,-0.003476143705326674
C009501,0.0062153052167594775
C001041,0.006290634458635315
C003483,-0.00229900046099749
C000633,0.03417908414738342
C010845,0.008612819723992766
C009594,-0.013381005647604857
C005264,-0.01425852123909149
C005335,0.001191826590730974
C000875,0.015667237753373406
C007592,0.01132173141660578
C010044,-0.01651860462258864
C004728,-0.003457218952972187
C008392,-0.01671671817529489
C002867,-0.012085910908752556
C012128,-0.008385124918397418
C004624,-0.007547211804403646
C011651,0.006428448292312655
C002631,0.014027463412500872
C009563,0.006311678881112649
C011501,-0.015400578211192442
C010928,-0.008601967415936286
C009002,-0.003077959333507385
C012541,0.020635019539669168
C002184,0.005920167270567533
C007491,-0.0011579259755253605
C005171,0.0233467575205859
C007617,-0.00129031902514518
C003259,0.0027425691576006108
C011946,-0.010027911737066499
C001727,0.013264020672842783
C008469,-0.016679222181660888
C010792,-0.015121614023612678
C012514,-0.012320072482154547
C010045,-0.012105540444391659
C007736,-0.0032443205166146068
C003501,0.02600294841373873
C012632,-0.00481105726350956
C012464,0.0012330832486805439
C002135,0.0067644986290962585
C013201,0.0012941907699124833
C004176,0.020358445710170092
C005104,-0.005427271660541962
C001885,0.018224572925405556
C011627,-0.0031539958486504318
C003422,0.013029524091638779
C007902,0.003938048025566009
C002799,-0.012344377430817313
C005784,-0.003996978651464082
C013513,-0.019672705845080934
C004905,0.030024359057032175
C004360,0.011433596374498041
C008323,0.00028565818180648994
C000932,-0.004085268982013351
C000281,0.011825856246923604
C010580,-0.008166700739121666
C007488,0.005905277931857786
C012043,-0.002233275556006895
C010835,-0.016691389566255085
C000669,-0.018795071100552292
C006520,0.0008318876073506653
C007281,-0.0070509375083649736
C012021,0.005905277931857786
C002068,-0.002652089769643021
C001249,-0.008913091791334173
C002742,0.03389839281262956
C009154,0.011638388247747227
C012709,-0.003143465464084924
C006818,-0.01659421541297287
C003430,0.00031686913829558733
C005987,0.03557298994453366
C003114,0.0057868267129184085
C001487,-0.0018195834499862451
C008074,-0.0024602040763120107
C013684,-0.005339293938777294
C004975,-0.001414308518422976
C011332,0.015601792814188716
C011762,-0.01826304319875221
C001338,0.022144596736555805
C002194,0.037124131650954614
C001010,-0.015335594724484076
C002526,-0.01989420216485191
C000266,0.034743858401647405
C010153,-0.0023577427439053457
C007258,-0.017874695859174172
C009725,-0.007441228967608304
C000399,-0.004797140242251911
C013848,-0.02249519243402609
C004794,0.0009837518273154195
C009691,0.010518460228901084
C002783,0.026421269612660954
C013049,-0.006655620820694596
C012390,-0.019713639925231233
C011561,0.0006898724518416046
C004161,-0.01451182076027157
C002049,-0.016403614056080526
C003043,-0.01250430660237559
C006023,-0.014029488809360037
C000079,-0.004949285730588389
C009372,-0.0039059606505380635
C012932,0.004736033825123382
C004921,-0.011168243304286675
C004931,-0.005205914440605711
C011695,-0.003274608947615265
C010289,0.01025821737330763
C012641,-0.019704257915507048
C006289,0.021946492774586053
C009051,-0.017975313559880975
C006208,0.00820362134649191
C010283,-0.015450945641509988
C006130,-0.014967808086113858
C006714,-0.00912270219749537
C000335,0.005760672777913644
C006518,-0.022453736248659747
C002132,-0.0041715113806742934
C007826,0.0009533295739329748
C005634,0.017657899637481992
C013604,-0.013791626424959248
C005441,0.006138056711504583
C008832,-0.002369825876572641
C012430,0.03280211013883928
C013014,0.005541451428811836
C005030,0.0033359334289585494
C012703,-0.0003770916274435384
C007766,0.017364339530470806
C009934,0.004928749325178846
C000298,0.023993503952102986
C001456,-0.0022844533324032517
C012948,0.011702910316820714
C000929,0.004207490675057389
C003800,-0.004267556626739126
C013646,0.010261292305916738
C008845,0.003909339104146178
C013072,-0.004375480702503275
C000488,0.010487280534170583
C004845,-0.004859948209295328
C005474,0.0006092268311430139
C011976,-0.0036737551349389354
C005509,0.007435317995969472
C013847,0.01653887742425012
C011899,0.0009277540900375196
C009525,0.0004843694868089094
C008437,-0.017462451595604837
C001749,-0.005072725748047593
C006856,0.021625717596845815
C002943,0.00037515733923242426
C001618,0.010766495981977453
C009804,0.02565800392754375
C000569,0.003805126012621068
C010765,0.003434287760421084
C010842,0.015465407496743959
C010869,-0.005277145584514656
C009396,-0.008119433492453114
C005295,0.006412407069832529
C007200,0.03070157671303165
C013716,-0.008353344873803277
C003871,0.006655270432146359
C008903,0.03297603548590177
C013343,0.005604060103830285
C009027,0.0005543525385369399
C006800,0.0021089757646216103
C009773,0.012378145626680602
C002130,-0.00957987923719911
C000517,-0.0038588001424999943
C007986,-0.014881945011153048
C004362,-0.00014659013511306585
C007254,-0.002475284571867114
C001746,0.028871135974367298
C004713,-0.018765523917684726
C001768,0.0011808387188913757
C011930,-0.016404502873334312
C010887,0.017594082992324882
C001030,-0.01521526283347771
C006120,-0.0005759663561292054
C006535,-0.003973187396681486
C013607,0.00957208162311963
C006566,0.009427762773547347
C009729,0.030256190333685273
C010800,-0.0024417028878099254
C005432,0.009733370004172563
C005444,-0.012617617486296084
C007969,-0.006986305726630458
C009553,-0.006426403891835843
C007931,0.004073592914577939
C008206,-0.01758908288501089
C001640,0.035766255970746265
C008432,0.00732362326838272
C013512,-0.0019453689665016826
C000798,0.03465800577837516
C011926,-0.011352397391488026
C007176,0.042681838596848744
C013928,-0.0007238251000903559
C009520,0.007234926098085848
C008744,-0.005564205771035345
C008434,0.009394098105188901
C003007,0.03470824056213587
C006245,0.009533970000361667
C013832,0.0016604634480845322
C012972,-0.01223238454618681
C005098,0.002805422650384088
C005807,-0.006861214713012997
C006532,-0.006154851431579516
C009189,-0.002741650439671356
C008358,-0.0063182004786241
C011841,-0.009462226089049522
C004767,0.0010285036701275327
C011857,0.00691460049825641
C012544,0.007192969164704725
C004308,-0.010318246921022376
C013516,-0.006150306177276609
C001347,0.011835725717620895
C013225,-0.0002842409662712663
C002595,-0.01807480847221017
C000003,-0.020019346362029514
C007523,-0.019516844590711412
C000065,-0.018694734250869482
C002808,-0.0037390995545573944
C009404,-0.0096833564088912
C004196,-0.012360623035600572
C013055,-0.0014521391595262421
C002910,-0.0005800562352607298
C002443,0.027831453671202974
C010149,0.005147682696912586
C013797,0.028699541278250994
C009587,-0.01807480847221017
C009861,0.037823552833865126
C003597,0.01100662342019203
C000025,-0.009061851912816523
C010148,0.02743072975527915
C003990,-0.004049371416551055
C004068,-0.005094584843270645
C012309,0.01766468488815482
C012883,0.03728160399076609
C001660,0.011852179364346021
C013835,0.007348757616045882
C012486,0.00059190769174826
C002953,0.0004253251233006148
C003672,-0.015434214933883243
C006175,-0.014521114237797209
C002893,-0.015104357608137397
C003795,-0.015461800225126552
C000581,-0.012972356300221356
C008043,0.0007358148738301309
C000346,-0.01119714222173809
C002533,-0.011008086113217005
C011784,0.0018966236166167642
C012912,0.0100645041712634
C006275,0.0022054556120175454
C009131,0.012641104062420961
C005049,-0.00446838194003396
C011902,-0.010394892262289257
C013185,-0.0007453655989234732
C001088,0.017244668356923225
C011446,0.005729214342782707
C013189,0.01421140543069656
C000610,-0.010309298192891406
C009912,-0.016538951200422463
C007739,-0.002953564065674542
C008044,-0.003331275041751865
C002823,-0.012535765658414617
C003527,-0.005687212478366582
C008716,-0.003646375758444906
C013957,0.02594528948267736
C003914,-0.004918720011616298
C000078,0.010782867536282633
C009960,0.007438919491776649
C010006,0.024511485321694546
C005012,-0.0073553791237550206
C005370,0.010865467344498706
C007693,0.01207045102914428
C012423,-0.0010940975839541665
C002248,-0.00047181566675964527
C011940,0.010335040269220726
C006468,-0.002646483266142379
C003381,0.006367980752719183
C009763,-0.01647409938062768
C003878,-0.009605067693569351
C000884,0.02207839049443039
C005840,-0.00361591792194992
C004988,0.018863877685484486
C005821,-0.003171494239081944
C013747,-0.019845326605926732
C011313,-0.0059452440236699294
C007101,0.005028598680267764
C005492,-0.014029488809360037
C012902,1.3631116573762639e-06
C004495,-0.0027023081193955625
C003327,-0.006816981106669202
C008413,-0.003399810040008515
C013758,0.03072113132178977
C010380,-0.002453970664123553
C003265,0.025156007118272823
C008229,0.002414237775117175
C011985,0.011491224229398253
C002746,-0.003984869129276073
C008602,-0.0024417028878099254
C013496,-0.016465924130521902
C005341,0.03823055270273388
C007891,0.0019626270193023308
C007692,-0.015383842985341813
C003048,-0.007955617588360067
C013863,0.005386007837143196
C004947,-0.0013758791325832174
C007172,-0.0010298665176301917
C013469,-0.002003186997676363
C007924,0.010147985605737785
C001697,-0.0031131317817860034
C012278,0.002484280730875154
C009101,0.0058404450744347506
C003595,0.01745212930839022
C000107,-0.02268578341403522
C012354,-0.006191067641887489
C003211,-0.006075783547072576
C004864,0.012697278550225649
C002797,-0.02274209225276424
C011447,0.021336931517726324
C000917,0.003543249605736192
C012492,0.0357080776456799
C007679,0.0030531706675218807
C004967,0.0181716595418938
C008803,-0.004983674271061667
C007195,0.009797557248051078
C013010,-0.003927661356425804
C007682,0.0037619050781306893
C000552,-0.007279578888784779
C012880,-0.010605200296082893
C006475,-0.003084534802031384
C000043,0.017364339530470806
C001809,0.010784088536524971
C007115,0.003923483173256108
C010898,0.007057872663189142
C008792,0.00422007265748371
C006576,0.009132948914775956
C000478,0.007724021957470678
C001688,-0.004032002501564172
C008598,-0.010967279243941318
C004236,0.026415453600303694
C011420,-0.0032384964692787053
C011540,-0.013099448319551432
C001942,-0.0010990236925937822
C010818,0.03728161215939577
C010663,-0.003438314956348918
C011516,-0.011950903962671067
C004263,-0.0022888689288772454
C009969,0.007617746038090031
C005420,-0.00011874848739858996
C007828,0.02992485519499575
C003420,0.036909654180847046
C004531,0.01285998629431479
C013175,-0.009061851912816523
C002444,-0.017178145015793594
C000222,-0.009471094151710888
C006990,0.011976802487331031
C004002,-0.00957987923719911
C005596,-0.004484427686103896
C009643,-0.019267837799644687
C003718,-0.0029737958470042436
C011217,-0.007395820806331627
C012710,0.009493013503485062
C005867,-0.029759826091206382
C009406,0.03188427705521438
C004210,-0.015440922822810222
C010627,-0.01467130720648583
C003368,0.0004946450296100857
C013231,-0.01531647613423907
C009672,-0.003079267323783694
C002288,0.0004778878959800975
C007263,0.018815644106645595
C013291,0.007425951323484129
C006101,-0.01686333789135161
C000775,-0.002004133894238051
C010900,-0.010991571976025741
C012662,-0.017000477603978627
C002484,-0.01732732010248351
C003340,-0.003909489046011855
C000483,0.007192969164704725
C007205,-0.0090127003879323
C001609,-0.02262410815225644
C006616,0.0009059042199054268
C007675,-0.015168562352306238
C006167,0.0071674973484185615
C003410,-0.008537791387310553
C003451,0.00037392411804409314
C001903,-0.017662570139403595
C011960,0.03150847340267247
C009749,0.0003650119488090042
C000194,0.00022175695027809323
C008750,0.03186041373394756
C009810,0.009615632999821704
C008937,0.008924291193650274
C004475,-0.0022844533324032517
C011128,-0.014851373323741281
C013141,-0.00678506588576749
C007291,0.0011830183623213635
C005146,0.0014439596870913266
C006894,-0.011715410085337705
C009386,-0.022551839474230555
C002307,-0.012793487227302653
C007498,-0.0024972837264014575
C003082,-0.012919383458101716
C011318,-0.0036797191487359074
C011354,-0.019381788827851087
C003704,0.01048724048604406
C012589,-0.0034441242087497113
C004416,0.0031549354944181997
C006233,-0.01712545556939839
C000040,0.005786957628167111
C006074,-0.005794446280316022
C006751,-0.003746540836740277
C008310,0.006358484464012101
C011129,0.001187731116213972
C004546,0.007090902314144649
C002379,-0.012137967462106887
C007041,0.008279338484498763
C000546,0.004226996462122874
C008657,0.026157580311785042
C009285,0.0033435508392343372
C000006,0.02577570977976151
C009863,0.011827814398889077
C004814,-0.00504994581702987
C012675,-0.00019032543900180768
C011292,-0.0003827932847865095
C008444,0.008572468536834021
C013144,0.022317934392993812
C007455,-0.019996962607776225
C011037,-0.002681829436351235
C003835,0.007328321165144239
C006196,-0.01677866252211233
C000291,-0.017466832556560417
C005307,-0.009157596846543797
C009157,-0.0009362499277454905
C007055,0.027745015144186484
C008375,-0.01565081181130859
C001432,-0.017417400620680635
C002491,-0.0034749639532441565
C000695,0.03604749927467199
C012442,0.004706200126383692
C005648,0.020533530922615763
C005257,0.025537148031436138
C011878,3.62488743165269e-05
C011708,-0.011667984123225983
C013329,-0.0038548646019231046
C008801,0.0021083449794278924
C001907,0.0027619219597282666
C000131,0.01230463333339462
C013729,-0.006333161104228508
C007122,-0.00359793331602357
C010216,-0.008486542034035288
C010823,0.007942229252415247
C007572,-0.01261157533048196
C004855,-0.0057876060156321855
C006513,-0.018167973604753557
C010985,0.0005589751977460476
C011225,-0.014208904225485562
C010843,0.005110000937000403
C010556,-0.006435193655330138
C010108,0.026424913209882394
C013241,-0.0016622346209751726
C006263,-0.014452158148432447
C005521,-0.006845663079471666
C000999,0.002571059605560999
C005102,0.004077743818950304
C008187,0.008194061612005107
C009832,0.0038841306512242173
C000912,0.035089128952080634
C011571,-0.0033917650737978196
C007820,-0.012269697111539937
C012241,-0.01613557546724336
C010204,-0.014184607668724878
C002684,0.006565053856535165
C005022,0.03279553858065264
C001879,-0.006514613347949466
C005439,-0.003391968026162789
C006791,-0.0015374053515876162
C006942,-0.00998641438988064
C006795,-0.016469211054040218
C011323,-0.015335594724484076
C010448,-0.0016739187744781367
C003084,0.011885196871729502
C009054,-0.01653982545975799
C005691,-0.003821597688595118
C001168,0.02028153855830418
C011140,-0.01747136044929317
C003781,0.014457186457244996
C012927,0.0030470237919904388
C003719,-0.004913184323567929
C012087,0.017996314356644415
C011970,-0.009465673445799976
C010954,-0.0014723576533654413
C009482,0.005486520903046714
C000734,-0.01981690228493699
C007669,-0.02001414079381867
C002102,-0.009534259977512125
C012626,-0.013328551480577383
C003864,-0.0008118789579600698
C013817,-0.0007580098959219183
C001124,0.010689390616568397
C005981,0.03649457777032012
C007867,0.01728267380386305
C010281,0.017160926280758954
C001401,0.03167507436587542
C001765,-0.014950739900287741
C006533,0.025526621375146472
C004214,-0.018171952584881343
C012217,0.004321229772283757
C005805,-0.00288626111954075
C002619,-0.003879181423783987
C009438,0.00966328793951201
C009466,0.0011322952520614687
C002956,-0.0009565315009270626
C013724,-0.0037304443689101735
C013382,-0.00408422225094869
C000049,-0.005055488050403681
C005518,-0.020135814623986836
C007778,-0.012614075709375007
C005839,0.03490663150905263
C008000,0.0013612439836021813
C010491,0.021336760797799854
C006423,-0.0009769775974082426
C009115,-0.0038136111914443983
C008302,-0.003270098209900454
C006510,0.018789962500137446
C013464,0.0048358066544937454
C013823,-0.009752133094193795
C012672,-0.014907098741584943
C012671,-0.004786756796196952
C008179,0.0007461780324559755
C003923,0.01098999132246688
C004384,-0.009967674733063606
C006214,-0.006638714033973842
C011564,0.016785481255724252
C002345,-0.022361954676021673
C012805,0.010208912536655507
C004274,-0.01818872908156195
C011167,-0.004215771579219923
C004452,0.024280617206180733
C012952,-0.01542728449332246
C010320,0.030204283428091692
C011721,0.011817628261560527
C003371,-0.002039391383922678
C005017,0.01267863674722671
C013551,0.0026578485910781916
C004808,0.0035808303954777895
C011089,-0.00027606338491787855
C005018,0.024632814121192382
C007921,-0.008885594092151245
C000730,-0.0035314960469458156
C009562,-0.013622077172056515
C004439,-0.015049302004499922
C012078,-0.007614976331604137
C002209,-0.003210165231678967
C006055,0.012706586334319623
C011362,-0.010834802504652644
C011783,-0.019987778379263972
C000237,-0.02008413075647806
C000972,-0.01904446761582558
C002253,0.0006898724518416046
C000390,0.007310074037706423
C010742,0.03360037116954629
C003290,0.010422422677518129
C001231,-0.008517506316750781
C003209,-0.0005759663561292054
C011814,-0.0027290457852810848
C007955,0.035611709329527896
C008921,0.007225010216114819
C002380,0.0007950471050311848
C001358,0.01196615220950287
C012318,0.0010055284587907522
C011150,-0.0034639712556329546
C004004,-0.0032130754669101513
C003958,-0.00021135731404056034
C011909,0.023717532231144037
C005506,0.03754831013637675
C004376,0.009283374075674866
C010573,-0.008462093623617845
C006416,-0.011128156472643584
C011558,0.018239809027490745
C011881,-0.019438397584770287
C011747,0.024600470443742414
C002734,-0.00688509704712954
C004773,0.006733444728359467
C004589,0.00040319268916141405
C007324,-0.0020918004206270796
C005777,0.01408019200317576
C002450,-0.003171543195944332
C006062,0.01171327637865647
C002051,0.01603525176495217
C001178,0.027500893215512835
C011181,0.004379226773423343
C003355,0.02407258839839335
C001130,-0.006555595401671777
C005009,0.024552301020125445
C007484,0.012849493458413956
C001335,0.012866675146472951
C007269,-0.00239254646919131
C000377,-0.003297684411454023
C001090,-0.004097913242684271
C011294,0.006181030642603662
C012961,0.0002580893386456204
C005312,-0.007590231011738037
C007619,-0.0028606821597232553
C001357,-0.019721451442354765
C004571,-0.01080202483584503
C006679,0.01432836333544053
C013593,0.0005800582568483994
C011159,0.03569008532256662
C009276,0.0008500388058925991
C002007,0.01253894856972143
C001050,-0.0011461306956909772
C000318,-0.006900907304832185
C006238,-0.00752680568877783
C006339,-0.004983674271061667
C004119,0.03621055388542786
C003757,-0.022577760518193626
C013517,-0.009663461651176037
C005329,-0.014996474337527706
C013818,-0.018933913402328882
C007346,0.010476392287090984
C004747,-0.007547211804403646
C011419,0.0015470659796891582
C000135,0.003602155911038638
C001717,0.0025817291572115407
C004725,-0.008653506141721185
C002659,-0.0036211445971128524
C013034,-0.0029524951115395617
C012745,0.03587724949549887
C007726,0.007112352570998219
C001923,0.029698150909870397
C004092,0.0056706617427143054
C009879,0.017344970706661317
C005288,-0.003244357864716491
C012886,0.007778500819234077
C005766,0.03156031524187407
C001232,-0.007214291199233911
C010897,-0.0031321348010988413
C012377,-0.0025715752587272323
C013881,-0.00376987610726461
C001288,-0.0022734882883770203
C000927,0.013727906294068469
C006801,0.0010801465193165884
C006262,0.006473589114152177
C011531,0.02291027796521658
C010295,-0.011410094722556427
C002604,0.0009894688835204095
C000867,0.014987810685412783
C008189,-0.017866495433827685
C000014,0.002433904910390392
C003840,0.012193383906147897
C000035,-0.006381130220021641
C010091,-0.01651860462258864
C008440,-0.01658329162222883
C003543,0.040169136204235366
C001832,-0.00309111153880856
C001926,0.03662831589580762
C006195,-0.003641859307413461
C000405,0.002877345056866743
C012279,-0.0031956519687146826
C005758,0.004545740371692573
C001835,-0.002002605156629272
C012520,-0.005230436052286672
C000700,0.006065316471129808
C005002,-0.014181776354705479
C011427,0.005148036186119281
C001324,0.021854984861795934
C007034,-0.009159909494410296
C003537,0.017641480700230326
C012075,0.0031549354944181997
C004979,-0.012929916406502961
C005487,0.016202724547793635
C001064,0.009069910523777383
C013047,-0.009752133094193795
C006749,-0.015087280708721774
C001004,-0.007799146989473305
C001964,-0.0032679268561566326
C009050,0.024827130072010213
C003320,-0.003960686910365627
C010867,0.031747913180708576
C004896,0.010160237926567294
C009778,0.012689171149605263
C010562,-0.01514961590520011
C009583,-0.017285765554515574
C007505,0.001228379881820132
C003234,0.0356803373692595
C006071,-0.008191004009129184
C007267,0.009214185219651108
C000315,0.009214185219651108
C006922,0.013327051832029774
C006552,-0.003684739142891221
C004338,-0.016407935978272253
C011488,0.011491224229398253
C008785,0.006736393011628682
C007021,-0.0049422283208646655
C003737,0.015416349090935765
C006804,0.025442446626068996
C013506,0.008853354008174316
C001154,0.0036960635716694126
C006667,0.005358142266570614
C012443,0.02157003694345811
C011502,-0.003339861769495049
C006095,0.015862429446223382
C001725,0.0014347291894547167
C013739,0.0010055284587907522
C006308,-0.016750373566866095
C002841,-0.011538196528162459
C010837,0.03002155017643035
C009707,-0.022006859439985003
C007224,-8.053702137675406e-05
C003613,0.034732478457850484
C013296,0.02427226717665168
C000113,0.00032657395537533465
C005168,0.021105377859507123
C012650,-0.003955399165491193
C008439,0.03686887532222658
C004222,-0.0021964601572943706
C003450,0.011689733216933437
C006224,0.013065732333191388
C000794,-0.01312526167974979
C004743,-0.006050944873150875
C011206,-0.0034092664317476318
C001166,-0.003052305785026306
C009595,0.015567651078802138
C007576,-0.019704257915507048
C006633,-0.019599211135652966
C011287,-0.006299663080415617
C013404,-0.0031232278591281377
C013790,0.029329261655617146
C001466,-0.014756841156465294
C012955,0.011637075865505345
C000016,-0.00404857365897113
C007920,-0.016788184504178946
C007540,0.010658249473742502
C008161,0.03028893943271996
C006065,0.005141923573490464
C005575,-0.008688496184447449
C013482,0.0009889691739917144
C009565,-0.0035301911678487004
C011768,-0.004471850044917386
C004380,-0.005398072914623438
C003850,-0.004763029061051915
C012286,0.0027119665447008037
C005014,-0.0029673340297209872
C005231,-0.014122743472405639
C012191,-0.00237271784125633
C011908,-0.004985293008896536
C007051,0.009315523603781947
C008988,0.0011754609906643749
C003070,0.02746451305350721
C002668,-0.0021847866134795876
C008145,0.0263895604134271
C011951,-0.012672491446219396
C010374,-0.0020067106687252784
C003021,0.029564960450355823
C001583,0.0002720694432564658
C004507,-0.00880946160251074
C001317,0.003972797676149345
C002654,0.012844030942304884
C000707,-0.004642308815704115
C009601,0.03365659129791963
C013004,0.0021142413636211013
C013871,0.020942385249416193
C012451,-0.006628721740188374
C008063,-0.001571878035032261
C009437,0.030256190333685273
C007493,-0.006404921392989346
C001408,0.0019243405118572247
C004181,-0.0032244437943467915
C004379,0.004343897869901662
C010524,0.004821971225617444
C000150,-0.0007580098959219183
C001804,-0.003280702987608939
C001224,7.508344780880356e-05
C004081,-0.005102857583679758
C013124,-0.0022946353511526874
C010529,-0.011845633640066971
C000743,-0.008086277607526856
C010737,0.029824587138390462
C012556,0.008958898039839193
C007213,0.00805545309539099
C008896,-0.007291692417870664
C000192,0.0160870430788942
C001612,-0.006074617473572326
C011684,-0.0038196922267091917
C000490,-0.012108094346018325
C000839,0.0181716595418938
C007908,0.0013740537279093566
C001773,0.004033024858243589
C008102,-0.022361954676021673
C003159,0.026803094740062004
C008795,-0.00847580787993366
C012679,-0.003220458733092698
C001740,-0.0008259743525704756
C008314,-0.003799403807217734
C007844,-0.002659615162778785
C004783,-0.0031675825586496382
C001203,0.02629956977772331
C003534,-0.0145847290615786
C004200,-0.0023704284948523487
C011518,0.009185458383933125
C005632,-0.0020729082225959873
C006378,-0.005956819339250024
C003834,0.009986971918300117
C002217,-0.002246392324845913
C009111,0.003346965761247382
C013581,-0.006075783547072576
C004836,0.00804218725142683
C007325,-0.01413718727582702
C000913,-0.008744479395875013
C012209,7.508344780880356e-05
C001806,0.02565800392754375
C012753,-0.002989554887665143
C008764,0.011207978748008815
C005580,0.00018202742638596362
C004849,-0.0003028033189728217
C009702,-0.001467854811992386
C007026,-0.008011352460294816
C010310,-0.009600151718642707
C011709,-0.003062611500546233
C006907,-0.009033766555095373
C008324,-0.009551774069878106
C013235,-0.02986428305900549
C007816,-0.019220889965386775
C010634,0.008294785127540574
C000190,-0.015402655825054255
C009336,-0.01971218058076472
C004246,0.0090704425736614
C006641,0.001669311067202469
C009170,-0.0020382416698452284
C001782,-0.0037753493632196712
C002776,0.0036657043421858076
C006219,-0.0022181050262447205
C009975,0.025389015983923912
C013662,-0.0026870340714029964
C000758,-0.003173975333188807
C007559,-0.00975005237149455
C008684,0.0004770906199484524
C001905,0.007080768917908553
C005740,-0.009118603231422157
C013112,0.0029970863046395965
C000364,-0.013668955316125848
C007344,-0.013546314457317271
C000372,-0.013622892733915152
C011760,-0.004309647530897492
C003208,0.010391388081879267
C012171,-0.01633083142878862
C001680,-0.0035504743313364683
C001841,0.040385211676705
C000709,-0.0030796135519444642
C007261,-0.0064062446428456475
C006329,0.005766850045690551
C009813,0.013066729092129057
C001428,-0.009663461651176037
C000055,0.006265815585848183
C012788,-0.00755114595691128
C003190,-0.006162752248487472
C001955,0.009813609883320019
C012112,-0.02113308330448065
C001349,-0.0023019127147821073
C000195,0.0027002393088643743
C003144,-0.007344213504665564
C009412,-0.0029921435199450766
C000694,0.009872057879467974
C006465,-0.016472930402148724
C005135,-0.016458999185289556
C012504,0.0010067030678814512
C010632,-0.0015774705563397443
C002597,0.0031649178063076744
C012362,0.0011077223166285344
C006374,0.012845441912360818
C008619,-0.01640952389281338
C003215,0.0025257328864582303
C002492,0.0035808303954777895
C003686,0.0013127814941899657
C012082,0.012641104062420961
C013874,-0.002760990229200754
C002810,0.02015570728193433
C008036,0.02701739133226482
C012996,-0.01731074730769403
C009943,-0.016423192297442483
C006621,-0.018334722330194647
C005127,0.009131467708402091
C003326,0.013210057339965909
C009817,0.02943634002357979
C000723,0.026354374432529068
C000009,-0.004332988464870254
C009867,-0.003011619937645602
C003955,-0.021877137665453503
C004647,0.019319750781157725
C004441,-0.011309548180302
C008599,0.010995369034682288
C007731,-0.0019646190957747405
C013722,0.030896663015947
C004332,-0.0037259424085538066
C008205,-0.0014356876294858373
C006575,-0.0069648497330342205
C010912,-0.004386638814525471
C002991,0.01867017195234707
C007039,-0.007270798290783868
C011786,0.025838056451694374
C008992,0.019538999281383508
C006063,0.0007324941845441048
C011235,-0.005186670751138471
C009148,0.025752159146126857
C003107,0.002571059605560999
C011289,-0.0046426029699649035
C005573,-0.006853507095135166
C010277,-0.0031385779404279604
C012129,0.003245872034747833
C001972,-0.011411298654951408
C006218,-0.013553148666055215
C007226,0.034019388818462615
C006819,-0.013195281209984366
C010739,0.00029928789707332537
C008909,-0.002766798707637149
C000889,0.017606026418651496
C006517,-0.0041839189457657435
C010539,-0.019911115652337122
C010058,0.020588580272320665
C001797,-0.017957590689393087
C007485,-0.013249001179395797
C001160,0.0071674973484185615
C003693,-0.00639995107452824
C010893,-0.014620952174057698
C008119,0.0067867060277316295
C002524,-0.01626714900400077
C002496,-0.0030997617568350525
C012980,0.021244801400671788
C004395,0.037355419365195625
C002843,0.02162076157235748
C013845,-0.0011501902468000942
C013376,0.03662831589580762
C004448,-0.003399810040008515
C009657,-0.006147524245453886
C011342,-0.0010567813685720211
C013771,0.03308443670099678
C005849,-0.003999492589727426
C008172,-0.0016765590533192967
C007477,-0.02243179225298029
C013340,-0.017951571516212482
C012779,-2.139483234024804e-05
C004285,-0.002900303487824127
C003898,-0.0016507106408295599
C003363,0.02444541549506652
C012831,-0.012423498534031636
C006814,0.0015541744927314674
C000259,0.03455435588065056
C011833,-0.0038172769887883755
C009858,-0.01259417320112553
C008775,-0.0034351231772107756
C005121,-0.006505150220143172
C008183,-0.014607809686821804
C003011,-0.009082272249850603
C011900,0.026328792783356002
C003437,-0.016712886526589678
C000042,-0.00394727966536536
C006366,-0.0022227427873585948
C003808,0.004539996297297703
C004098,0.010425106633619945
C011974,-0.0031052969318973813
C005222,-0.00508400793044135
C006113,-0.0029921435199450766
C003385,-0.00042656394797322615
C010435,-0.00752680568877783
C009018,0.016694586899258797
C000002,-0.01319759485549626
C001212,-0.010341228983972677
C013597,-0.016788184504178946
C008123,0.006430148013361687
C003743,-0.013042238749375407
C007740,0.014799855328920098
C010355,-0.0045092903044294565
C009041,-0.0007440018862283045
C004720,-0.0036139646470663804
C004279,0.006193469128140974
C011062,0.0018452833311028319
C006244,-0.00288626111954075
C003946,-0.019254548720388738
C006606,-0.008530296282743531
C007338,-0.018762601726869978
C004757,0.0006547765191700124
C009968,-0.007298119503637833
C005895,0.0026763743851695473
C013297,-0.0004443987889191667
C000648,-0.011973101990056424
C009074,0.018197801476698812
C013748,-0.0032987639346599043
C013447,0.012478914082226131
C006691,0.026093835564550045
C013796,0.03476716738592902
C003778,0.033182437353635796
C000423,0.03281661242403063
C006461,0.002930875698284689
C001185,-0.020021000649959257
C007100,0.027818082357355223
C008813,-0.0032037121349077972
C011112,0.022268778354421294
C013120,-0.01102928516573229
C001186,0.001005042039606992
C005169,-0.002771730271674189
C003804,0.017258194189493387
C005503,-0.01565041302102345
C005862,0.0038715813125035003
C009538,-0.020021000649959257
C009448,-0.0038409307389561625
C006032,-0.01481791561118142
C003885,0.010361224714802632
C004432,0.014524972359369516
C000871,-0.022125858415640357
C002039,-0.0038996274354279985
C006365,0.011592753309197224
C004911,-0.00408422225094869
C006672,-0.0023826603507677516
C011536,0.005576605937613882
C004981,-0.00233089328838388
C010651,0.02993661199081023
C007956,0.017648293829760648
C012297,-0.007021169296828578
C002327,0.022364672560661568
C000169,0.028378726634894533
C013067,0.005456482642818269
C008812,-0.0055439766261779775
C009640,-0.007793394677166086
C009431,-0.005311554666418047
C007879,-0.019408672506126833
C006639,-0.01597242474624802
C003038,-0.003671470334119704
C012698,0.0062256514667286735
C002262,-0.005133745805986387
C012610,0.02272406493108126
C003901,0.020290558303713964
C006359,-0.01543653219010853
C002588,-0.01571428173552648
C001396,0.018266309451935137
C001571,-0.01747136044929317
C001528,0.01685682204832542
C008352,0.004856923165814344
C007829,0.013569332514644782
C003679,0.0005694516030762869
C006342,-0.003059200984170318
C009495,-0.0005043083245341247
C012283,0.028712241829996845
C008746,-0.004345748294500323
C000612,0.010503528253548179
C001756,0.017662986983248502
C007898,-0.0034485316285581026
C003359,0.01566989928051813
C008531,-0.016539542060218022
C000923,0.011124493344683324
C010029,0.0020099501044271726
C012083,-0.002010173863034741
C002411,-0.004049558719283015
C006615,0.0018018460313391042
C007948,-0.0037050269104996927
C000051,-0.011279508832195057
C003442,0.004267012526267127
C006704,0.025008275652102507
C003005,0.004867349127622617
C006863,-0.02120909364192668
C013289,0.0037373530133840154
C007901,0.015955825280752612
C001519,-0.01043800987484226
C012314,0.01368082229373563
C009127,-0.019181984516645136
C007385,-0.012686411465724443
C011388,0.008305279898923525
C004422,-0.021417590161278775
C001787,-0.007449932821378463
C010084,0.002805422650384088
C003517,0.030992763050133505
C013440,-0.004758356670256767
C008393,-0.0037217335980603465
C013969,0.000417532446442667
C005538,0.014154863966359243
C003609,-0.003310776102280243
C004520,0.013239678521837802
C013806,-0.02269518697339768
C004012,-0.010606443136402053
C000942,-0.0035317033385088513
C010331,-0.02957361658846789
C006306,0.03012865589414076
C009727,-0.015789424841599314
C006933,-0.010534858760164488
C011058,0.012480249798867072
C002676,-0.015359556807237808
C007300,0.025629221044195134
C000243,-0.008082988558860447
C004218,-0.0032661112252646844
C007574,-0.018192119680370038
C000795,0.02284834551046761
C010230,-0.0008135437398672389
C011851,0.0036269034145795308
C005477,-0.004788277249021423
C003232,-0.0009091217643751046
C006505,0.008890550509536554
C010394,0.009099066320539348
C009896,-0.006569512014696348
C011546,-0.0040717153282992
C000520,-0.0014576341291169614
C003095,0.00948443261327602
C005303,-0.0050083807076016515
C009527,0.02272406493108126
C012322,0.008924291193650274
C006780,-0.00038394261851028115
C006628,0.025755144609224914
C011524,0.004982823773768511
C004287,-0.002080593381550613
C008641,0.03903398885120279
C012422,0.033735353821049766
C010463,0.010503528253548179
C006803,0.0036269034145795308
C006902,-0.015185350354423307
C006381,0.003788773240962569
C013974,-0.011043401894559777
C008829,-0.0036788402657188554
C005131,0.016894527682513552
C010018,0.03320323790642597
C006586,-0.011264604789419064
C011437,-0.006036873862234962
C012211,-0.016722515189760558
C007636,0.02776130351596268
C012199,-0.016425196209291504
C000143,0.02618703447050363
C006994,0.0075169231540608145
C010100,0.009497835359051573
C008954,-0.011402782056431252
C009504,0.02585767663946191
C013644,-0.014521114237797209
C000790,-0.0062346201838757625
C008382,0.031076231658621185
C012271,0.0035141095971198007
C013860,0.005693205653887844
C009342,-0.0032367443691245328
C002436,-0.016438239716866147
C007250,0.017629344285484547
C010834,0.02431295547277332
C013641,-0.0020319836101884195
C012496,-0.0009556758365575308
C003388,0.034138432048655375
C009465,0.017715268265454515
C005059,0.015546638478537645
C011149,-0.002129190984879777
C009909,-0.007139957902620701
C010682,0.03031607961126252
C000948,0.020248455718684284
C013127,-0.01652496536446705
C003848,-0.0016074627370790337
C004592,0.009425992470901456
C006354,0.005252353526925353
C010914,0.004063608114234513
C010495,0.013555465164769093
C012510,0.011112202862067854
C006909,-0.016681809884888724
C000082,0.002718757505031321
C004265,0.005743933798661184
C000041,-0.009419859984049428
C013457,-0.014612858764333546
C012917,0.026369333517704836
C008299,-0.005897175060236785
C011370,0.011433596374498041
C001643,-0.015984246262581176
C013090,-0.00681166343055252
C013041,0.00173333094673506
C008328,0.0003325106504702258
C006799,0.0005388072318900566
C002403,0.012644460205200917
C011466,-0.001288295936643632
C003654,-0.0005688066336585476
C005913,-0.015225340511487273
C013676,0.004341045040636587
C005940,-0.0006125785031585625
C000980,0.040960802299264354
C005559,0.02762189644113624
C004612,0.01197588355268595
C000591,-0.002002055292247898
C002916,-0.006891745071891231
C001045,0.0070622167183962995
C006660,0.001991193093442386
C013950,-0.0037212762834118607
C009003,0.009397881710124312
C003392,-0.02249519243402609
C008374,0.007356505005377942
C012677,0.0030904710989249056
C000701,-0.00485189949595372
C007522,-0.018855940362888624
C007713,0.023876056520431937
C007377,-0.019460922013311933
C006371,-0.007837672198755148
C003027,-0.013708422583470874
C009890,0.023877547532319868
C002367,-0.009503757899520694
C010064,0.006989189195136562
C003353,-0.01363573733282542
C005925,0.035058474279922626
C013461,0.009986971918300117
C013365,0.00032304387418742684
C004113,-0.016467179282314736
C006186,0.013947456072463492
C012870,0.013600525827879396
C009888,-0.002951276298856547
C000776,-0.012033502367066297
C013536,-0.0009723572920764239
C006293,-0.0053474342861773005
C013856,0.025665161582868794
C007293,-0.00443764556430993
C008097,-0.0031645957889713285
C002408,-0.006516678407924012
C010501,-0.002497262560743043
C004270,0.00012497326439418212
C013911,0.00024015161290943298
C004406,-0.016977236184784642
C004390,0.029604562349383513
C001536,0.0009202151480597683
C005416,0.013494956851075563
C009379,-0.006999073077134444
C002641,0.026010865686057198
C000997,-0.01602944066012875
C004658,-0.0032783593578867547
C003571,-0.0019102140445599308
C001843,0.014394319396014595
C013420,-0.002151730774355258
C010069,-0.009503757899520694
C011995,-0.0018879867019795699
C009337,-0.0028389483231265732
C010443,0.00919950983326867
C002600,-0.005398072914623438
C007225,-0.015461872232414435
C008816,-0.009598227243632311
C001299,-0.019141477992479318
C001416,0.004861844671429876
C012308,0.03590162990274123
C010196,-0.007972122315345442
C003611,-0.014926865120459881
C002562,0.005340196178982853
C003924,-0.01675709690875727
C010967,-0.016789045273123377
C000649,-0.0011488083582779228
C011920,0.0032684807062183367
C013478,-0.0017491184063458116
C011434,-0.0021485550445478527
C002059,-6.060924516179065e-05
C002434,0.012484004471190567
C004770,-0.015112338401044255
C009769,-0.005541714586609155
C009208,0.024281943466021326
C007622,0.010484496430752738
C001096,0.03005110591020871
C009058,0.019228679212976166
C003785,0.01767581395300233
C011772,0.007712130301837681
C008272,-0.0010046382059381632
C000456,-0.0024250092735482
C002259,-0.015284782522424458
C003889,0.007035914719909505
C003570,-0.015133025458329896
C010077,-0.007992897713156607
C004388,0.002334838111253891
C009666,-0.022669502317974398
C012168,0.03215144539344196
C004856,-0.012500072914725954
C013677,0.01518432559529495
C007119,0.007367206516131488
C000823,0.008841899627247091
C002510,-0.0002842409662712663
C000429,-0.011900862270969377
C009518,-0.0076788810537890394
C004913,0.008890550509536554
C007316,-0.01991487703319919
C011432,-0.008383018736551128
C001306,-0.011334888299689988
C013578,-0.002984358953538165
C011853,-0.019719548559866074
C002976,-0.005782569384170701
C007402,-0.017294890969528267
C013114,0.01088306409327388
C006584,-0.016425196209291504
C004427,-0.007880440611999856
C001602,-0.021238163936672973
C002064,0.005369326388525379
C007444,-0.003364557485752346
C003346,-0.0021004587327094716
C004327,-0.02270786235577135
C010941,0.013104275192762187
C002104,-0.010831771924504621
C003832,-0.0028153587634922885
C006296,0.0017937717930537255
C006851,0.007006241006853038
C003097,-0.011882982564320407
C008545,-0.005871223434809633
C003102,-0.0069234835765184695
C001369,-0.004000291111014289
C007433,0.023283420264237943
C011754,-0.0030752132166711812
C013292,0.016110920156861632
C011147,-0.0018948101020722153
C007919,-0.008957064303304427
C006038,-0.012938424839328867
C012133,-0.011968056920573011
C004124,0.026074082751783384
C010540,-0.00010964180609012944
C000548,0.004592068342477203
C009887,0.03509020088964151
C009936,-0.0033724894676339157
C004339,-0.00586109778010063
C013727,0.02340364584811284
C011209,-0.0040498261379924875
C013589,-0.016807917759159643
C000144,-0.010978920440777648
C002352,-0.015146293157664425
C010846,-0.017828573825187218
C013079,0.00019935839470527046
C003032,0.010553484909885402
C007098,0.008421375413918483
C011544,-0.006417660088757483
C013250,-0.010484756420863465
C004233,-0.0006469270890870921
C013142,0.01014689366997889
C005342,0.010620083122396427
C006190,-0.015548364584618963
C002199,0.01759695405468468
C007467,-0.0009838024106890466
C001031,0.005284282836522736
C002048,-0.004348665713822023
C010775,0.0018744300772211557
C000019,-0.010441113961968257
C005669,0.013268391689863178
C001356,0.0031732361271476555
C012337,0.021773993254347486
C005148,-0.018787966770255314
C003324,-0.0023704284948523487
C008099,0.029882035753766786
C004582,-0.012280675087783988
C005557,-0.00767600124720577
C008083,-0.005432284132159917
C010735,-0.0024856446494051355
C003944,-0.004699241510077037
C001686,0.004928749325178846
C011430,0.00912162759950578
C009878,-0.014047917861734387
C000209,0.03277878227974673
C001939,-0.003078620601239422
C011842,-0.006803996473812653
C002468,-0.019522755642432228
C012963,-0.007184071826143267
C006261,0.017738757816391126
C011569,0.0035470007851513843
C002394,-0.0061930716608537585
C010158,-0.007309530828800261
C008016,-0.0011759253822021883
C001713,-0.00350293597234026
C011450,0.010461909422524628
C005070,0.0009621836317025322
C013755,-0.015945722187827152
C007683,-0.005578482433397387
C007822,-0.016661629627170126
C003771,0.027209329013218226
C008683,-0.01531647613423907
C007654,-0.01604623365986229
C000386,-0.008014650758069711
C004261,-0.007031525837386369
C013534,0.00357853168785851
C001134,-0.010583190792880327
C006403,0.010063007127391888
C003498,-0.0018988330293565302
C004116,-0.0031549262092374535
C003869,-0.004692304830483492
C006762,-0.0020577030724481292
C008316,-0.0142595556499941
C001129,-0.02119223744594588
C004899,-0.004095875164433065
C000888,0.026803094740062004
C005156,0.014787882148144981
C012131,-0.014426399320693048
C001603,-0.020841400269451103
C009883,0.01096809099889617
C001485,0.017344970706661317
C011973,0.012832677823066699
C007457,-0.005006616449022178
C007547,0.012316241036470216
C007042,0.032729341937843937
C007085,0.008504741076484038
C013097,0.011757091886333693
C006067,-0.017553170642131924
C003671,0.003284229913044965
C009797,-0.01678449133743037
C004591,0.016750432852185117
C005113,0.0070064346428821474
C008152,-0.00752680568877783
C003896,0.02798760847639969
C013037,-0.003016048651516998
C001604,-0.004057328904252619
C012357,-0.0002795947443616068
C008467,-0.008725672777646598
C006956,-0.012433458142055574
C008270,0.026197147208914695
C004962,0.0038813927020116237
C013620,-0.0005110951118274279
C011214,0.0003699530225262817
C002152,0.0027051756013108676
C010706,0.0045466756569746
C002359,0.00043576731050336227
C011799,0.019359725126243482
C005196,0.0009432260394982644
C007602,-0.014721698575181363
C001251,-0.015336288012387653
C005120,0.025393576976447053
C008647,-0.0032132921364482732
C009008,0.005496449132270948
C000850,0.0007623026256329766
C007434,0.03168967587038423
C000061,0.02975748831196084
C006512,0.006432351912993364
C005251,0.0001732663298702908
C005023,-0.004786756796196952
C003890,-0.01319659227876015
C003203,-0.0031074054782211256
C010751,0.024831918691463176
C001227,0.019553412161634903
C009713,-0.015133025458329896
C004663,0.033992560329820024
C004304,-0.0018479869229633223
C003376,-0.017660328021156642
C002037,0.005364402354014811
C005193,-0.002311211763581278
C001153,0.015040778021936041
C007476,0.004362688376333149
C001469,-0.013615653240724846
C003788,-0.004918720011616298
C004518,0.002216559986238639
C007490,0.011604741328436884
C013720,0.0038990086821410522
C002383,0.0016732847728723112
C000638,-0.01654801415928529
C004992,-0.0008491140547231084
C010963,0.022821695789752718
C013481,-0.00031639880960342116
C005013,0.02632985167655385
C003702,-0.0011579259755253605
C011008,0.030620963522931977
C013261,-0.0031763922509664287
C010057,-0.015252854213890256
C008562,0.010699935355599792
C003447,-0.012433458142055574
C003969,0.0004679792619829067
C001389,-0.01856164300062492
C008534,-0.01102928516573229
C011257,0.02625189268023726
C006064,-0.016436142129815978
C008231,0.04283772737017634
C011203,-0.004021643759086886
C011280,0.0014434440210664597
C000995,-0.01748035907844559
C012893,0.006855670195833342
C000158,0.015258324251708161
C003877,0.0010011060176729908
C008214,0.0006849078954649847
C009021,0.0010283711656565268
C010583,-0.011604972072013973
C005917,0.03708579963781794
C000902,0.009694176381028527
C006999,-0.019654003077406675
C007847,0.015382076098458299
C003821,0.01834332809886978
C007949,-0.002246392324845913
