id_candidat,m16x2x128_cap0.25_Rh,m16x2x128_cap0.25_RhI,m16x2x128_cap0.5_Rh,m16x2x128_cap0.5_RhI,m32x3x256_cap0.25_Rh,m32x3x256_cap0.25_RhI,m32x3x256_cap0.5_Rh,m32x3x256_cap0.5_RhI
C011476,-0.017700259183217916,-0.00663963441086454,-0.01733057960849154,-0.007637609764882387,-0.016632000537712747,-0.00615805560874377,-0.017756964051628136,-0.011467308226066265
C000471,0.015936068453087288,0.01308120134302288,0.017338062510106632,0.014363617494289367,0.01669213728274543,0.0022666014852293884,0.016305733762227607,0.008106514706085028
C006911,0.009381606850730018,0.024769254271011346,0.009476946244498595,0.023195626707063786,0.011067307131686965,0.014065642760145214,0.010479027862734936,0.025380697283048755
C007718,-0.003515587123413363,-0.0049489072200124985,-0.0029512927222784297,-0.004508393953527727,-0.004244025054101996,-0.00042545994693015613,-0.0028459176235328234,-0.0013507803541024453
C003531,-0.0048354505822192605,0.003247068603696119,-0.005509944629145067,0.00959224691219489,-0.004933079732980829,-0.0016496608571682516,-0.006888383402091465,-0.002651492314984314
C013582,-0.018847164855571554,-0.0012753191853243306,-0.01905611932123261,-0.0037975977159883556,-0.019196429828029885,-0.0008401678613212317,-0.019679145399154795,-0.004985447139371573
C001802,0.003034990066922951,-0.023756820624553806,0.003979685035405295,-0.022141301869601553,-0.007150088728533881,-0.009165276517864465,-0.006513524857695055,-0.015183788754971792
C002621,0.01090875977590048,-0.0039569484626074776,0.00723452624910121,-0.0037822878259769267,0.016486663641993173,-0.00017335558901187262,0.010137843431340346,-0.00032541555137610115
C000214,0.024290157807948444,-0.011994117244728835,0.02646126696798737,-0.00908092235047475,0.029160408762315848,-0.0037588048267680686,0.03144808177416808,-0.0120810788441453
C011333,0.0008860202605708473,-0.006682942503995275,0.0009268786097466593,-0.005007077871073383,0.0008533952941345037,-0.0006690172303146105,0.00010174961021961353,-0.0026045050090719325
C005995,-0.009934929150172932,0.0015087379543051282,-0.009655163000341967,-0.002197571499937085,-0.0063056194487869435,-0.001579491918096747,-0.007952662895169538,-0.0047574030539772
C000764,0.03936218864922014,0.002062634370188112,0.03978230844600612,0.0025179448140511067,0.03560815989136691,0.00022967146158631778,0.03223667763376997,0.001397719928315461
C009637,-0.0005618101158931021,0.016786071375984687,-0.00034883412875388376,0.013532951669271749,0.0026383659231750552,0.000918264913227398,0.0016782479829942814,0.003589767930599499
C010951,0.005173314262021285,-0.01033592472217006,0.004309520199708942,-0.01120032323360257,0.01236758351733347,0.0026060218741011196,0.01381229131087193,-0.001373617147785122
C003989,-0.001660801031080246,0.01283800611850358,-0.002641266533469589,0.01333238398122085,0.007377618649630066,0.016001092604031424,0.00462053362832459,0.0232451933791891
C001997,-0.0035508242820147824,-0.010914366695433563,-0.0030462317117515526,-0.0022217222357271476,-0.0036007350817008634,2.1335976533785484e-05,-0.002263267175878559,0.0009878490083924485
C008268,0.017423865290550223,0.04079689217572466,0.01763293862824864,0.05212319870069165,0.02152921587676238,0.019718745419780633,0.018573830204988536,0.04771907183831672
C004195,0.002067411618200404,-0.020908427924339154,0.0010847377730881758,-0.01027117517216929,0.000996784962075671,0.0015107904712883926,0.0010761854676306925,-0.003790895569840469
C008521,-0.000787539096883661,0.017960227877655367,-0.0008302593859280394,0.012662880835756814,0.0011988228804763396,0.004508209081832376,0.0001399412280913593,0.010082172604718127
C003182,-0.003938192462836794,0.0011855862432862954,-0.003714208948731541,0.0003493132590560942,-0.0021626161002980416,0.000746689087539486,-0.004756459125299945,0.003215215483062344
C002397,-0.018483563266043817,-0.015956897535225736,-0.01989366987366178,-0.016526287514464787,-0.02074480702463143,-0.005797762709066189,-0.0202592662593699,-0.013270592210575272
C011557,-0.0033756238350518154,-0.009611252177555032,-0.003095204434241353,-0.008366569450953645,-0.0010519508762533007,-0.0012456468872242702,-0.0022069656032061603,-0.0029903522630151088
C008762,-0.0046406510107716,-0.004518990899900857,-0.0037155531901945714,-0.0017563372813689964,-0.004296482633861709,9.049836625976408e-05,-0.002984807566516824,0.0004444214290084484
C011840,0.004132794382689622,0.0037638201734845516,0.0031537551928668404,0.0034879295188288595,0.010321431351076321,-0.0023672734090237936,0.008183013809349618,0.0008602927646669317
C011316,0.001936079460512757,0.013614729899843523,0.0008221867183395144,0.009900596480107422,0.0017375559220625266,-0.0017021045584590876,-0.00032114023647914316,-0.0042753099626539285
C010291,-0.014279776646358601,-0.017844083817897306,-0.014492250152524302,-0.01788182092343885,-0.015340850829542292,-0.007612111658015405,-0.015490332641618303,-0.014690178148742445
C006829,-0.0027250761753247832,0.02149092285419284,-0.0024757322196012426,0.02259724753341545,0.0007251887197069148,0.000929702943674809,-0.0007183031077878048,0.00617452015382124
C000068,-0.011537630524119573,0.003410690201244684,-0.01063388425905337,0.004934793163425446,-0.01934927995145809,-0.006616046823787648,-0.019456720795440086,-0.009604708194038915
C010665,-0.011624607741570613,-0.0195072680210296,-0.011887781571852461,-0.019647147109227173,-0.0059069579640435126,-0.005693463425380859,-0.006715718942914903,-0.014198847615703098
C008332,-0.01565074190375326,-0.0003288311259757291,-0.0167729782927548,-0.0026721864696868484,-0.01830389689291067,-0.004166677136723332,-0.016355646853233697,-0.003129565739937904
C004852,0.01534881357670203,-0.00809309255595185,0.015573701806259674,-0.006868249193480868,0.01856650235767243,-0.0027746786439013693,0.016090536180203393,-0.004903433970859586
C002565,0.029701845784393083,0.03556730350311944,0.029099744418254515,0.04286713871406142,0.032381120343037174,0.01789619664561332,0.02831630519365591,0.03729889695201622
C010674,-0.01671345838255028,-0.018409756956074882,-0.017170752642636337,-0.018784244190593907,-0.016903561301548534,-0.012949130115990241,-0.01684066715254482,-0.02153816691448446
C001872,0.0064588844267700965,-0.002525932421858897,0.005829414662497482,-0.0006707666636762386,0.009958040135312103,0.008400284505556594,0.00886520845928448,0.010432851595296748
C005733,0.003054492190934126,-0.017733586916249666,0.0025418676251133666,-0.016863252039374367,0.009299586922971809,-0.012860298693811101,0.00817554461147087,-0.02124547946474376
C000703,0.029256666729110488,0.009368499242786656,0.028773994585702053,0.009120960180846455,0.03224487555269275,-0.0010880957724757605,0.02841361670906363,0.0013766731855969444
C011867,-0.01461493683452893,-0.005883934562986533,-0.015579533381451714,-0.007482073862564105,-0.019257862625844262,-0.0019299316394352935,-0.017684178732132676,-0.0033548500334762217
C006713,0.03949133149737751,0.03620444110407821,0.04191593059949742,0.043830543035907346,0.03595151732252068,0.0027643356682630392,0.03244766382025647,0.015439651374347949
C000064,0.03670242716956685,0.02203962979820371,0.03131292218247819,0.01940063322910202,0.03450010931139513,0.0007341195742883639,0.028318039132538674,0.003170214003333626
C004628,-0.0009613491222199483,0.003960215540619313,-0.0009380431906610753,0.0028375121981925027,-0.0014855841190487124,9.29402026557249e-06,-0.0013826154168506094,-2.1364006650308827e-05
C012124,0.0036738844838292515,-0.01653814225806198,0.0026429975523536093,-0.01623790374662364,0.003336357760766878,-0.005455156140139455,0.0035102502502436512,-0.012403062669034761
C004326,-0.0016033731834174053,-0.014832350954745286,0.0010688522654022914,-0.013543375792106278,-0.0023034539103958325,-0.004776773358039839,-0.0011037479129238593,-0.010567791826801525
C008918,-0.002429586658295315,-0.011015703855461537,-0.0021269660285777496,-0.004484367701798871,-0.003383076732492063,-0.0002082643198243833,-0.0023572154515996467,-6.288556028962835e-05
C012871,0.018048550586683358,0.021930618651341795,0.010985144869806894,0.018557488062299305,0.02208229061498059,0.000989944991329297,0.014160067400667348,0.004053891935173354
C010864,-0.004121573169534387,-0.003221539578292638,-0.00383755646897444,-0.001791800698551712,-0.0005033563069906353,0.0007200209067655805,-0.0013465835206263696,-0.0006502658833996319
C000878,-0.005161552155024086,-0.0020515979382595023,-0.00474805758252588,-0.004045352204762151,-0.004676789350186379,-0.00012340218698809888,-0.005024565225951275,-0.0009664717421361645
C012033,-0.004200313656321449,-0.003647962355817674,-0.0034211662130746163,-0.0036661059635770283,-0.004383735799946173,-0.0003377922583162008,-0.0030328590354701678,-0.0010050765821154526
C003603,0.03184834402586796,0.0455371863693157,0.03301487465178679,0.06448730558368573,0.034940642550727034,0.03269151531037132,0.03304746206490193,0.06536645861598625
C012032,-0.00483583261889965,-0.028384824049149583,-0.004620066484172658,-0.02697269849393396,-0.010994625398721949,-0.017390232846906568,-0.011247626719582017,-0.029717122525665905
C008543,0.02677452622950538,-0.008802120044090115,0.023831357431066857,-0.008346369748145118,0.029715317728440143,-0.0015705046426009526,0.024743820614789178,-0.0035565347124734558
C009273,-0.0037713362881597323,-0.003537328528530585,-0.003209410353534208,-0.004802924369403387,-0.0024416618356927814,-0.0003908395143811239,-0.0030993686579587655,-0.0014015376795661074
C009255,0.013357704606808154,0.03143145231312961,0.013083372431442974,0.030598767980290372,0.016368159816854168,0.012799637630809832,0.01507218829939062,0.024056969601990375
C003722,-0.011785381622723674,-0.01112172207593897,-0.010305486420007543,-0.010352459139580751,-0.017556890355046883,-0.0009199398342288115,-0.0173100920499765,-0.002377332947364532
C009983,0.009635169511368532,-0.027287926658248182,0.009447858462521943,-0.01396954570375397,0.005723377976633362,0.0016764591380682744,0.004365146515264358,0.004315353849968575
C011185,-0.012612616051665984,0.019070269707518114,-0.011948988054789791,0.015206266529566055,-0.012293798107797098,-0.005747705386605973,-0.013250157685688985,-0.009520375580899207
C011178,-0.015780233717358257,-0.014813923028295994,-0.016134501482589707,-0.014657721269777482,-0.01465351270756559,-0.011832577343207645,-0.01464904617870128,-0.01822973950433489
C008130,-0.01704675977246355,0.0070334889640890795,-0.015676608759225896,0.004375609385364146,-0.018245494935911318,-0.0011053291490421553,-0.017502437811772593,-0.002349888213807515
C009829,0.008159550454828128,-0.009019325319514798,0.007807310607176354,-0.009330568500416135,0.014765273023008983,0.0021996262982298767,0.016296233460321306,-0.00013380467885656735
C003554,0.025945013307751265,0.035396253583079275,0.026050552176118694,0.04293426428473483,0.030960943643149625,0.02515477488800139,0.02883622710047772,0.04531070329330531
C007210,-0.0009172070909427679,-0.01205432701313662,-0.0014048014035419022,-0.011647603112344427,0.0025066424513308376,-0.00043721628858102267,0.0009556560125578801,-0.0024143540593272337
C005321,-0.018847164855571554,0.015597808198639096,-0.01905611932123261,0.017882560469063676,-0.019196429828029885,-0.0006097949505871632,-0.019679145399154795,0.004319281812302907
C011236,-0.003578399049736626,0.01664317585876789,-0.0032772761156505564,0.01668205041281992,-0.000982551063626773,0.01444565366812633,-0.0015484102307281784,0.0216025888799551
C001439,0.002884760258357988,-0.011087043073847667,0.0037403680999159796,-0.008778738959308469,-0.006929251040690444,-0.007753653566371754,-0.006454374866077668,-0.00992690108449659
C003104,-0.019889505202765296,0.0026888163368859607,-0.021260932270104328,0.0013949051848596056,-0.023508670969832068,0.0004067751290218437,-0.02529849670645206,0.002903756770180016
C004474,0.003500011929209448,-0.018141372565178292,0.004009342572475303,-0.017406713755257302,0.004400350381723546,-0.010389178277757207,0.0038411779295863153,-0.01588788523854708
C011529,0.03228314082273285,0.025660393758151327,0.033345662172088744,0.027522308371980896,0.035085780348524415,0.004734677236592637,0.03286503859420667,0.014952238723843478
C007668,0.007468254132717922,-0.00925844691547549,0.006638615728517829,-0.008644229691768143,0.015402321086715553,-0.005966693559294809,0.01284183395646551,-0.010042943629264273
C005977,0.0029033988751469646,0.028638855898727403,0.0029578070347892425,0.02606301576783019,0.0031081174040653112,0.001367533445288713,0.0017271639062153557,0.008246610775904323
C009064,0.010868319782479595,0.02186491883410427,0.011246034610969043,0.020269955545708703,0.01472803758824916,0.013845846434924522,0.01422672721007297,0.024776196033220947
C005597,-0.008900949846282006,-0.01061134545783532,-0.009442283251132668,-0.011078533474553318,-0.007868915799342789,-0.0027837102430242106,-0.007328350776832208,-0.007136596218312669
C011831,-0.01737344449565761,-0.003952507181013776,-0.01612417564081574,-0.005257344743435925,-0.0183777853210569,-0.002480633754669874,-0.01773918106885702,-0.0082307776629601
C003361,-0.0049052236728353,0.00818429458864534,-0.0046683779775772895,0.0072620682105995985,-0.010461438453481037,0.003471133776864993,-0.01093666073883736,0.005187182491767057
C004450,-0.0002095954469596685,-0.013994115892748243,-0.000843670052403656,-0.012484456417848247,0.0033195585001720164,-0.0014282920918780048,0.0018298770813690785,-0.0040255630560279915
C008210,-0.003874649981437314,-0.00568433736186267,-0.003193440748653538,-0.004583999852363801,-0.0043685962693124115,-0.0002620212172648568,-0.0029828416357004527,-0.0009725754375309245
C012014,-0.008221311374678462,-0.017147853915950334,-0.008765463741796592,-0.01722211263945513,-0.006955561467217767,-0.009577204859499335,-0.006447474118799973,-0.01844209464205175
C012665,-0.0048238447111674035,-0.0029064501826173584,-0.003643361934158039,-0.003245409198213196,-0.0031204537830242006,-6.347795681937234e-05,-0.002774783540627788,-0.0003327864454751011
C005946,-0.017416580863734436,-0.007160556577987971,-0.018720904408819006,-0.0038287051850989717,-0.018980690267532,-0.005882876332916724,-0.018676611491972875,-0.007954061935942537
C007529,0.015237267096417857,-0.00787780378330225,0.012363093595739647,-0.007009382441440457,0.021478833502893483,-0.0028441131643930284,0.016087659055887046,-0.006174527567154362
C002940,-0.0020400695664751427,-0.009135974477934638,-0.0021519752208687165,-0.007887735639743054,-0.0011864181458316686,-0.0003590880769874939,-0.0017713578658035839,-0.0013489058798193427
C012024,0.025759033650610275,0.03966428935634378,0.0280384099187856,0.04583093138124548,0.03013239894924044,0.027582967854951224,0.033560076683143224,0.0488599734622272
C004250,-0.010057484343557433,-0.011581494561189502,-0.011014509536405377,-0.011563741390968378,-0.015376413945304089,-0.0046049016000366035,-0.015790495546366773,-0.009547881611073273
C003108,-0.005011930608082015,-0.01842608304091464,-0.005713046594960126,-0.018410661702093215,0.004167888858804738,-0.005082575821725308,0.0015080702024060338,-0.012784391255770222
C009847,0.012115934395975296,0.027139005070686534,0.013422558176703165,0.028942466220580852,0.010249341064997319,0.01729265630789275,0.011122878996167884,0.03177957725226925
C011904,0.0013025208666362774,0.009932438503893111,0.0013302207639807257,0.007146798906586768,0.0020566635236704484,-0.0004465903889724647,0.0003467552011151164,-0.0005600631923457456
C001380,0.032254093056335045,-0.0007635363005332182,0.03454994102412784,-0.0002074397404722946,0.03606321296275835,-0.00021505636996696202,0.03583494993791796,-0.0007775320918920677
C001665,-9.188154894406303e-05,0.015471315684869268,-0.00022682245091133188,0.01138211253926429,-0.007848377613369109,-0.00029891426730268964,-0.008153942477266607,0.003217892689896132
C009318,-0.004921351038724476,0.004343562151005383,-0.004000674942404,0.0018380570273615173,-0.0033092798016899428,4.845755935422039e-05,-0.001648880260057352,0.0001477050099375258
C012553,-0.004097522763900557,-0.0013064859810332898,-0.0032401537533041785,-0.0006721217903207382,-0.003648095350966359,0.0006445849784859125,-0.0028755946510193213,0.001717237615463816
C006434,-0.017573470131750316,0.0030579416474013515,-0.018514830399829353,-0.001059286353443239,-0.017990622560458774,-0.0009298567080084689,-0.01903244255865057,-0.0029255712417455733
C002777,-0.007011595293628295,-0.00029839322906279937,-0.007852712103153772,0.00033918630428482255,-0.007699850233387057,0.0013387534981307214,-0.007992077288694666,0.0025939453535717173
C004436,-0.0054369679693612736,-0.005554683316625685,-0.004390558220647584,-0.0035177374184808164,-0.003141175672406583,-0.00018533273643174666,-0.001348944827055316,-0.0008812180178320158
C006265,-0.01051833202801373,-0.004516966187435622,-0.0077713137555468215,-0.0032848294332196654,-0.013441557507073109,-0.0035068288905998673,-0.01131620092324799,-0.006793217632068452
C007230,-0.003156585205160747,-0.007323976782943876,-0.0029280248201677076,-0.007522533638025956,-0.0036271007462500364,-0.003261965109484533,-0.005488667705994302,-0.006276181840933651
C000924,0.003384433152804886,0.03924962247483281,0.0034024942231012404,0.04143716077260083,0.0033713459016631968,0.0031942303960872153,0.0019208637856076116,0.016273709982738138
C010771,-0.013067275491745018,-0.0022516638799076963,-0.01358525597017664,-0.003961051142670544,-0.019961383830973692,0.0009400781656913551,-0.019017828620193668,0.0008100216704380743
C013731,-0.00578340911072158,-0.0011157564377979028,-0.006369148322072242,-0.0009487590326377067,-0.003198120455915481,0.008032652669227152,-0.0038087364273913333,0.007681612634177064
C013586,-0.006388937529920409,0.013672584419890723,-0.0075190226710641515,0.012721965824182857,-0.002286878951476728,0.009102750534647519,-0.002395674976018568,0.012363122525825792
C012137,-0.00992451950894944,-0.0007752581474970758,-0.010414147431483218,0.0002461062576839772,-0.013620619452292166,-0.0010557981647861077,-0.01462516926393745,-0.0005351465921196827
C002258,-0.0006746048039167424,-0.0038808551705082394,-0.000626065936587451,-0.0034587958036488967,-0.0024171060141283253,-0.0007897165429442299,-0.0017631356192087566,-0.0022134623507866187
C002275,-0.015656771202749928,-0.017125768296207444,-0.01600145911714486,-0.017381151682725145,-0.014361689455483655,-0.013365888056429083,-0.014368873040113701,-0.02131151196068545
C012863,-0.012724655789012664,-0.0063127466296627474,-0.0116700489014132,-0.006933403701020802,-0.011690746945111694,-0.0035269363310904407,-0.012710813253871333,-0.007328591327707547
C003726,-0.010208300771788647,-0.01035412918399024,-0.00987638944463174,-0.008257508977105203,-0.008777266783999838,0.00042722699931417064,-0.008768325867698178,-0.0037216931165128518
C012102,0.020703797538649305,0.022640675743231028,0.021812776580773553,0.02392318021829969,0.02556765489623455,0.01599913258935021,0.025233583855235376,0.0262770965943879
C007245,-0.002320653377853328,-0.01363472273183551,-0.0028815931925541233,-0.013129668473593724,-0.000760657929718515,-0.0021710012572135943,-0.0030763687219228166,-0.004869835592326434
C010270,-0.0002706960081822524,-0.0071562269610003885,-0.00041030238557770207,-0.006038756797137762,-0.0010115622122703867,-0.0006737407368248372,-0.00029915487015663966,-0.0017064697171243074
C003803,-0.01637122238303431,0.0011728484187978503,-0.02234966354893107,0.00023656937734372273,-0.022602785832104337,-0.0074775816580822186,-0.031103777349930962,-0.011938500539288233
C013694,-0.005801735611465571,-0.012771389108063658,-0.00637445537774735,-0.011849592106950906,-0.004166609326816837,-0.00898292199984739,-0.004467779177725538,-0.01583780703458872
C007928,0.008242091679371072,0.012630876497021357,0.008203864832722311,0.006698069042449284,0.013611186042769301,0.0042088207733023365,0.0126473253729934,0.004231962845647148
C003414,0.009195968414923988,-0.0010640190798260486,0.008885134933579883,-2.39596230230138e-05,0.008417678379561507,-0.0006510678250755288,0.005605157098997343,-0.0019950890014597774
C001985,0.03687178960081595,0.04328611661679072,0.03182103093468029,0.053707026245565226,0.03467597650689106,0.005201920653467302,0.02867138174855552,0.020634511656635313
C013889,-0.01035793714551919,0.005553380014382421,-0.010026355841394854,0.0013359455103359383,-0.012058667183013582,-0.0016958126464005933,-0.012225773499641445,-0.004599989726520752
C010308,0.009519688224320741,-0.01349326922998425,0.009650142401056563,-0.011745829784437027,0.015466687926129914,0.0002458790711377038,0.016745249097936055,-0.002157905279804322
C009835,0.03292754130476915,-0.006072602714483196,0.031055851930630957,-0.005399211348941643,0.033644318290846846,4.618403845838038e-06,0.029477506141326083,-0.0007876131671581689
C008685,0.03694179672681171,0.040455431012999074,0.03204991981843958,0.04690370849336346,0.03475862018415002,0.0037425332663225154,0.028831692272425075,0.014882114819509183
C006117,0.007282756112554289,0.005359734679782964,0.006530759207872947,0.004926721656597802,0.009102917232756275,0.0009148402900919411,0.009252316452523807,0.004658313947880482
C011054,-0.001666561918009623,0.016348011409642253,-0.0012714039824074294,0.014330134771024999,-0.01088584623154613,0.0020691709351347573,-0.011342710931487879,0.006351856585646461
C009764,0.038927820442662214,0.012679396592302144,0.04549377745485583,0.013895714765882245,0.03830396666626248,0.00012592535689059974,0.04004416634271836,0.003523905704609514
C007962,-0.009781038057277034,0.016295044234337915,-0.007345787593299031,0.013193678531035102,-0.011669600636967507,-0.0060839434711010484,-0.010010291770991392,-0.004305752752903492
C006820,0.013197596142464449,-0.025597846865545656,0.01292665372591501,-0.021352150699616063,0.01516572758713607,-0.0037924937429049347,0.011374782438787952,-0.008796209604004882
C006695,-0.004105406564481547,-0.005421884733436976,-0.003354843979900488,-0.004567743731282895,-0.0043879771218015,-0.0002828061184264436,-0.0030263684792018347,-0.0011061786782234889
C003339,-0.011262068664081932,-0.014434510026012887,-0.009218240862769247,-0.012869467086634143,-0.012383374751559604,-0.003331265874088848,-0.011288996117101624,-0.00909854406475593
C004906,0.016279089312248515,0.022630689919296815,0.016635404005210484,0.02247768189478897,0.021202222275658697,0.01026505559209147,0.018842520516845283,0.021121809370515637
C004834,-0.007239525845606511,-0.00811614938630778,-0.0068142088500523805,-0.008986223757477638,-0.004464525398264929,0.0009711221446500486,-0.005693054129574587,-0.0007270492500237657
C002836,0.0019615026317291954,0.005670699897058469,0.00023113527987282334,0.004546952348284413,0.007134114022657113,0.002163044220779821,0.002911104766727447,0.00567188768888498
C007995,0.01930179213545733,0.03409676668323457,0.01971720816034507,0.035460699308885964,0.022948699733876827,0.011614415429650407,0.020386621059603423,0.026909320030892133
C011917,-0.008589809832676001,-0.0013750780237827363,-0.008553900726060416,-0.0039002897249419905,-0.008206955955530159,-0.0010156159727340449,-0.008135015575350617,-0.002611846583065577
C003676,0.00021768963733723946,-0.012645941950118249,-0.0005893411669127764,-0.01111421429357601,0.0031857451235159278,-0.0012837965584676975,0.0010288989690834477,-0.003154951872169128
C008311,-0.011408324133072403,0.0031386763786767926,-0.010219396931951927,-0.004480386652566873,-0.010272244077165118,-0.002110915260233538,-0.011283460193933172,-0.007232822657852895
C012715,-0.00220752735177323,-0.010388968165090613,-0.001864948498795827,-0.006943199455138149,0.002005075092030812,-0.00043612011921788255,0.0016344734214038257,-0.0014912429379307457
C010853,0.00020451265299406082,-0.006581066872178109,0.0002615133738662694,-0.00490191640062928,0.0004760071166567145,-0.000574400304633732,-8.678438352715864e-05,-0.0023950363625581507
C006031,-0.010811495149169998,-0.008662832702604917,-0.010697959070421119,-0.009124108447371661,-0.019805248469899492,5.7068867445804074e-05,-0.01876313144475605,-0.0016776999075438183
C009961,0.0037422174971906874,-0.014207014483033851,0.003209710028114775,-0.013659510596615174,0.01036650004673315,-0.002843718920783829,0.008153495438838119,-0.008417515467239449
C004133,-0.0011575594857165543,-0.006808194188857942,-0.0011189261292073914,-0.005751105165502746,-0.0020712152911224334,-0.0007042427868635869,-0.0011510631553166464,-0.0018860263240738553
C011114,0.021553189277924694,0.04322118754687161,0.020798176416400804,0.05061776229810268,0.02310721726624651,0.016383474560944328,0.017665995509688674,0.038320458821658555
C007215,-0.0050941835953927875,-0.005083518577358853,-0.003922852848901873,-0.005235850836438999,-0.0036261685045393594,-0.00030357947985359756,-0.0030191947157063013,-0.0011591694529336696
C004465,0.028163025362268126,-0.007284220983966441,0.02790722460107093,-0.007295290585096898,0.03191447711478644,0.0012409783110381328,0.028688402868168195,-0.0015125213295640676
C010296,0.0069803629336381776,-0.00956337488663603,0.00637963989442352,-0.010248387786794093,0.013918641434521617,0.0030891032324920336,0.015478918203690272,-0.0001105939003065693
C008570,0.005229083689116709,-0.017936537260859118,0.004257041038856047,-0.01706653016436542,0.005729171682445088,-0.005313300500629145,0.005985948908610748,-0.01250682006566983
C010116,0.009451113579666832,0.009629429427229046,0.009516116064406652,0.006333444245552277,0.016009872022096885,0.0031240115663162754,0.014226597632556149,0.0038785379010586028
C003093,-0.0031131325561461836,-0.0006120648564344137,-0.0035720132102985912,-0.0015300362126612751,-0.00544352873807342,0.0030135419719310415,-0.005282379660553861,0.0034959301322168117
C002337,0.03211317657906735,0.0010732686591182583,0.03066172127348477,0.00027844165791578764,0.03334169075073502,-0.000789850496703265,0.02917900418170387,-0.0013612872966982132
C011621,-0.002118882655333239,-0.003977769237146657,-0.0022332620523172293,-0.004053633904948852,-0.0013474143155672528,0.0012643526661963356,-0.0018241522090368927,0.002028472589630488
C005587,-0.016679415813328706,-0.003993546913847969,-0.015340036984043777,-0.005419801566894478,-0.019725355833891546,-0.0003398873399779955,-0.016631024473504917,-0.0012134829895785288
C001167,-0.009754954767765943,-0.009653668509877386,-0.006963310131052609,-0.008167629959673357,-0.012487899927754327,-0.008333435952148343,-0.010468713228240738,-0.011449948739174012
C001230,0.01928460437664821,-0.03458573202725756,0.01893322548618005,-0.021913626383514385,0.015944111372810273,0.0051467270551516005,0.012138034049964608,0.010823730503017135
C002710,0.0007785470407837215,-0.0056277260937024195,0.000752963000101267,-0.0044775825443011084,-0.0004968741305256273,-0.0008651527950003273,-0.0008286411689201426,-0.002662513437837373
C002053,0.0021834841595528213,-0.013878493309971054,0.001057227854360652,-0.012844489324048653,0.00778802460092525,-0.0032005336944040987,0.0031624114706845434,-0.0067573230604274295
C013670,-0.0014058466200670735,-0.0066960683735263204,-0.0012107832952481215,-0.004890799817829503,0.0011228176109949568,-0.0003677004453876801,0.0007675893284357286,-0.0016818330857909748
C011444,-0.006677208363285415,0.0241166227819307,-0.005294919947625745,0.01738275422796097,-0.002596679554387173,-0.0005058600804426045,-0.0004965529054433728,0.0013067722680683057
C001936,-0.008477771181108078,0.009608858080346895,-0.010924706985653036,0.004828602891971696,-0.012705300421569548,-0.003782952971313327,-0.014635636929345839,-0.00798268077383197
C008831,4.6057256591879664e-05,0.0005420663648407377,-0.0006743512066370316,-0.0005584624194007588,0.0028612188670149212,0.0005938606110334674,0.0007007727808706189,0.0009697665406144329
C000847,0.00529831380054444,-0.012182318553148002,0.005173604477177315,-0.011377217517881719,0.01016231634372671,-0.0021426772817512603,0.01002131832901882,-0.003859086706737593
C013477,-0.015708606364780994,-0.010270106893971138,-0.016851464048089047,-0.010433864731537686,-0.018311645701091495,-0.00788951892011829,-0.01644165328875043,-0.011732569510387345
C008690,-0.012947331467890894,-0.010968634546133305,-0.013418710206061233,-0.011662145127079436,-0.020082838836653637,-0.002536975448279972,-0.019235822826020578,-0.0068013810835254995
C003701,-0.009435588707579573,0.001186783231265698,-0.009495641028510781,-0.0024230233055956606,-0.009478524126712122,-0.0012345254154051697,-0.010513837118851805,-0.0032490174336761253
C012673,-0.006305925053310225,-0.0026137091461136963,-0.00491464330690533,-0.004707407146221526,-0.0021702969988392387,-0.00028905238657969885,-0.0015941050355840448,-0.0012327905554416617
C000236,-0.015386801343143122,-0.01753901752543903,-0.01574386751653693,-0.017882349785010025,-0.017136426730598137,-0.009325403465817929,-0.017568901150880036,-0.016484736672021202
C007520,0.007912449538154292,0.01614783912439328,0.006820034506491473,0.015104094181590295,0.005739913170316799,0.007224840137158375,0.0041660775860314445,0.014609373643898511
C013939,0.008390357631948614,-0.0025391120837091386,0.007833668619594262,-0.002734164922538757,0.011084523110988075,0.0018131723799734059,0.010979777129947571,0.00210409802133311
C012683,0.00479977472520522,-0.004708749274035322,0.004711828370213083,-0.003426816432397659,0.004060667706086506,-0.0009162916355383557,0.0025533442222387764,-0.0028833509738556535
C004294,0.005833681046799814,0.012086825843343378,0.005910766915393793,0.004090131685009935,0.009102580124403865,0.00025474873788969803,0.00717793594081468,-0.005852052262558865
C002322,0.00850739719596197,-0.007242139145257579,0.008328109446378722,-0.006975857683158816,0.00849028281416415,4.5557647948506763e-05,0.007543086022116502,-0.0012068627980435672
C007776,0.024069956510199133,0.03130307212496097,0.021990072621768816,0.03651852966186769,0.028318299119969664,0.01717468421181717,0.023336391286053818,0.03517319176377639
C002656,-0.004270008256148005,0.00036072099810104574,-0.005455794914769912,-5.5758044392213015e-06,0.0004944111134240222,-0.0024802282175198608,9.357872788088868e-05,-0.0024977302248683085
C005904,-0.01892667063349041,-0.017806663195628247,-0.02045875086445132,-0.018213707957895807,-0.02329000639022982,-0.012585226563874508,-0.02538533562604011,-0.02035655973255985
C011586,-0.005114240188767393,-0.013844403648942332,-0.005801466119282779,-0.012474545197363978,-0.0052967485406964394,0.0008122000942954518,-0.007186850832119821,-0.0029479300073295468
C009228,0.006960396435329957,0.01899027663269029,0.0067466305248972055,0.015532146953597909,0.004418218321575189,0.0029971846427208045,0.004418502126733509,0.006792580327775774
C001140,-0.014988614280034148,-0.017444469203826737,-0.014281968566849847,-0.016990403877083945,-0.011835024833514268,-0.0067737485704533066,-0.011354489999267798,-0.013347630856445993
C010244,-0.003390086540384979,-0.0035758639618537038,-0.003205146647639738,-0.00263259095944612,-0.0003612709139858046,-0.00037241580001513695,-0.001325923878007128,-0.0015827392337093252
C000184,-0.004215715274459292,-0.0054182773221153014,-0.003431840797757802,-0.004480490798512615,-0.004382280144536654,-0.00025651648464131366,-0.00303316708006489,-0.0010283044986099256
C000568,0.004453476123413667,0.01910956754272479,0.00363216110272021,0.0173613597102445,0.0015967134620569199,0.003990583376757881,0.00015579640388805975,0.013034663628441294
C007633,0.03183586464656905,0.01546280508398026,0.025019814556717805,0.012522307011380893,0.03146501602294899,0.0004992675045610659,0.024272177494144807,0.0021792756865864423
C012476,-0.015191068745848645,-0.005116568127694352,-0.013689369051996851,-0.007164687758894632,-0.012920490583668351,-0.0011759037440017303,-0.013698042434118311,-0.0029152246224551366
C013158,-0.011866842158343027,0.0008436022827472943,-0.010145186548502756,0.00013638987522808648,-0.015594533199702327,-0.0007158311554747157,-0.014282863294337311,-0.002485262207768335
C013016,0.022318784323437563,-0.013432539961779287,0.02391935606214889,-0.01010901850593895,0.026433179068206747,-0.003615829573767869,0.025410014584383654,-0.009686218609558343
C009497,-0.0021982787446169546,0.004698152758227592,-0.0019426440925007548,0.003808054392405475,0.0010903645911774613,-0.00016725561218603575,-0.0005859288115601702,-0.0006308109352395548
C012613,-0.012852810789974321,-0.009406742970000704,-0.013631664713968572,-0.009895401727497486,-0.013606103008327342,-0.004859835735461874,-0.012699800909714808,-0.007489851765613542
C000388,0.004768609957053656,-0.011063759576136081,0.003221910261971871,-0.01004252664695714,0.013202656740880303,-0.00646288614224532,0.010049923835037902,-0.009902037664715235
C001162,-0.0028425023618433363,-0.00041268923986912965,-0.0024255916592814436,-0.002795204382551197,-0.002965574063969886,-0.0003552494671600206,-0.003695712006672482,-0.0014196196971810212
C011810,0.0017761409676639263,-0.0068183818195582824,0.0006820736173052175,-0.007162979632040398,0.00763576356956623,-0.0013538474941965717,0.008059138132074395,-0.0019902661806767983
C012658,-0.003568578563081781,-0.007296503293653682,-0.002951588980555999,-0.006437061746397968,-0.0029456045401874673,-0.00035463640439785773,-0.002656910396469818,-0.001200179218682068
C011492,-0.013674158833996157,-0.010394016082029611,-0.014571874870949176,-0.010704367028025743,-0.0150306485849783,-0.004386432585710623,-0.01390027012618269,-0.00846130306986445
C007185,0.0013025208666362774,0.008884243001326654,0.0013302207639807257,0.002078778201511819,0.0020566635236704484,-0.0014488342537428652,0.0003467552011151164,-0.0064449359479135295
C010623,-0.012874354442659316,-0.009878551273266147,-0.013753568240064067,-0.008494457478292434,-0.01759327982874201,-0.009653179823480995,-0.01819754707278929,-0.011767792619809083
C006278,-0.002162229114133329,-0.006412424185810337,-0.001933465103702041,-0.005148405849340142,-0.0032106132844234845,-0.0002460861511534983,-0.0020163779275406725,-0.0008689687746190674
C000503,0.017556895355079757,0.024675045839236142,0.016829400706413967,0.025142061977540126,0.022491375837346072,0.008975619690551913,0.019982517185355767,0.020925812998733105
C003224,0.000583708162295767,-0.002078867159468534,0.00033279611146347707,-0.0018209416417104198,-0.0016076584431449366,-0.0010161417685297636,-0.0012080077908294545,-0.0019130841419552375
C003249,0.0031604057590971057,0.00683171026098026,0.0031416733872915077,0.006238314627210909,0.0018872891035835947,-1.1686571595928082e-05,0.000967334329679127,0.00041666809488165204
C009682,0.01873142983546856,0.016556680363322994,0.01951345207261206,0.017262561082020116,0.022798785967199676,0.006006805872048163,0.019579161252457022,0.013253164591611235
C012375,-0.015410566094300965,-0.011490473002943195,-0.016478829385092278,-0.012208380339932412,-0.018405112269877736,-0.005879971422607203,-0.0164517599325393,-0.011600302802229122
C004306,0.017127586228452535,0.029818660017033358,0.013737827054332684,0.033825960025464924,0.022816692043278724,0.014915716531399177,0.016949493223864017,0.032206264751034094
C003236,0.00020721128449411423,0.00014559857748048862,-0.0006377857532498328,0.001014960018692715,0.003701139307647885,0.0025325891872345907,0.0017167337578305889,0.001699844148493261
C007387,0.0026340423729157326,-0.008746379166036416,0.003231610349872094,-0.00809493843305053,0.00329884813821833,-0.00452130556872411,0.0029247305125908478,-0.008429240697845022
C013861,-0.0029997258242548275,-0.018541979907036744,-0.003858434390662589,-0.018638874739226163,0.006160586413537204,-0.0055412205147490875,0.003415030580666167,-0.013264975485396562
C004620,-0.006891284701338487,0.0055674910540978425,-0.007436812187210906,0.0054409143907404554,0.001896792404338335,0.008634981983670728,-0.00046647069317610833,0.01064692757698666
C012265,-0.014359639282887136,0.022960685453508996,-0.01213361336385383,0.021918427783202507,-0.017485135971487722,-0.002588167589626625,-0.015352652905953595,0.0017454073695974549
C011642,0.01640701886367181,0.025422398982272977,0.016403520939832793,0.025731517663250183,0.019901742919782153,0.008398743209151903,0.018226658151239476,0.020322015111514626
C006565,0.011192644683139828,0.014807218127405928,0.011686363959262782,0.015972741974204667,0.017397190991529275,0.013684131558229944,0.016051143076911648,0.022726104927964386
C007404,0.004718528830062446,0.007970028814811387,0.0038802698157853637,0.008305460523206673,0.011546199830865682,0.008208016359935249,0.00954741257881661,0.013744666858967752
C011657,0.024710306614630587,0.019433600587260128,0.018248746704550903,0.016812337460478416,0.02695463588491148,0.0010291207711065078,0.019514344163848566,0.003829358950454527
C013948,0.003281019610966538,-0.010915946377813289,0.002233101278512144,-0.011848046051949092,0.010229722570202103,0.0017526045746343382,0.01115760777041075,-0.0028021446680709505
C003295,0.016025439534007233,-0.008910098424609271,0.012014440556136543,-0.007625026319312044,0.02086947619768388,-0.0001136566438261401,0.014449485826088751,-0.000395605764483026
C003227,-0.0016585954568500288,0.021024875096815217,-0.002325167111853594,0.019575807881602958,0.0016056049958485955,0.012072966904630071,-0.0008880065356432606,0.01913935687838528
C007403,0.01724949359505624,0.013402805974917466,0.013603169370431071,0.013141220348791035,0.02263224595333653,0.001112124084178676,0.016558515469445347,0.0043632583315978656
C012155,-0.004485008679522382,-0.006195012347842135,-0.0034160527005205974,-0.006344267467777653,-0.0031784454189126552,-0.00046600463529962536,-0.0028471209935221832,-0.0015871208207373744
C005331,0.009406694351907146,-0.011364531669437539,0.009471241695603004,-0.011060429194994812,0.015450523198556441,0.002492749284853552,0.016791156297138513,0.00058928216966851
C003703,-0.011440195581194102,-0.0169974645123579,-0.01233323357307288,-0.016832897658302336,-0.01656971199629569,-0.008545177349878202,-0.017144116044903224,-0.016208204336282526
C008153,-0.008840361737117526,-0.011955305242639977,-0.00846471764682354,-0.010029898481887596,-0.006671710242293846,-0.0005732527767041867,-0.00836832080387251,-0.0035745521113122384
C007810,0.01053164416443231,-0.0068496708919166425,0.010158654644269426,-0.004858444983971153,0.007234117988325609,-0.001444782991231511,0.005793349672683457,-0.00409613849394132
C007763,-0.0021138146893207362,0.005902175581196409,-0.0019817791957293628,0.005542466754635644,-0.0013826612300666923,0.011252949216314251,-0.002970562940370945,0.014608650237034311
C000804,0.007739584930941782,0.016819016822370338,0.007460449552166429,0.016261909832521307,0.01170012157116078,0.01078722581320498,0.011138158664932946,0.017666146657681438
C007223,0.006769273746676988,-0.013505113539064459,0.00613476745886505,-0.013446750040077029,0.013753408487077639,1.8132613052353543e-05,0.015310411354729596,-0.004437402162172849
C011277,-0.0033839427942400167,-0.011109631948887762,-0.0031996182030035185,-0.010075546975538717,-0.00038357574379076437,-0.0006526105109509421,-0.001354164219880573,-0.0023696391673597703
C001322,0.010749227809567084,0.01741208773157657,0.010732499668510517,0.013546059154968959,0.015521003389634063,0.0030186802730250155,0.014038125720350451,0.0027612756927954175
C000290,-0.0009698879779390309,-0.007187536415556854,-0.0009718828907525282,-0.004231354834222799,-0.0018496414101848374,0.0004531238981678786,-0.0009800989364553434,0.001504622357655434
C006246,0.009635467239081992,-0.021173831882707873,0.009142407394159587,-0.014378858503329381,0.010359742672074486,-0.0009114720912422218,0.008953322449859791,-0.002625824869105849
C012147,0.028687744978199082,0.012346536312322774,0.030049119775196025,0.013192983953195172,0.033222492796481894,0.005114443348738832,0.03238234787784556,0.00895721553201401
C008754,0.022044704123628377,-0.02266037687913542,0.02322282291611934,-0.01699530488706137,0.0267271548523033,-0.002347356240760728,0.026440159358991532,-0.006046833145565409
C004982,-0.006399729234790395,-0.0075678157027800445,-0.007125631787965661,-0.00744988908764184,-0.004013485743041169,-0.0006997407904981628,-0.004286821491352187,-0.005112676900316435
C003328,-0.00046104800461611634,0.0010088334591010937,-0.0011854036729674134,0.00032969414881574754,-0.0022852546777628754,-0.002617665745717079,-0.0022421236733027945,-0.0017751741813820088
C000197,-0.001778107200848855,-0.00970585471034395,-0.0018929372788162098,-0.008324051500184497,-0.0006674326290343795,-0.0009484791671411186,-0.0016097834843774696,-0.002144491877148876
C005825,-0.010438681261764404,-0.001992203587914295,-0.00986709144512361,-0.0002617058088134432,-0.006439788229860442,3.6256838006238634e-05,-0.007593364125355848,-0.0006210135078602748
C009389,-0.011656394123944197,-0.012953682203744417,-0.011717856634242893,-0.01312694216498379,-0.02066306584436861,-0.0049096854502635266,-0.020052670063198927,-0.00937595407242919
C001703,0.0072811275252727,0.0002875642480156751,0.00650645914470822,0.0005521626520706246,0.004169539882322822,-0.002023340168784874,0.002559163321299835,-0.0021596114912429774
C008587,0.0034125528033542457,-0.0013177440362040936,0.0034405379919961706,-0.0008130572076466478,0.0052629577232017385,0.004787347835609636,0.003370257407599607,0.008127346634649243
C013751,0.01545988963259926,-0.01788797346456264,0.016902567039516602,-0.015303293090398531,0.01630979904261198,-0.007743591746589378,0.016056437723978703,-0.015457176607352302
C009432,0.029798228524953733,0.04528074341415788,0.021661345333006888,0.059776708793599934,0.02996807828904914,0.009560854160089529,0.021798754824483336,0.03362390228923085
C002682,-0.001974536048820783,0.00022657371549871227,-0.0011812857508969763,0.0002921248340282731,-0.0030376144201517408,-0.0006370579369701328,-0.0018612825236586205,0.0018298198050465248
C005792,0.029065877472500157,0.03964957053630262,0.020609999550519897,0.04411733306922945,0.029478257416236008,0.0035520895141882137,0.021115475656420607,0.014421836221561126
C004878,-0.01865030005774425,-0.005077837372150403,-0.020244674266311095,-0.0016277013638159976,-0.02077790996169568,-0.0048168467081172945,-0.020382056123718274,-0.005210768507664277
C006015,-0.000148669231833125,-0.0019986267769865514,-0.001176206756246056,-0.0016571663846729878,0.006036193271620514,0.0019419916808225896,0.005199896566393411,0.002805049011025274
C009369,0.002772597475331496,-0.007402640026871528,0.0021982776529042842,-0.006243280426087559,0.002874252952730973,0.001424838427614151,0.002333522820996023,0.0024279677560694103
C003270,0.00534720841975311,0.005855745797003062,0.005207128487273615,0.005899761630548509,0.010028034573721256,0.005107824528116174,0.00975993133518657,0.007413659035376625
C008170,-0.017826428572411127,-0.004377675183317144,-0.018523930199766517,-0.005059974391284857,-0.019465962059584247,-0.00443464185125253,-0.019601663447257767,-0.007927033112296446
C002098,0.0026559908695502304,-0.014583460630207686,0.0008463185732378453,-0.013696663668672228,0.008232600754026913,-0.005299943293059548,0.0037381188983198555,-0.010644375139118227
C005105,0.026240723096459754,-0.012483455155863212,0.0263095690427334,-0.01163742867446854,0.031110130636892993,-0.0003889120505957359,0.028868837801893865,-0.004463969024503788
C006709,0.00837071350803796,0.025997583184378347,0.009660558769901467,0.01922776870199295,0.0029335729716073312,-0.010210723002333257,0.004175987173889366,-0.006616799031680606
C003727,-0.004845722007356582,0.007071049657563373,-0.004338964738927198,0.004397540544528954,-0.00503937660140154,-0.00026360697235260907,-0.006317393592405899,0.00018004638093605516
C002937,-0.013359800117741884,-0.016848217548463974,-0.013452538912786895,-0.017069630655547997,-0.013828538960976619,-0.007764742984061715,-0.01382173497139399,-0.01410022229949122
C011548,-0.0026330378399839448,-0.007386669972090135,-0.0026361030617391935,-0.0065355876059591984,-0.002175450065054056,-0.0007880627537413907,-0.0021706752122314993,-0.001994281867167755
C004533,-0.006786563073117482,0.010818378463532625,-0.005280900282261438,0.004787098470939041,-0.0029776793569607175,-0.0003064573310341556,-0.0013593281523199842,-0.0006007046343098738
C001198,-0.018653075811109792,-0.01458669662799822,-0.020255091703851525,-0.014626092785830965,-0.020775065930917887,-0.014868441576891633,-0.020386326164127992,-0.02031465185700283
C000934,-0.001826133598650015,-0.00599574285549542,-0.0016564818143840142,-0.004250753187428225,-0.0028532332479481964,0.00032732689068539335,-0.0017503468864082817,0.0010064521561071388
C005047,-0.010313681926340747,-0.004356027716191845,-0.01019741035007802,-0.002064923020008567,-0.009083616241858897,0.0002018238344275842,-0.010295766338842938,-0.0007981414374387135
C013862,-0.01569859211746836,-0.015301830737136908,-0.016849912046055533,-0.014940530838063506,-0.018306628308746416,-0.012748411136596898,-0.016467695388827953,-0.02129623421795717
C009400,0.004312485628917634,0.002933437852046635,0.003361005395660892,0.0022706969452498866,0.01068093607953782,-0.003295992415983814,0.008579351809321522,-0.0012248753068900163
C003805,0.027635511215300106,-0.005032368208988283,0.027481849307318472,-0.0038761405913042553,0.03172876682393876,-0.001552610042138376,0.02879980636195346,-0.0031772346759370816
C001113,0.002984032619749882,-0.013719679410451411,0.0012814217028220773,-0.012973332372009698,0.008995510161559325,-0.0026387708125576665,0.004189789021201309,-0.005917526784964981
C011242,-0.008105291497523965,-0.006791368076784755,-0.008605099403313806,-0.007328653963052961,-0.007989839434251902,0.0004902549187564529,-0.008164014072746046,-0.0030432702430608495
C000861,0.010415555482684621,-0.00974644959268232,0.009471397730873615,-0.00907279628088106,0.018819235376176226,-0.002444386259507265,0.016051091224163285,-0.005690960633905776
C011401,0.03156115494303468,0.04222807425472644,0.024518532848656155,0.05154083931349523,0.031247537434850238,0.006068132539864007,0.02388327049918054,0.023350949592465958
C008110,-0.003678775854048748,0.0028677939427039067,-0.003495611359920053,0.0016266317555304233,0.0002394780450467858,-5.431639759155925e-05,-0.0008464019630838214,-0.0002308982075478337
C005799,0.006884035886644577,-0.015287499475577324,0.006238554596315987,-0.011416261385399981,0.004914382940984971,-0.000252375071762172,0.0032705170835435455,-0.0019562474567451087
C010658,-0.0002631749373943,-0.0036452738634593874,-0.0003554995235017359,-0.0033189550586094864,0.0031686301908729563,-0.0008245435198053648,0.0004992547725549859,-0.0027372615272830956
C005250,-0.01040426408284896,-0.010049918419030815,-0.009850700430531411,-0.011127450025146202,-0.006418011979857614,-0.001937177813991653,-0.007605588710911477,-0.0056465874050996715
C002530,-0.017298103357931926,-0.0016782889756628019,-0.018402630583859853,-0.0014181927228056352,-0.02011208429313969,0.0033559059133748625,-0.020061005699006484,0.004273736520136531
C004559,-0.007346504428475769,-0.00042792854904715914,-0.005846524386037123,-0.001518101295154411,-0.0021307706681717477,2.2365701958416358e-05,-0.0008092584191661568,-0.0003160076748851062
C013519,-0.007163371357303356,-0.0019511652929493758,-0.005967011902454694,-0.0026436884175257786,-0.001656327360666026,-5.006316815004369e-05,0.0009682582724733599,-0.0007070129281228251
C007755,0.025696187272044847,0.032423064464049293,0.019667871049712272,0.033927716999809954,0.027782827212192555,0.00331028895141536,0.020724018571111055,0.013085113994333626
C007357,0.0009055311934622761,0.01868535925712276,0.0013485993238725783,0.016629499536144815,-0.0077111015938440665,0.003665688845293319,-0.008447603744797484,0.009387786022430825
C010199,0.019277666504848013,-0.028494756861524143,0.02049517543122467,-0.023097622703917783,0.02259396114555599,0.0015595436400920194,0.020091878564126517,-0.0005600798831726224
C010165,0.0011733429644903866,0.02936996663985121,0.0009166177996733369,0.03587298026155657,0.006430764091389595,0.0204414065974111,0.004716320318150866,0.04004091456573129
C003635,-0.011805735757482679,-0.010159927742781079,-0.010079899687906497,-0.009550559350287762,-0.016393816096185284,-0.0004373759463916903,-0.015615498371458562,-0.001089582060693756
C012343,-0.0050140727635869,0.006503727194491226,-0.0037629001624092245,0.00301533737431821,-0.0030482054099253432,-0.0008945604498794543,-0.0026886124599348332,-0.002193501809323319
C006280,-0.0034597541791070246,-0.006073835063831796,-0.0030597543456607553,-0.005482151672625089,-0.002272625304618449,-0.0010170893924465847,-0.003077202289497721,-0.002642311487843306
C002571,-0.0008558512249455747,0.005510766635176873,-0.0007957747905734933,0.005187466127047156,0.002418995455012846,-0.0004445845371176954,4.5408813013758655e-05,-0.0007895314992034926
C011563,0.010846676145803947,0.026513506735415686,0.008743596431164312,0.027379707903068175,0.014625593404134576,0.01602165111138991,0.006657269160619888,0.03028714315514021
C009891,-0.01565074190375326,-0.010544119973269048,-0.0167729782927548,-0.011392320091139583,-0.01830389689291067,-0.005066195789873738,-0.016355646853233697,-0.010386689883639999
C009047,0.003403450377010059,-0.005706214675986983,0.003386399641716151,-0.004434373020804681,0.0019198366407872048,-0.0011198426892054284,0.001036192507912959,-0.003211611466153971
C010398,0.009278360741369484,0.0044885374745106425,0.009349241113746196,0.004747637855425018,0.01078010086871426,0.001485296947808532,0.010139908637312088,0.004726654691782193
C004077,0.0011393445340092748,0.011698962987602654,0.0011316282402213235,0.010249022930182851,-0.00034422135117244136,0.000570343075846396,-0.0006900653713505738,0.0030040304814482654
C005037,-0.008427503078237806,0.0011951014741570561,-0.007963635441263335,-0.002278449794085059,-0.006381182441207525,-0.0007721551112526044,-0.0076875843657078806,-0.0029776330332846814
C000773,0.0011358557759207882,0.022427066884554207,0.0013731842015193311,0.01925782814322542,0.0044788938183671365,0.0014727715839090133,0.0025666137265356963,0.005862309360032646
C003845,0.003853222220706824,-0.0015516800474943244,0.0031650197905719697,-0.0016856211429020912,0.007413768830337234,0.003053298706469551,0.004356621524789097,0.0044805604088988035
C012165,0.012541217657476154,0.013077487285690258,0.012172515629140266,0.013172799699399192,0.013658362933680128,0.003338884693260331,0.009942216636307366,0.008966458231284764
C009056,-0.012925549161159582,-0.007855683818685516,-0.012135890121606561,-0.009910377031911714,-0.008837506507528084,-0.0023347818471953262,-0.008974510981579954,-0.00711021718069824
C007630,0.0030824646499270393,-0.009919613475025194,0.0019953246116760333,-0.00903986432205573,0.005073521343907309,-0.00010546034947836574,0.0036178563636464272,-0.0012194912983221687
C010192,0.0031449847568224233,-0.00851681205305514,0.002542088309375444,-0.005970598476493275,0.009116500145409956,-0.0017865747836524318,0.009018602692007134,-0.0034235496054007804
C005194,0.023052271174188132,0.04019428986599356,0.023878438725037487,0.04962469231195093,0.028780163798257236,0.0119183556546711,0.02518810400762834,0.03543064519275403
C009200,0.0017985432711025333,-0.027830207557743968,0.0014088626981338614,-0.028164153614494487,0.006648829418826688,-0.023896948159316454,0.005858382705256206,-0.03735281468856273
C013174,-0.013607162253854374,-0.008658334696137367,-0.01386818134267723,-0.008637014855572722,-0.009932525692525838,-0.010105036435193565,-0.010120881011704193,-0.014599359899935929
C011117,-0.011094037395070115,0.0008608240250261909,-0.010681192880326002,0.002816587840431168,-0.019896749199144904,-0.007079235046132298,-0.019549662698587857,-0.009573937313721977
C012742,-0.006027050118147133,-0.02038133416790854,-0.006668980375359484,-0.01959289712009353,-0.0034924806636162805,-0.01985356526742001,-0.003920378154818881,-0.030995962419133428
C010698,0.005165578776798423,0.021847395354869598,0.0049957604874551545,0.022373347995479784,0.010172812614532045,0.008416951966585332,0.010089650791956162,0.014975457908888233
C001300,-0.0016109825411095506,0.005810602232127847,-0.0016917718607217854,0.004367053835282605,-0.0009208682980240951,-1.0957478965639301e-05,-0.0007845519146988098,0.0006851143002432594
C009549,-0.012712297406732288,-0.004235364464266871,-0.012643942601183376,-0.002283035360273349,-0.010828652022530756,-0.00020044978414967017,-0.011637757246475859,-0.0010236825006828168
C010628,0.006910883436964361,-0.02281764953204804,0.006107392670835588,-0.016265775831966162,0.00846543372549427,-0.0025209536508833735,0.008667971333116503,-0.008410445111645766
C002027,0.020091228078650766,-0.014108221038150168,0.018826716628350726,-0.013544411427580663,0.02662721455149178,0.0004731645296296796,0.02252899688783707,-0.004331896760328671
C002204,0.033559656503353005,0.045885007323592096,0.03075593908077777,0.06580834256345532,0.0337892745768133,0.03547490579597356,0.02902989461538025,0.06837684367806438
C011522,-0.019379334057168157,-0.018851477758184777,-0.020517555551919288,-0.019081325819995994,-0.02246803961758912,-0.009539858356093335,-0.023643740191789435,-0.018193723741149186
C000637,0.015298595906093062,0.026147475307140053,0.014243410228243514,0.029273566049413082,0.023513628984674937,0.02131147051287677,0.020529782155662098,0.036604844836740626
C012624,0.008888897108330943,-0.015083696065710079,0.007987685495998636,-0.014895054420678617,0.017101514691752664,-0.0011080951931074722,0.014440950531513841,-0.006956820429095425
C007480,-0.016220672939741176,0.0027778289644182054,-0.015384910156120028,-0.0008466918631994486,-0.014317418483400497,-0.00193184034854752,-0.013627599214118992,-0.006366449194806037
C002159,-0.000757076757543155,-0.00613693195537334,-0.0006884326994170131,-0.0049565386337888755,-0.002472987679123389,-0.0007722038488817376,-0.0017969304681014447,-0.0021658916863759327
C012830,-0.005225824202309142,-0.007371213052714427,-0.004997342088375708,-0.006545510334308878,-0.005390348531821999,-0.0017768396754988384,-0.005688117366613161,-0.003470778529030036
C003509,0.025929884373055004,0.02266491168131797,0.020017163830070656,0.020729338949241304,0.027996921766932043,0.0015053459057843535,0.02103006367807438,0.005516431587449674
C009458,0.008118458581890557,-0.01720684692229721,0.008249644092470327,-0.016623262629533612,0.010590746798661031,-0.006388437629128892,0.009070817146873043,-0.011432825929318475
C007957,0.009549415539886991,-0.025525706134456844,0.009353058822186365,-0.024595384550466348,0.012359409803122301,-0.013500487943133119,0.011342051810711401,-0.020340824952169937
C012426,-0.005963624174285933,-0.002190864653135427,-0.004968299455501902,-0.00261587159298928,-0.0020076713382104604,-7.873148810811217e-05,0.0001261531475077551,-0.000796273222830399
C003247,0.0025424240122505514,0.020169651456868224,0.0014615571178197033,0.011958104800388123,0.006402139420591471,-0.0061144004145984275,0.005204787792819845,-0.013883627140501044
C009305,0.0006624880131485252,-0.0029009046739253207,0.0002828380684627744,-0.0024604188812805358,0.0045682726589662956,-0.0010492090463230937,0.0014027244191362179,-0.0030947410003512527
C000646,0.025238132341446548,-0.004880199605370779,0.02285429141703614,-0.004853885932707742,0.02893708031492336,-0.0022698929586240967,0.02399378064145826,-0.004275140764041616
C004433,-0.013611903807465131,-0.03448928525794988,-0.018942684858631244,-0.035420264329360636,-0.015905373717628117,0.0007872259301597473,-0.02292417259907939,-0.005127513223193774
C002544,-0.003548106846889938,-0.004961883590578407,-0.003129641399792515,-0.005792820678223969,-0.003308313004983497,-0.0005874628199937418,-0.003845636861652542,-0.002057401629762358
C011293,-0.0017595160068745092,0.008290336865037926,-0.0015342315959083646,0.007458004128806693,0.0014668940564821844,-0.00015423829826352164,-0.0004331076632774929,1.3448980579519173e-05
C008859,0.002633725059326981,-0.009903214019100506,0.001678739277058157,-0.008523880741310354,0.004645664079049731,-0.001276751330155231,0.0032299667525268853,-0.0024239396122371793
C000240,-0.015631476139883752,-0.009583965934152434,-0.016747442324000737,-0.010692559137427879,-0.018306344515712,-0.004006709938134181,-0.016347879532959228,-0.008588802768448646
C003482,0.019379327341391722,0.031119136487788985,0.02010863983310718,0.030574580115785975,0.024359792586243677,0.012407011616755037,0.023053530592831026,0.022151142628666468
C000986,0.03669482697916424,-0.0032790082447917905,0.03585998612315428,-0.0025152857159867316,0.03536843713163241,0.0002859311993371498,0.03136437163510573,0.00028730258704966514
C010476,-0.01958280910949734,0.0012836116805341287,-0.021123506354597768,0.0005263687922311685,-0.023743460031679292,-0.0026490329423909244,-0.025861266577000098,-0.0014651167039812763
C006687,0.011987062949248846,-0.003391038250993818,0.01239620580957497,-0.0018503611008963373,0.018031489234582043,0.007505583034789296,0.01637356960625972,0.009021028037317054
C011919,-0.0173484044539015,-0.01875258555422755,-0.017922948850388355,-0.018925143608567903,-0.018397732785878796,-0.009158401389290064,-0.018401885092660716,-0.017830621469556215
C002118,0.015861923719165026,-0.0024560756472087665,0.015750945334373097,-0.0013607397844936288,0.019007176844793357,-0.0017198307043667085,0.01714804154682828,-0.004191191275133721
C005221,0.018341106994372473,0.01916789162373399,0.022763926779265614,0.02162613711197203,0.020357547978991728,0.01885465186336683,0.026131388395264066,0.027397594832328318
C000753,-0.001247874102255956,-0.004120446554443009,-0.0011897843464101152,-0.003630619190148857,-0.002179603913231843,-0.0006870441760885885,-0.0012337661256803724,-0.0012474013460189025
C006869,0.002592546487848354,-0.014349613426384309,0.0007844734493489492,-0.013700519882480113,0.008127346450811054,-0.0032346339175799714,0.003659822427968336,-0.007437466660248336
C010648,0.0022074062486143542,0.018737047060834258,0.000991830446189497,0.016290904765831612,0.005867593071591118,0.003742221562759063,0.004605213614414118,0.006930272294756183
C003207,-0.0040277407777304505,0.004675310194459456,-0.003316592084173424,0.002654537087930864,-0.0021075907150194355,0.0001190124351551596,-0.00092480747798799,0.000300613414242818
C003918,0.0014530310395041567,0.007829465748166831,0.001472747774244769,0.006719672553817343,0.0011575857307781394,0.0002535497612225297,0.0002946030104811316,0.0009064482670878491
C010349,-0.006810387536326782,-0.01516329087916445,-0.006408087957520289,-0.013932625531805187,-0.004201325166707044,-0.00150911327942404,-0.005590886117308494,-0.005165836477799296
C001899,0.006973374050286072,0.014891713488183307,0.00718286246369825,0.014573306934213538,0.008978544286643507,0.009472978682726386,0.007701616020922398,0.015908183844333366
C008596,-0.004159022854541457,-0.0009573625303333405,-0.003224126929064675,-0.0021219246600419957,-0.0031295604067762247,-0.0007478126709336609,-0.0028295766049642357,-0.0020761672645643017
C011243,-0.0020944909580981118,-0.002873709578173226,-0.0018384636008000122,-0.002653880707038433,-0.00030250080424634154,-0.00020724909393869955,-0.00027048395929923235,-0.001395941640498703
C009253,-0.012507379347245046,0.0011400143152638805,-0.011951854948980472,-0.0005252974516312037,-0.01218088402478922,7.184422692204429e-05,-0.013240969510707835,-0.0005875910342873071
C000852,0.027162300023793284,-0.009869123816771831,0.02838717930142562,-0.008409333639188712,0.03214696698199422,-0.003800499959076711,0.030988062273929525,-0.006525413946416949
C011164,0.009406694351907146,-0.008657278327265382,0.009471241695603004,-0.00855578954812268,0.015450523198556441,3.0266396208625673e-05,0.016791156297138513,-0.0011089384004562069
C006142,0.00838452843657489,0.024955727360117436,0.008688657680944773,0.01384973774161992,0.01205446949197122,-0.013398133348860766,0.011762470002041385,-0.01623837131613821
C004041,0.00954578005679885,0.011982004183707502,0.009786500424931212,0.01026516525522307,0.016117634198500975,0.002512865264580688,0.015394403032398387,0.006777306389726324
C005659,-0.011701968619590952,0.0008622422034327934,-0.010493646233344584,-0.0004361189380362035,-0.018453091496923427,0.0021952380383664987,-0.01852462779054258,0.00574976391027345
C001393,-0.018663091006471632,0.0231538755889223,-0.028023125128883407,0.018150050593615318,-0.020440523767437557,-0.0014010127040483334,-0.0324490238262679,0.003399247598819706
C007298,-0.007795162542590992,-0.0072062950436067716,-0.00866240515696721,-0.007518361647230012,-0.009398909569942583,-0.007049403836212153,-0.009894381005941222,-0.009911579704701926
C003662,3.3811520544840616e-05,0.005350811976587751,-0.0008305318118909368,0.004690552458551932,0.0023675078144085467,0.0007619993113876125,-0.000647450818491213,0.003262542742494298
C008339,0.017264546660798658,-0.007001436205366553,0.013666782372873774,-0.006305731478883542,0.02270978551509488,-0.0015438823888180454,0.016685904746400457,-0.004121912601224878
C006297,0.0030095613040947494,0.013340426043169604,0.0012617139170036135,0.014623235737313674,0.008994249231893205,0.004076383820837527,0.00422271080595327,0.009910425938420302
C002222,-0.01854073829945073,-0.008827035659859294,-0.020162710542963685,-0.009214372188695303,-0.020540611308343087,-0.00393378136430406,-0.020239109783325528,-0.008832942923905969
C007501,-0.016024160443202946,-0.014824462375024104,-0.017060129754537773,-0.014864941180545597,-0.016859393316061302,-0.011990701164738972,-0.016433178138089463,-0.01889447689823968
C006915,-0.0064810238432409925,0.017075643583121365,-0.004215095541246587,0.012711836546489504,-0.006483537017662769,-0.006436646887287224,-0.006205106105132137,-0.006939289649120867
C013721,-0.0036730818905934505,0.000595799462673663,-0.004082803715511426,-0.0002252829347687439,-0.006080883636258225,-0.003186504611908629,-0.005878162467308764,-0.0031663984682603393
C000279,0.023159118899251277,0.017069350893168612,0.024641666812237388,0.018044645681864563,0.028094055048121572,0.007261179119062099,0.028318535862632315,0.014215823996542882
C007117,0.011418666830496813,-0.004993390992812833,0.011900248312085838,-0.003600239247642019,0.017695801404096993,0.006500196437076614,0.016446551175678756,0.007276610338470752
C008420,-0.007237214948976767,-0.001993037627097903,-0.007921496418688782,-0.003904420038536794,-0.005540913037571332,-0.004221140670981678,-0.005885566589104139,-0.005822871907352983
C005066,-0.01858262042060105,-0.01833938391695092,-0.018882683892153068,-0.017352181537578407,-0.02039319210377153,-0.011074400025134606,-0.020757515893101056,-0.018084737788165394
C009079,-9.95763600906982e-05,0.015170636527434576,-0.00019353806315035652,0.012544425246567853,-0.0020502450807267027,0.0004967312677728199,-0.0015137284114882963,0.005068615743278085
C003643,0.01063778700988536,0.022946202110657458,0.010646703729168016,0.02371319127438496,0.01438507334482069,0.014236449686660388,0.012263299663973399,0.024496125549372062
C010184,0.0029373102071537497,0.02263330522684435,0.0038463405842375314,0.022516902463180073,-0.0070813834590363845,0.009318400668149861,-0.00652668607186625,0.017669165664235292
C005511,-0.00253651838082247,0.0008307538777985801,-0.0030511296982559263,6.154082492965288e-05,-0.004779990673393461,-0.0034065556059374195,-0.0046654273851342845,-0.0030962929155533554
C002500,-0.004570472983918328,-0.0013376221091172633,-0.003944898225976245,-0.003237496103223394,-0.0034872768465188803,0.0003707603546978294,-0.004035126253841956,0.00011657475542063041
C013696,-0.008022880514380146,-0.02029508417338071,-0.007388791090550251,-0.02036590917656156,-0.00685803393151457,-0.011860866418755138,-0.0069352423888536414,-0.019347383692439584
C001589,0.017999595033835514,-0.015832537206521266,0.01950196472410958,-0.012627503372471333,0.02051617488540984,-0.0062600896194004215,0.019623446032451614,-0.012573053454910943
C012335,0.00488776309826672,-0.00013911212205453376,0.003992120288524306,-0.00015612968191958468,0.012094668126872482,0.003226093512712182,0.01348959303871532,0.0052618392435437224
C011402,0.007957547592138504,0.0017318662090640086,0.009502118365252183,0.0035117339544235814,0.010933389154314193,0.003048708306361622,0.009465450125624069,0.003779323809594292
C008639,-0.007753840324027805,0.00024998710968799113,-0.008020166860445406,-0.0008251176955503857,-0.01068560299343392,-0.006428662067388359,-0.010001141809592029,-0.007540162916100677
C013233,-0.0020796809980327567,0.002542736347989809,-0.002194322708518588,0.006259613146108635,-0.0012688431881351652,-0.00037282985257703944,-0.0017976937436618792,-0.001405352927577659
C004096,0.00975766050277406,0.01158934942133726,0.00996036179990283,0.01047840064654888,0.016472600732189903,0.0022239191434203624,0.015229017837094017,0.007397805578263135
C007310,0.020426623324947147,0.02728241373558894,0.01929538828988133,0.02820301482628975,0.020378406961137206,0.005935297615393533,0.014579720460515802,0.01784095292313008
C006221,-0.011786306673470727,0.0006933765321484415,-0.010283481356590874,0.0010247854489990633,-0.017459610845245745,-0.0019448549916880641,-0.01716517951698198,-0.004330447507403715
C002158,0.0019052609210178128,0.009251360577404106,0.0009362952794318173,0.007991978125904188,0.000776178232660323,0.004426390166875371,0.0008468008070431685,0.009138974172009245
C008960,-0.004310355706006954,-0.005536699452347188,-0.00380077798345709,-0.0053809071751412295,-0.004046489837354121,-0.0013053396338577733,-0.004438501579418861,-0.0031422875087707036
C007003,-0.0002387244203295719,0.004150563871737557,-0.00029772515239983194,0.0035095620715428805,-0.002136159532766322,-0.00012542377725144733,-0.0015759573556611648,0.0008948292145325134
C010549,-0.011179193571150287,-0.004524853242950091,-0.011080335733273787,-0.006339110317647081,-0.012978036900546035,0.00046319787100594417,-0.014693829016720044,0.00012100344135510605
C004100,0.023256162931066818,0.014553368816388069,0.02353147232394671,0.015099412034013968,0.029359985113494615,0.004847943748563952,0.027860690178512833,0.012359224296418479
C007296,0.009194825902170715,-0.0005326027449914163,0.008598137712968117,-0.00024671537425286156,0.00911013064159898,-0.0018992882108240965,0.00754818463923325,-0.002176222860549965
C012817,0.02391572027111166,0.029272320419765966,0.024587877854840946,0.031026756124945685,0.02517174906753488,0.010961654192813065,0.02276887619472559,0.02704691972208625
C011307,-0.007337605697716045,-0.0020753070768794986,-0.005835864150504243,-0.0027025687648830226,-0.0022513855675050294,-5.405485963163824e-05,0.00011844689253910583,-0.0007060282629743937
C008442,-0.00397695781999671,-0.002274905256912206,-0.0031546317566530607,-0.0035408634219817985,-0.0028051724186438126,-0.0008197329391155028,-0.0031034705472779596,-0.0024725790879021052
C002884,-0.011689063196608911,-0.008582461787477602,-0.012573173835437643,-0.006986339628225625,-0.016758358965811918,-0.007952664313997666,-0.017354251558672765,-0.009568428368345268
C001209,0.020648049356442252,0.02026487359072642,0.021376225056094992,0.02101314743304306,0.025193066634196345,0.013651621423938927,0.025146672887891842,0.021451265434481632
C010017,0.0032501697639070854,-0.010950946857754938,0.0021123781915515748,-0.009588652475833966,0.005268998533440577,-0.0016321487649780548,0.0037454882465783146,-0.0030998429686561863
C012652,0.0082773870286581,-0.0010993120073693595,0.008022561660777932,-0.0005950943985936355,0.007828069314805204,-0.0020164387334958215,0.006803779261277514,-0.001330095691176005
C013979,-0.01947465796003811,-0.011606600405054927,-0.021014622020125395,-0.011034658401591893,-0.023682658737250447,-0.012976227096793557,-0.025808831018690404,-0.01911333622753402
C005405,0.017094706155015113,-0.003042300992038344,0.013322663745623313,-0.0021890680062628416,0.022276823518736732,0.0005692207907240925,0.016070854059827406,0.001623172658237989
C004045,-0.004399945440165168,-0.006260119429166024,-0.0036550835668046123,-0.00413799848304973,-0.003475236202709517,-0.00026993384148317863,-0.001914121962003193,-0.001112230284074099
C000844,0.028705795943519092,0.04150493404399192,0.028341613789477183,0.05513384671803198,0.0320820328515566,0.03372959881348707,0.028558145204967862,0.06098686853845812
C008724,-0.00032887891332985706,-0.014947673487279647,-0.00036593581710760853,-0.005302157086911916,-0.002192068563158943,6.672962368541647e-05,-0.0016157036735829828,0.000839974261551778
C007865,-0.00663215192863068,-0.019375355616330497,-0.00930049259939467,-0.018991632569941987,-0.010442969436685632,-0.002901093453890803,-0.012804827469720557,-0.005231695590172335
C005558,-0.013012588583200186,-0.006725568228715256,-0.013068718912365636,-0.0061305015970631324,-0.0188772376615427,-0.0015288266213613199,-0.019724225786546912,-0.00349904504730396
C006927,-0.005986105549237905,0.0014536602724285154,-0.0066193843341649265,0.001546868549565063,-0.0034344392057532457,0.006591850749195237,-0.0038947679950905893,0.007775417529579776
C012640,0.025298260823330358,-0.02988586838037046,0.027718703729921457,-0.025134473348609063,0.030087378086090556,-0.0002472166266517447,0.033106704410219165,-0.0029996181145848775
C000428,0.010061726862380745,-0.004899240551205568,0.006503122198416308,-0.004491083147288423,0.015794416947571645,-0.0001405240169902128,0.009589856128313631,-3.5415141006563555e-06
C008769,0.00013227636265827645,-0.01342578976937735,-0.0009126015409375556,-0.014234816964323825,0.004424852290261367,-0.0016387475133854865,0.0044436345413329595,-0.007730852397466819
C002822,0.02942168861617576,8.966876932133119e-05,0.02111401235577456,0.0013202439566562013,0.029716123849308173,0.0006824774317803822,0.02143767200618536,0.0027362626018644664
C001760,-0.0001751291103459901,0.010592477215393224,-0.00029484104256587596,0.010639642379089122,-0.008000624841364316,0.006393903443258647,-0.008315640728494087,0.011523422088483042
C012136,-0.011784542371376074,0.007682838599627887,-0.010216861501489663,0.009327711043298006,-0.017190696464951628,-0.005438275458628228,-0.016770190991752056,-0.007809229316250297
C009714,0.017299291907400212,0.020754887999310464,0.016173360327290887,0.022331861236506115,0.025047594577168077,0.012887431345331468,0.0217187729943894,0.024297411610739873
C011759,-0.007174881277260481,-0.01257373165935292,-0.006433224738062087,-0.011197042958840697,-0.00384848277725851,-0.0021131641358497254,-0.004170364939402191,-0.004547392154773975
C012002,0.012571427327988499,0.004137844276548162,0.012940991031889055,0.0043950551002791514,0.016404905024630934,-0.00038314596006338154,0.015145883967101653,0.0020557005679723373
C011297,-0.00477553003557576,0.00950394498032966,-0.004526699235761419,0.004337643490045688,-0.004995810545241257,-0.0005348928380266971,-0.005401907547635829,-0.0032736130956146623
C004640,0.013190907585298632,0.012920523151987068,0.010597085972071287,0.014180745811063272,0.019624489341856125,0.004763927711850941,0.014553238971111382,0.011429912775994741
C003360,-0.0037913917605891085,0.012483440926416097,-0.004580369461770743,0.012798913481190942,0.00541115828769901,0.01630942076853886,0.0026816992549228875,0.02322199973680231
C010275,-0.0037389242973859065,-0.0015869810884728444,-0.0031292501031378915,-0.0020674329673595363,-0.0005993964113845723,-9.939200272541924e-05,7.113807313244943e-05,-0.0009231124288231547
C002416,0.02300042584089167,-0.017619803724302954,0.024434111799888903,-0.013331347467608,0.02792745316946191,-0.003100230991983574,0.028107935970009747,-0.007988895202809066
C002711,0.011611306816892803,0.01753398009964657,0.011851664767903353,0.017783814998988692,0.016868786694820042,0.010018772463044811,0.015405867265393622,0.018531932895591907
C010051,-0.007425257553230427,-0.008298664247346373,-0.005618903257638783,-0.007066468672566578,-0.0075578476617717905,-0.0014112253440589123,-0.007897944478359007,-0.003521764513920525
C004027,0.031086517014636304,0.04033966283142527,0.033252417479658035,0.05009837553048003,0.035307764449167695,0.02113737246535314,0.03478755458136509,0.04054992688005973
C005723,-0.00618629184208483,0.01667883474070983,-0.006853211722590207,0.012944368022492624,-0.003716672883372094,0.008439903035203686,-0.00404529634361933,0.014877134415477429
C001533,-0.004646534317711631,-0.005927299125181756,-0.004080635401502047,-0.005150714768059486,-0.0054707577872757695,-0.0020927899408215646,-0.0058314993694833,-0.003383992821345629
C010473,0.004280386664384036,0.005144973744472913,0.004288774693827949,0.005502765560470124,0.00769013251713933,0.003065885072270381,0.006794691904256582,0.0038760859175841432
C012668,-0.008637213878134318,-0.023853159258991955,-0.008950980973990068,-0.02396675222876115,-0.010891599578469906,-0.02079344112582804,-0.010484744306566976,-0.03459327241142991
C007005,-0.0005694848926504339,0.015694938456443094,-0.0006102062662268594,0.011674246330727505,-0.008716047047040739,-0.0005259282546996519,-0.009075050924904408,0.0032116871732233137
C003229,-0.011522061521493286,0.003263949169788899,-0.010639687452419383,0.0048658940372484916,-0.019418287498986733,-0.006755308178198661,-0.0195169523655886,-0.009683946482225977
C009375,-0.0007124937207522783,0.0007446140093186504,-0.0020250170360666827,-0.002724411516430343,0.0011070037888296811,0.0032623756511598687,-0.0006575669747372176,0.0025834842684773537
C005730,-0.005548885971915824,-0.0006361229611676368,-0.005117543338683649,-0.003185470265301608,-0.0048632110414741254,-2.3299130234766315e-05,-0.005265174148847462,-0.000872375443671258
C009457,0.010916101224705592,-0.019267729275790273,0.011274952081042256,-0.014645665473845096,0.014895231590138837,-0.0014654545750131618,0.014353660281372476,-0.00497785735997611
C010666,-0.01104631040969985,-0.0022797929281821445,-0.010674819813421957,-0.0034198399462700754,-0.01988970285759999,0.0022310074176415083,-0.01947914245534011,0.0037580902456256214
C007582,-0.01083267708300336,0.007198976280866054,-0.00866469418750554,0.006512003152200217,-0.01221162524017509,0.004415425296659383,-0.010929259657106914,0.006414432897575303
C009349,-0.007907494655402176,-0.015242757086857859,-0.008447659192916788,-0.014830700106447285,-0.007352168490475483,-0.011341726409298303,-0.00759233235031796,-0.020159388672587507
C000044,-0.002622655876506535,-0.0018982076121308023,-0.002238227955002584,-0.0020677082566066133,-0.0019689868275403048,-0.00019747902128864223,-0.0013945368740789907,-0.001312906026100891
C004535,-0.010845697589381656,-0.0003301478632587609,-0.010639503484850842,0.0016382305504358604,-0.019824226248611264,-0.004585281083737673,-0.01907296667584836,-0.006576050197283272
C013930,0.0021222318426544866,0.010809715118977783,0.0010394686661715942,0.005271006529335528,0.006321185251218106,0.0062447306884107386,0.00427206434516059,0.007619474125292844
C013197,0.008092711470627656,0.018824111469949858,0.008558342817848515,0.018922911503143423,0.011089997121532984,0.011176296465445625,0.010794169499553601,0.0193161906953882
C005096,-0.011717639824032677,0.028295568541124045,-0.009750831440187784,0.03036104047474557,-0.01356534822897843,0.006664914628623224,-0.012173360866236159,0.022079743186994034
C011072,0.001744807070161337,-0.007284249681027691,0.0012720420051341905,-0.006328496316908569,0.0014031873915229375,-1.511512946607771e-06,0.0016997226041749558,-0.0005269473551526494
C006796,-0.01464326473572096,0.016880896671233797,-0.01248913008137121,0.014042557495177403,-0.017634386338981126,-0.005592246255975019,-0.0155329827475953,-0.00400949058976637
C009620,0.028372862120442485,0.027766905129808107,0.028076059973898216,0.03052804809233835,0.031982156916110005,0.00846372925391871,0.028638378117507773,0.02192893131938305
C013103,-0.0009663313547508387,0.00960016663449509,-0.000981742595246465,0.00560547521832713,0.0008532552396724204,0.001477735782723469,-0.0002739929577093577,0.0032645958016131803
C009913,-0.01554475532397065,-0.009618170434389532,-0.016712044930132966,-0.010401547971370472,-0.018171074776742503,-0.005308503395207332,-0.01646058350116385,-0.010097265451209512
C005966,0.00737927267171419,-0.017621862828462245,0.006603202834006463,-0.012773100850956412,0.004355781346380783,-0.0008085199478259702,0.0027470396386665642,-0.002976290054128987
C010388,-0.0011292185470350355,0.012595007592356678,-0.0004955819490473074,0.01236112212626235,-0.010769064704211233,0.0032738208864756192,-0.011091028538944956,0.008592500048436457
C004798,-0.004121340507765196,0.008136326615701201,-0.0038671902431747997,0.0069321325094761,-0.006195669089592924,-0.0005000441521052658,-0.007946237869841341,0.0009703261621229358
C000958,-0.006032357758671209,0.00022336814675953624,-0.005231593328195142,-0.002715011015440063,-0.0030324534501527996,0.0004008043520974433,-0.0036589641622377157,-0.000681652856160434
C008974,-0.006573169083774345,-0.010390136550483988,-0.007683836024302988,-0.008846689339604624,-0.0104621445879626,-0.006581857411785848,-0.011282882140392197,-0.0103152013448752
C007343,-0.0019990617033343035,0.00861382010989642,-0.0017421017870476207,0.006046689661693733,-0.0021071067021204964,-0.00015769321349617222,-0.0035547875539361606,0.00054453927173554
C004189,-0.00022695813298696078,-0.006247865468931421,-9.798215540969535e-05,-0.006122316366224332,2.2301377652459847e-05,0.0004089106065124265,-0.001546159813199424,0.0016612406507592245
C008674,-0.01415545320986913,-0.016798866490210278,-0.01350584089859787,-0.016442798908220334,-0.01348720371666088,-0.009027736502479764,-0.01396158123025166,-0.0174513815048752
C002594,-0.01143909881097513,-0.0036624624936215694,-0.011761295007867987,-0.002508017178006036,-0.01620401923758385,-0.006325362034856515,-0.017249453759344176,-0.008797395649076367
C002576,0.006660203847288575,-0.01076217473684878,0.006008855592763146,-0.011516084184040683,0.013666406421556714,0.0027727979885011993,0.015220955251593404,-0.0008602702133728654
C002615,0.010651152024489836,0.010075916210983624,0.010784026243635945,0.009541211230494107,0.014756199901111473,0.00672336085795214,0.014167066424658325,0.013184962296999553
C002830,0.009723564197616325,0.019664294800837222,0.009970466115356956,0.012589949893432704,0.016387249730952777,0.0033426212774754736,0.015432417339069495,0.005090122121381553
C005488,-0.02430618411897565,-0.0013807184137168019,-0.0283422936637432,-0.007210236160653015,-0.022512472192705812,-0.0015625804654630516,-0.02550435715410033,-0.005716281164598484
C009754,-0.0014157146944568499,-0.005077289605120151,-0.0013219129188654824,-0.004002609139645343,-0.0017003511651539419,-0.00041261788082191687,-0.0014487840189723459,-0.0020427028097880183
C004944,0.008346737992309642,-0.00489172250441336,0.008031001034217517,-0.003344232323475449,0.00687285286558876,-0.0010563916637862307,0.004859786251751088,-0.0031994364708702984
C003186,0.00377689043414346,0.011637610230067366,0.0038090192060652893,0.009281969330061335,0.005843228769860989,0.0003096504722297942,0.00392316751824825,0.0010489535036656767
C005458,0.0005016674521884785,0.0027090847282962437,-0.0007572208742406969,-0.001438606921537606,0.0032634975501996616,0.004462160487003196,0.0013045322412117955,0.0038845557178985796
C011424,-0.003386473489928829,-0.0025977698236658024,-0.00299151012915768,-0.004129689766811482,-0.0030592995329540825,-0.00035286599537043647,-0.003650403749841977,-0.001424547086393249
C001754,-0.01178905701324644,-0.004950227849831942,-0.010163766407373898,-0.004847011537013055,-0.016944472088750544,-0.0008957759107883617,-0.016409660640911046,-0.003048493186316654
C012186,0.008897366273084356,0.029150049073777648,0.009173451180354883,0.030898648039124607,0.013831468938524667,0.015667076971947577,0.014151078149340624,0.0261318267811503
C001953,-0.017700259183217916,0.0168699039557785,-0.01733057960849154,0.016129885300883506,-0.016632000537712747,0.0023968938013987804,-0.017756964051628136,0.011236996678314405
C007399,0.011319743604485495,-0.02767249032997643,0.011140687150120477,-0.014627063866168537,0.00783835031167635,0.0018969303552021114,0.005952664889869786,0.00436682594785491
C010315,-0.008759236220432431,0.00032228021280688115,-0.008366962604247798,-0.0030788196532111687,-0.006637377809838426,-0.000750283211601527,-0.008286469833745235,-0.0029767195852491235
C008487,0.009429037040686605,0.009952538964043058,0.00888142746213186,0.009935601636221458,0.006944099836435548,0.0016667276055260844,0.00404662679997156,0.005898844751359172
C004348,-0.01922965893579326,-0.019833512853538602,-0.02031282869410939,-0.019988602993163143,-0.022184201899361024,-0.006408081423437895,-0.02322596621742822,-0.015285444164920624
C013615,-0.004193878439165116,-0.009067108023613116,-0.004952197326034338,-0.008175450834320412,0.005016535348559217,-0.007396945751140318,0.0023009156079070135,-0.009712031791154659
C004129,-0.006024482202330329,0.014946994439282326,-0.006368464984342492,0.0027571939229545494,-0.0092102074434715,-0.0039810596563356745,-0.009569756844281923,-0.012579375666929961
C012551,-0.0006088982711163343,0.007512347476299841,-0.0006781874810182076,0.006376836893550722,0.0015448567710575583,-0.0005357460235911337,0.0005528256414419389,0.002147240623647001
C001714,-0.006844842082327682,0.008221925377221544,-0.006210891262102696,0.003804042074246045,-0.005101758052591245,-0.0011593059030127124,-0.005637944700659909,-0.004277137985637267
C010128,0.01882497063267403,-0.01436318503492361,0.01764374093182671,-0.01392245274683915,0.02600003621489517,0.0005720256389776965,0.022266299059462823,-0.00451727566727037
C002452,0.017053416267048226,0.03290788634121586,0.01371558892510716,0.03951760629939187,0.02280043397144746,0.023845029680040257,0.01697345364035481,0.04491836004389573
C008105,0.024526621297635137,0.03664068137616156,0.025796241414460817,0.04107237163825895,0.027933823831060425,0.01875128582006014,0.027275462719356356,0.03997571793778377
C010794,0.022710698280449866,-0.028338990342331692,0.023788251496762433,-0.020902787992834626,0.026571710823477326,-0.0007849458954384384,0.024983042004016475,-0.0019403171009233062
C008994,-0.004181630478322434,-0.000925565716298102,-0.0036613657484856543,-0.0008378427938050167,-0.00340462704449774,-0.0012166232129218065,-0.003820905916136366,-0.0025482582232929964
C004048,0.01478934208272491,0.0138999036198324,0.01477115277147252,0.014116269789997346,0.020703705360069217,0.00836977378986211,0.017793497878448156,0.015101421510905428
C010265,-0.017566821862383897,-0.01795772674236779,-0.016588412246396816,-0.017874590256235275,-0.017981786794818436,-0.011840308681746757,-0.017481410005338916,-0.019771475725084205
C006771,0.005688329749214746,-0.0012217116389857479,0.004853368980711819,-0.0007579593743976521,0.003205935862361673,-0.0021270397717288035,0.0013749576646503807,-0.0018715538989102542
C000556,-0.0027273792146165214,-0.014998416149362174,-0.0023173342370947847,-0.004035032528083384,-0.0019753420994992684,2.992997639885608e-05,-0.0013762231111640606,0.0015282689371736583
C008076,-0.012226214278258343,-0.01691337673313765,-0.012161370719369626,-0.016093530272844332,-0.01203567520486594,-0.0023803141994358603,-0.011932245474177481,-0.0082281488395117
C002085,0.029055581436095816,0.03865060626380778,0.03169635655595009,0.04541739858981065,0.033808847131373845,0.004433537012342564,0.03331716526171251,0.02228691928638525
C009077,-0.00591944092310919,0.008902464826712305,-0.006166340987708205,0.006417121810722959,-0.008733338462260057,0.0020530618499018296,-0.008205905223261707,0.00573129603576725
C008238,-0.0007767088340826567,-0.006454722370191862,-0.000818165931948651,-0.005096322401967782,-0.0016226950348629712,0.0001616773495822086,-0.0008009830228583737,0.0001044093275014948
C012950,0.01630983074122454,0.03016939389599501,0.013241090753992088,0.03939246796223695,0.02234317228869661,0.026652777098180105,0.016770601655893863,0.04789763474491946
C012635,-0.012891377278878015,0.014973296569019965,-0.012213592800656687,0.013165489888052929,-0.0107656598426286,-0.0011304194881803155,-0.007361589550560297,-0.0013044461706359916
C003706,-0.0010738378425162608,-0.0181427968868427,-1.856031781291685e-05,-0.017444280605760296,-0.0012785698258695017,-0.010683025395852221,-0.0009776511662139143,-0.016456701154187858
C002819,0.01519102454993311,-0.002439693476340637,0.011201553321408353,-0.002459937738284763,0.0200657030526168,-0.00040358362781799323,0.013629795212533009,-0.0015915421926828493
C010338,0.01740330954175268,0.036105466801277894,0.017755509553631463,0.038447998801125365,0.014669385448391753,0.009692486150544449,0.010993216121306588,0.02605468312993195
C002223,-0.003809414280788555,-0.024916400787284868,-0.004207755792548236,-0.021718817495268015,-0.006237348806222894,-0.011850284690540891,-0.006023667436637131,-0.022155426829169825
C009187,-0.0006185127006217026,0.008440963041839902,-0.000695360631691985,0.007677173873792263,0.001373923907132305,0.0021227502298338504,-0.0014441621061229465,0.007002470762729726
C010526,0.0003075387477712479,0.009141736847705471,-0.00021659126574948164,0.008103546679609,0.0018085726336356553,0.0006046882271008658,0.0008494330915878387,0.002615728051564949
C009675,0.010271163149510723,0.012267270042579879,0.010749778422471282,0.008169544186154874,0.016105279722347158,0.002671625447331147,0.014270276345816487,0.002136891829492211
C003317,-0.004698438567403786,-0.0048099178861329426,-0.0036252284671982192,-0.0040646774968408845,-0.003714131326470304,-9.84674174362642e-05,-0.003028996155616389,-0.00047712898721980797
C009367,0.005132195086697097,-0.011206194402811374,0.004954035960507257,-0.010984745170077486,0.010167757119905365,-0.0003852155938387539,0.010094360783006035,-0.0018920531534210388
C009753,-0.015572836016893238,-0.016158741352173114,-0.014003957188922231,-0.015482700075748018,-0.016788977982154032,-0.008185751920242375,-0.014968532189267351,-0.013869534720208998
C011097,0.03140638883682734,-0.004507060169399057,0.030201880774956474,-0.004588576969274339,0.03303911043111683,-0.00010818303028883348,0.02878753893118288,-0.0013037202981840464
C013330,0.02336036518018111,-0.02705962077434371,0.024917552086340406,-0.02031083469037845,0.028276174460402866,-0.0006501209818237252,0.028487219352572212,-0.002149127912633307
C004324,-0.0072161274700476355,-0.008576777823289236,-0.006479773950865619,-0.008886387859641685,-0.003939633659360547,-0.00021394861364115844,-0.004243621801185134,-0.0018861372024850484
C012497,-0.004903738395068528,0.009594004274938051,-0.004667064751681871,0.00443331633246559,-0.005108249093123363,-0.000604452714873639,-0.005486701172647974,-0.0034492803493364047
C007497,-0.003536750435447261,-0.0025300294510021836,-0.0031398475292969035,-0.002715179461235849,-0.0027590457165156167,-0.0009459234981245515,-0.0031354150213473257,-0.0024895535179195643
C013207,-0.004061750665759694,0.011461749562640297,-0.005238774261828897,0.01285886157343268,-0.005723520271160954,0.011727144714493116,-0.0074013604798903645,0.018916340833182214
C008582,-0.01390397864807875,-0.009435447195544722,-0.014167638446794768,-0.009389830482831069,-0.01054518151889131,-0.010689063186989057,-0.010690662320654158,-0.015463658615984094
C003216,0.0094742632535999,-0.009371854537041095,0.009768507334605036,-0.006477980560274271,0.011949820848798174,-0.0020421171989880756,0.011573232979642172,-0.0012666776083213364
C006211,0.0021933510927093338,0.0037110804101491857,0.0013347475619989086,-0.0007180984344566971,0.005119826736953654,0.0021271024765275527,0.0020146367720166735,0.0006262361975274819
C005924,-0.008485319737532008,0.009227647230001778,-0.005676180651293271,0.008287657105853777,-0.010874006761713717,0.005085603735423006,-0.009059597064647566,0.006126833640919645
C011745,0.00043214575298051923,-0.019339152330139008,0.00020861407437247807,-0.018521117754247238,-0.006865651821472727,-0.01377993978243325,-0.007126516024403264,-0.02111407249404294
C007248,-0.0033477050437237016,0.0021877043501361913,-0.0029680078458247288,-0.001013388528990829,-0.0024642920406979583,-0.00013004898202800846,-0.003190317842193593,-0.0007908128372631025
C013553,-0.010923877627616596,-0.019562556978504723,-0.010204922251005435,-0.019532957843754754,-0.010169569494792148,-0.008038813971455646,-0.010281746651849397,-0.015612554821305063
C008862,-0.011935433069411439,-0.013208798420226629,-0.010178302521373443,-0.012084775248056918,-0.0126121747422421,-0.004303109551142243,-0.011894466674626037,-0.009750987510679973
C003275,-0.015531701891002782,-0.020369205417541423,-0.0158678222724039,-0.020722560144805953,-0.014069876441438901,-0.007283226165899789,-0.014087031680956421,-0.01625988950351623
C000524,0.0014284763374248833,0.006188619345685512,0.0015163611778935095,0.004928306440020981,0.002275711440398118,0.0001427586407973189,0.0012269978478684814,0.000260598082140624
C001419,-0.012851638412584432,-0.0034884719129914883,-0.012937650284964101,-0.00293474085327397,-0.018639023646730115,-0.0016095544505572293,-0.019508672706046056,-0.0029056847921121553
C004871,0.00036233344396237777,0.01593556185497938,0.00041695441405407903,0.013442062359315454,0.0005624724638070265,0.0009275982221418925,-4.743041313017516e-05,0.0037784618945633014
C007265,0.005514000470853882,-0.017338839219931512,0.006707743329879822,-0.016467145313674998,0.006261319721233387,-0.009427247567063361,0.005722589226552269,-0.014556928048660654
C000347,0.03595995275722654,-0.0019530303064264154,0.035396915824986504,-0.001658832797442561,0.03522709686320101,0.0003153840566262579,0.031077256885755866,0.00010944835690492863
C006626,0.007096968042017938,0.013645044722284689,0.006842390689754324,0.012669706135079659,0.006473545990844286,0.0007897507650942562,0.00429463468983078,0.0032855509377104075
C009715,0.03516772334434023,0.009661300326402217,0.03493531744106715,0.008972779325901377,0.03525125244162246,-0.000858791734430063,0.03092863167617987,0.0001597816005651712
C002384,-0.018574899249117507,-0.002669334807078363,-0.020205680511991325,-0.003617754908754903,-0.020591305011572792,-0.007951613862364666,-0.020287623360115133,-0.009477694637248452
C001195,-0.0014160590513095195,-0.004001790929726663,-0.0015496103660637384,-0.0035406310419603382,-0.0006612487236770187,0.0015021027168330078,-0.0006148286970974987,0.002828115002420282
C010982,0.03591165813189393,0.0036510061511968945,0.03536721113976654,0.0031690638520639903,0.03522944215699997,-0.00019893117837969544,0.03106149896807526,9.416425529374132e-05
C012706,-0.011480466528742364,-0.0002993691108429654,-0.01065621169993866,0.0009869217390654338,-0.019575382095907708,-0.0039454602559483845,-0.019642996070412703,-0.006155485342085424
C005954,-0.0036864850739212174,0.0018409222985716592,-0.0031544624702358865,-0.0008764312669355162,-0.0026041237176187915,1.4331603439032962e-05,-0.0032362233909569277,-0.0003851006745346832
C007380,0.006283910819770387,-0.012726594299551803,0.005578767457559656,-0.010076768635765634,0.002622404637826762,-0.0009407779465073021,0.0010509218893426302,-0.0033135582995357676
C012654,0.030544198624177073,-0.005242807360747892,0.03188867286084885,-0.0037054659379482475,0.03433916285773194,-0.0017357322031995612,0.03317975682352093,-0.003181936745689827
C002320,-0.004519628967416955,-0.023196063168689766,-0.004358524270035365,-0.022777797804278688,-0.011582627811435361,-0.016722316600383053,-0.011584628792291581,-0.02816357254809555
C000352,-0.01844718359623456,-0.010044047893412865,-0.02003255224583256,-0.010606713863607356,-0.02041106830626723,-0.010167771785691029,-0.02010603860506111,-0.01518384799061906
C013387,-0.015659405660288676,-0.01573254055962228,-0.016784335694933896,-0.012069943407686346,-0.018303565982999544,-0.013685846603272371,-0.016360736717195533,-0.020823354226409352
C011551,-0.009441058843866415,-0.014030348134138303,-0.009143699872184797,-0.013315991648832525,-0.006524496300744761,-0.0024073632972733024,-0.008368478777453319,-0.00610431827516157
C008340,-0.01554475532397065,-0.004220627370214641,-0.016712044930132966,-0.006029427888934708,-0.018171074776742503,-0.004424261396926512,-0.01646058350116385,-0.005915539745340964
C001617,0.018664227005764887,0.0205755395179552,0.019433877589923446,0.021456589210090794,0.0226980290051983,0.009137117477341682,0.01943381211096967,0.01897068072972765
C007196,-0.015549724960540079,-0.013563487094104178,-0.013889906377297385,-0.012981579618066053,-0.017152101044976324,-0.010020644244901738,-0.015259916248514001,-0.01475006402881178
C008655,-0.0037404000248493522,-0.0018029138185854338,-0.0030392774083214365,-0.00131284663228679,-0.0034442767613563053,0.0007408423922528369,-0.0026739810767740335,0.001878746651081697
C000274,-0.011008695357120107,-0.014299358602909193,-0.012050321801379417,-0.013084788523228004,-0.013509760519078708,-0.0009281861092333125,-0.014502481465656487,-0.005303970322053565
C007416,-0.002614849049964876,-0.0033772152728077055,-0.0026267510991174804,-0.0035424312564552867,-0.0021526247071485143,0.0009122694604445157,-0.0021591103096121455,0.0016278983656647203
C000185,-0.00872746757771391,-0.020382332552114964,-0.009070420489799828,-0.01860126104469428,-0.010356523189665658,-0.017052483619376103,-0.01207356001706217,-0.028355900706135514
C002809,-0.01726784924235867,-0.011160962817779447,-0.01588150969078058,-0.012866394085075923,-0.014363278992496344,-0.0043263228842181315,-0.014890534263531286,-0.010750968707487858
C008334,-0.0014160133135704312,0.016865318761833246,-0.0008116722505615259,0.015973060270007416,-0.011097926555735002,0.004067094975126181,-0.011446674523548077,0.00843114451274208
C000391,-0.005904918190862101,0.0005251038704460821,-0.005547387221484369,-0.0021790352426144448,-0.003485829431886627,-0.0002845358514436826,-0.004831551248553592,-0.0013847171298914428
C010578,0.037254785544838846,0.012437440835021575,0.03324461646145957,0.010477184926849787,0.03519374974680657,0.00017346245430651937,0.02969118219425065,0.001587926456003959
C013479,-0.005357911842078084,0.006059706259581624,-0.004217764771000115,0.0025863160841043185,-0.0039457297345615715,-0.00022260896011523347,-0.002647273537613495,-0.00033050884395026197
C010670,-0.0036471406562868037,-0.003739224445156992,-0.0031505429372115303,-0.005038486994698882,-0.0039093998453534826,-0.0006222340771350125,-0.004527671078782711,-0.0020193430278378486
C007007,0.032862879594511785,0.022683501846735926,0.031033301171219198,0.022594928955506348,0.03362322133334305,0.0014544465563583174,0.02946615688493297,0.006561849286215204
C007177,-0.006980938977415859,-0.00019475282835088547,-0.0056098785642770925,-0.002545010362896243,-0.0016247660293259518,-5.635614171028384e-05,-0.0007431686266472559,-0.0005683855426150803
C008200,0.020879469196765768,-0.00020405181379292453,0.022293178621765684,0.001959293663569974,0.024642824159288715,-0.0017633287033056854,0.02272269968376541,-0.004132290102431796
C008005,-0.00111214581460591,-0.010501341714205834,-0.0013926001497724305,-0.009093724845267348,0.0005828085985229265,-0.0006109809397535472,-0.0011576108499482909,-0.0018821302308625874
C008058,0.04001832289035701,0.027280149851289712,0.03675402240169647,0.026274442624961133,0.03657059465859325,0.0008616812512772941,0.03148294617899955,0.00407118193221425
C007599,-0.015971441118849565,0.005725188148129366,-0.016402107599510017,0.0033933937285048105,-0.018035107693241605,-0.003289304502967067,-0.01861847180265494,-0.005025427792808302
C003909,0.0033548554116533285,-0.008234855451733088,0.00271701134210953,-0.006809136323855615,0.0037984097920437587,0.0015142724566186469,0.0027893946794240814,0.002516469268011306
C001071,0.02129429058033437,-0.03615648569564589,0.022025108494257442,-0.03279443724770879,0.02520860154680839,0.002881257709175358,0.02608899822748313,0.0018467417030283268
C005531,0.023148894361251306,0.033806421721142954,0.024508465638725326,0.037566127728312984,0.02748077908991967,0.024605829693275155,0.029379632682661114,0.04511653276031027
C011626,8.618735210210816e-05,-0.00043945828188204363,0.0012170249495998156,-0.00020644857348422362,-0.002737015269799603,-0.0020650070280111895,-0.0034573949605879437,-0.0026557640474029103
C009378,-0.0059099422992227235,-0.011398689167704104,-0.005069579993859984,-0.010099318420720647,-0.003052322139959449,-0.0017244052301830784,-0.003753837789965328,-0.003928968554634543
C008591,-0.007866257800110056,-0.006901236093918048,-0.007263997629044327,-0.00789653462015446,-0.005434147134132043,0.00014839548767508283,-0.00599910896979051,-0.0014871867495855249
C004950,-0.003311838588925116,-0.018310487262912702,-0.00303906066832231,-0.018158932143667282,-0.0005914050781723519,-0.005193062280054266,-0.0012106960312874293,-0.011937846693002751
C004477,0.012214648966908834,-0.003997505809273102,0.009696033626307552,-0.0027785508506274776,0.01879372501193457,-0.0026306161658891025,0.013892831488013482,-0.004240824470647996
C013685,-0.012246727574301557,-0.0029430829510279292,-0.01199589578720168,-0.0028416448967762257,-0.014125058072805037,-0.0007142464583336253,-0.0157180816674388,-0.0009391109675456547
C012913,-0.001778107200848855,-0.009949014186309708,-0.0018929372788162098,-0.008569039563258628,-0.0006674326290343795,-0.0005925610604823701,-0.0016097834843774696,-0.0017642798383268954
C001815,0.0027028780611037194,0.00890576633551151,0.0012515869252325371,0.010099684396151477,0.00863944628812127,0.0006000713928754827,0.0038041155994422266,0.003150331255891404
C011092,-0.005837122833860457,-0.00965127885873538,-0.005485012347438646,-0.007919135150612953,-0.0034002405187748253,0.001016948106723963,-0.004707072274803604,-0.0017689481448462036
C008990,0.012259629262557435,0.012628456829619885,0.012291439638079674,0.012385974603473798,0.015542634930500097,0.003750664350714877,0.013660195421441595,0.01026860393382677
C008998,-0.005688796021989293,-0.010607360186891443,-0.006841051418587699,-0.011665464952642986,-0.0013302413744249442,-0.00023264165089195403,-0.0015414797829576149,-0.004899565603421196
C006355,-0.0036708098578305637,-0.012793895001215192,-0.003438047741020393,-0.01124751741124133,-0.00012213452635239478,-0.0016347138575606743,-0.0010754126646948326,-0.003771950954103272
C008605,-0.004140094862906138,-0.0027017335958716172,-0.0034422679005816632,-0.005190517683805764,-0.0021057295053183178,-0.0006849511472137248,-0.002650760452750411,-0.0022337475188476375
C012001,5.415590633703074e-05,-0.002157097781190656,-0.00015024682354854719,-0.0017378367639308892,-0.0006029160665779556,-0.00044670281974533275,3.154699483640555e-05,-0.00016565774926685572
C004464,-0.01803536619234979,-0.0192025393959095,-0.017693767906168587,-0.019249809487753976,-0.016929665156156758,-0.009484706188344145,-0.018099904188888044,-0.01913645932974791
C009570,0.031225065705025066,0.00020319114156459926,0.02393574241602742,0.0005828048675031889,0.03099099110335084,0.00025651265636622914,0.023439144560013,0.0015098215190612778
C010536,-0.01417966373648332,0.006298121674850787,-0.013372791310849303,0.001273437486679474,-0.011870774818495083,-0.004197781682971246,-0.01198138902149201,-0.009085487982627653
C008338,-0.008895940193653324,0.008539658926499057,-0.009691653209161618,0.004633556877396813,-0.01181562118199334,0.005879765757122976,-0.012650983959782426,0.009102088363266106
C012561,0.0017674453324796,-0.0026205758466554315,0.0017526903043878872,-0.00223242878976459,-0.00021565479336277691,-0.0010545141378214696,-0.0005051190963406121,-0.0025951020718817767
C005425,-0.005770361083318093,0.00032489425921044374,-0.006353550091576533,-0.002617118567661808,-0.0031904053383365817,0.0034304158013101493,-0.0038094195346001568,0.003416484197615431
C011408,-0.008283130827230147,-0.01641774615749418,-0.00639933838539505,-0.015551018107997082,-0.009752548497440847,-0.009568533238799602,-0.00844578150116613,-0.01490840437112787
C009837,-0.007360643099679812,-0.01564515698069776,-0.006927622972837466,-0.014724114893230267,-0.004547945318302421,-0.0022908409644399746,-0.005728273403087392,-0.006305056236804902
C009132,-0.015127609968904242,0.024613954710243312,-0.013153830388054266,0.024449735255189405,-0.017729951598623506,-0.0019716980507925573,-0.015697746017707827,0.0025315724012171387
C008912,-0.01703847681184138,-0.012086583495671877,-0.016131738831571835,-0.01083709855526427,-0.016272816252728098,-0.0034887155873675217,-0.015656534274505206,-0.008862138617868678
C004716,-0.007551377817246805,-0.004963162987037387,-0.0069275461574593265,-0.006378687870858142,-0.005292358635974305,-0.00046833140473823343,-0.005501402402724778,-0.0018437861522572695
C005505,0.011953830160686164,-0.019270517572882163,0.012345347907481638,-0.017854746539625828,0.01784526060963134,-0.009474266732064454,0.016111605998360465,-0.013255074050025921
C002752,-0.00431795334057015,-0.0003767812067106281,-0.00401506139249314,-0.0030142312683119877,-0.0045778259608139265,-0.000316798512657663,-0.005068295547108215,-0.0013698633300795833
C012381,0.03292754130476915,-0.002399334696996987,0.031055851930630957,-0.0027043929692313266,0.033644318290846846,-0.00041474011247993886,0.029477506141326083,-0.0010174933742539216
C004459,0.027097711012712918,-0.007415058945154515,0.021977631672499536,-0.006441803515010732,0.029158863017400578,-0.0005102280540856453,0.022767179165030335,-0.0012866379636967992
C010655,-0.009932903849609093,-0.020053568486417008,-0.010257449258047788,-0.02040915721601343,-0.0027756370138379595,-0.006428019192940349,-0.0042512144024113435,-0.0150306317135309
C008835,0.027195395429613908,0.033452126045505494,0.023904063962536116,0.03843981953591333,0.02985605821599216,0.010155661326734828,0.024745787171236464,0.027298469780613777
C007658,-0.006436278508294262,0.018040038841911278,-0.0066685962112483085,0.014842441632526985,-0.009349629837315142,0.007821668848641624,-0.008735587684252678,0.01564235718893626
C000762,-0.008666713997866463,-0.0005714442319689706,-0.008977983002599383,-0.001526902437879942,-0.010615089352161752,-0.0027187579593055435,-0.010306057172807595,-0.0035400320147881597
C006570,0.012078130396014736,-0.0032325010962774613,0.01203417028041019,-0.003367039494753025,0.015173291336488436,-5.7493993204426296e-05,0.013237101349365968,-0.001052288226834488
C010738,0.023822051376070314,0.027022766250425368,0.024502348819564635,0.028875671259647115,0.0293448053341977,0.015486307697104495,0.02689619258169694,0.0268967969161316
C008590,-0.006381791596050151,-0.01260706546079237,-0.006976527246830214,-0.013382848462839896,-0.004522177415963893,-0.002311168975099838,-0.004112628055608345,-0.008649969349670047
C011449,0.00027635348536356175,0.014688648875626115,3.2614141949588365e-05,0.012443755762481069,-0.00031504240512096284,0.0013900106590601028,0.0002619532992649723,0.006736397089735153
C013899,-0.008338450804302806,0.024698853547767904,-0.012703249400691593,0.018815205657835808,-0.005477047529632645,-0.005935854221581004,-0.01169501986155586,-0.00728803602074147
C008515,0.0011509224588155287,-0.006374992311582457,0.0007946029699570418,-0.0053316025797653386,-0.0012922270070300846,-0.001053424889304743,-0.000951005742779521,-0.0024174247372477174
C009476,-0.017306930606813722,-0.013970584670655367,-0.016026004310501277,-0.01310861037134959,-0.018362586838547464,-0.005754922212235563,-0.017700073798441126,-0.011887230133842058
C011012,0.01725831807793522,0.014604767476914993,0.018693998403462975,0.015662597794067364,0.01932652959022601,0.006339498014588524,0.018631404876470567,0.01151471963024039
C001049,-0.001888107390763583,0.01672830817444794,-0.0016441288461267322,0.01322685261802749,-0.003137424895368624,0.00013706463062552446,-0.0022357106042140383,0.004107939344062906
C004099,-0.0003089443358928474,-0.023351996858020217,-0.001048181883370695,-0.02159010018451331,-0.0020941676339938957,-0.011730569519581104,-0.002052222677075432,-0.021930589429445015
C013487,0.010558561186993363,-0.012738770422473712,0.010651564138278004,-0.012026497768771785,0.014651615401877016,0.0006284430271595638,0.014074277157613883,-0.0028620498314032455
C002700,-0.01542443838885668,-0.014294769128349462,-0.014006199912402612,-0.012617653013591872,-0.015702715558457408,-0.0024142702719411207,-0.014154410368260073,-0.008028376839061347
C012663,0.025916416702582643,-0.005169440082323327,0.028041386836227047,-0.0025767020759912395,0.02988322310986924,-0.0022178024132018226,0.032488198834197526,-0.007767098958198264
C012400,-0.013044998877700338,-0.0035597614451698123,-0.013556287763110414,-0.0023663920996426025,-0.019981416828569794,0.002385198279162127,-0.019050839032406137,0.0013153808246235954
C000052,-0.0008700046788596198,-0.006782302793127842,-0.0011502561155629363,-0.00574816571999814,8.146905012919655e-05,-0.0006813418523461236,-0.00016442535043986346,-0.0012050140891117858
C002968,0.011151586662768352,-0.03156414794521676,0.0113316760972711,-0.02378675216754665,0.00771956686296048,0.004519161706076242,0.00542262310828714,0.0001233738551845103
C008422,-0.014931771000276683,0.004719003029229129,-0.01625076644218025,0.004521699210353918,-0.01900484444091497,0.0005821063369245021,-0.020259878450771197,-0.0003474064332329463
C013074,0.021639132561915762,-0.01002417543416333,0.020134433550063995,-0.009818071131453884,0.02721944128760486,-0.0015370340360086302,0.022674164129404574,-0.005102876834394482
C010422,0.010900250577140811,0.016972297439186126,0.011267863586960223,0.015711410144040917,0.014824841017223362,0.009678505722605958,0.014301082494585907,0.01985030346508567
C009020,-0.00821167584645379,-0.024449829091537045,-0.008687758753126343,-0.02475386131441093,-0.008354613135508594,-0.023324286567528982,-0.008480028838452761,-0.03758431095640458
C010449,0.0008636487478064177,-0.014350395351106635,-0.0007421370243799319,-0.013453469793459929,0.005395052584111155,-0.005902920042627643,0.001534138062954208,-0.011904296064640212
C005322,-0.016642506458274267,-0.00025021177938103185,-0.017676033874969247,0.004618316818658954,-0.0197896579786514,0.00025091081082708285,-0.01985180153762866,0.0026670388712269183
C010563,-0.0015484999244459534,0.020494847252668702,-0.0019315451606050189,0.0193174720561244,0.0007578717606024068,0.012546013804822086,-0.0012449758908210453,0.01939769503217395
C012928,0.01433525795059716,-0.019348512589378582,0.014282619275967436,-0.016534609612928193,0.01768827733331209,-0.00429163326168868,0.013940602065033541,-0.010052565724622743
C013935,0.0016741143263529746,-0.014728340868316803,0.0017648519688593953,-0.009542564004407868,0.0024130969338461744,-0.000714031753523713,0.0012971862045418584,-0.0021783498959488824
C013439,-0.0027090449007423517,-0.007475176469966661,-0.002672043539480755,-0.006428205009121401,-0.0022657826434775005,-0.00016353154104130807,-0.002218019054794211,-0.0007842472820783743
C003925,-0.019934306484612124,-0.018689545663119575,-0.021376457643667853,-0.018644553241666823,-0.02372251889956505,-0.010531541955934982,-0.02564472624405256,-0.01935774782758555
C003091,0.02028916735339196,0.028153279604014994,0.019638028488717124,0.02908202383039768,0.018280809581092877,0.006094224995177288,0.013505904673678144,0.018574703647001846
C007935,0.010193188692085929,-0.0009463051879609971,0.010466050363664842,-0.00046069983377067025,0.013022162537752078,-0.0017625524181988672,0.012742065919318661,-0.0007069518337142175
C011694,-0.004686795162717,0.008439946380081663,-0.0044300220113221486,0.0033664471729311263,-0.004920204119459325,-0.00035765649899690036,-0.005341394106787685,-0.002769732928225545
C008211,0.016888746488262874,-0.011167775010361645,0.013011222611276695,-0.010157133864411456,0.021904142850571896,-0.0017097691865153907,0.015623176243190224,-0.004032436954390516
C009820,0.009768697730483566,-0.005252281125071168,0.006243923575415007,-0.0047184035881480705,0.015546754873497715,-0.00012254376812102105,0.009400535157136514,0.00013096808841462558
C008969,-0.004526671858980567,0.001358451521199337,-0.0040430067745773415,-0.0017167902349537517,-0.004210471948211044,5.0684104901844946e-05,-0.004597131759788623,-0.0006322470478358128
C012208,0.027195395429613908,0.018001626863134845,0.023904063962536116,0.01719120355604605,0.02985605821599216,0.0015086670923115703,0.024745787171236464,0.005616543573611254
C004729,0.00737927267171419,-0.00338814210583932,0.006603202834006463,-0.003027075163589267,0.004355781346380783,-0.0018128936500911626,0.0027470396386665642,-0.0031112040751000176
C002047,0.004405614924830747,-0.004363685152361382,0.0032943863140947106,-0.0035311148913485055,0.006797600463357034,0.0037138081980672756,0.004764825536502939,0.00411888687123679
C005663,-0.010777406095166081,-0.004871527486797644,-0.010667164430705159,-0.0034830284754777223,-0.01976618217503788,-0.0014789551776045941,-0.018786493561113973,-0.00374325931428674
C013203,0.0021030087697078616,-0.003934096435990079,0.0020853538573623823,-0.003051837904804191,0.0014930625579897818,-0.0007587424381359973,0.000557113022952595,-0.0026192741746885826
C013218,-0.001826133598650015,0.016801411007260295,-0.0016564818143840142,0.01381527681263257,-0.0028532332479481964,0.0003140808428809716,-0.0017503468864082817,0.004764702572684032
C009480,0.000993301977126318,-0.0058928593243747045,0.00066515956332365,-0.005018240717739617,-0.0013676825456991348,-0.0011322389392239747,-0.0010219401325141015,-0.0025521329794120865
C010633,-0.007516469447451604,-0.003511448493372603,-0.008582735406946918,-0.0014201578992463063,-0.01204875534358922,-0.0016145265286592186,-0.012591176215687982,-0.0017312097318628056
C009315,-0.004267410780770023,0.0029416205825482378,-0.004453568551955166,-0.002243668502471653,-0.0027078754192813265,0.001819584798790607,-0.005375515306425196,0.0004968944725503279
C010041,-0.004922359239378235,0.005467547443993295,-0.00491736625646908,0.003371463741900515,-0.0003787876396247987,9.842272432002984e-05,-0.0010613792837633825,0.0003818687904768105
C000792,0.004521477311644453,0.020966397244373394,0.004183448524100962,0.021321272889923484,0.009898089958396724,0.009389300965373402,0.009931829032695414,0.015544438387704293
C000841,0.0017814800628528898,-0.013699757257631076,0.0009674546990658326,-0.01322747133131445,0.008129984662074406,-0.00473262881796756,0.007571344285867488,-0.007260353820805705
C013130,-0.005688796021989293,-0.013094537861746438,-0.006841051418587699,-0.013580487449909253,-0.0013302413744249442,-0.0038657634661149283,-0.0015414797829576149,-0.009710494977861084
C010043,-0.0017409709693691849,0.024189236600020342,-0.0015174926680395944,0.028191800805411324,0.0014844410720969508,0.003965074046955509,-0.0004258665876007545,0.01427254161852553
C002625,0.0010587274859785844,0.0044965001814570235,0.0010940308376459938,0.0035846984848136097,0.0009495129900029453,-2.7484663110921892e-05,0.00015712697402152357,-0.00034934678381743126
C005033,-0.004655637655497523,-0.0008941276125184017,-0.0038222103314834587,-0.001697666251700728,-0.003397048807873193,-0.00012863799774291384,-0.00178559800282596,-0.0006793280183962358
C012331,-0.0004773473473618296,-0.006499346659023865,-0.0005778170527685811,-0.0047700408828439764,-0.0012650641782759298,0.0006035410533402435,-0.0005080422619799307,0.0015391515430164425
C008556,0.03728628923172008,0.03127993068142876,0.038212271266605494,0.035457144047323516,0.03563748916177753,0.0017824398340161628,0.031182928077006945,0.011805854733372634
C007925,0.008389754412549199,0.008322212100220385,0.008279585650207243,0.002791038966258819,0.014300758786986998,0.0045948628489725024,0.011984661070259788,0.00315893686942766
C011192,-0.01177475179599277,-0.004556108368505375,-0.010346999405973136,-0.004300256799685068,-0.01777325150837353,-0.0013634431796948198,-0.01762936760090593,-0.003811702700640881
C002580,-0.005745374379383939,-0.003290680660248349,-0.004375170980674339,-0.004428454914670345,-0.0025933716067549502,-0.00019331982248281591,-0.002156221105460887,-0.000928944280566568
C002570,0.005002563246126996,-0.012052473372887711,0.00442749074987422,-0.009432753502796242,0.0011378947167179853,-0.0009975158610336149,7.90423305613212e-05,-0.003225907556868141
C010817,0.00809352779902537,-0.02921617545829239,0.007573236241714444,-0.023527802207130247,0.004475798717139121,-0.001590928573960252,0.0018934932146482486,-0.007424405023015811
C008132,0.00483892688293443,0.008009545945116775,0.003993869079170153,0.007628737793183044,0.0020923115126802575,0.00153930281201603,0.0004875879781224358,0.005369419799927362
C010773,-0.009046451384959757,-0.013040414035152065,-0.008641881647019333,-0.013226789822461327,-0.0068341455566545625,-0.0024020865038292417,-0.007095896886083843,-0.006272750710992461
C005535,0.0015718417276296929,0.003010257497430468,0.0011850651395988684,0.0031248818776869413,-0.004500059878819987,0.004060105960567712,-0.004745222165627716,0.00721856568351047
C001346,-0.003857747359339472,-0.0053940950767104485,-0.0033941094095616283,-0.006039819675046425,-0.0036724374161310213,-0.0005698034280166961,-0.004106830043779283,-0.002025496424117082
C013642,-0.014900419834453574,-0.012164141185714796,-0.0159036129417768,-0.012360272324557657,-0.018974917814608604,-0.008916412895230486,-0.01720700606087237,-0.014474647900337957
C002096,0.0018285539241756203,0.006567323261415316,0.0007168489430684202,0.0070895515436257585,0.005753838740334666,0.006342680832449377,0.0037194961839189297,0.011637133783482684
C013146,-0.003932580786222726,-0.0059030571678583945,-0.0031159924663635204,-0.005952596158278022,-0.0028417940596460185,-0.0004096683688835375,-0.003117669128948691,-0.0014294838925201724
C008121,0.0030563291800022674,-0.022737291312124812,0.0036375996580505264,-0.021287603219615255,-0.005640608056952775,-0.010016815690155065,-0.005403960915932454,-0.016077181321162388
C003356,0.006103896488431547,0.017361757553573498,0.005397716307032075,0.009939244751525064,0.009384983486295972,-0.0015972151228373587,0.008178479108745506,-0.00821478377606599
C001412,-0.0003652715096385785,-0.002706939087886936,-0.0007679314363867614,-0.0024145417444033077,0.0007987383095962219,0.0017532707859933686,0.0002490700088296709,0.004006786151539373
C008631,-0.0009241177132554293,-0.025597473390889355,-0.0008778759731402957,-0.02498756427914743,-0.009344319962686264,-0.016934585902504896,-0.009751476304446399,-0.02728616741640419
C002420,-0.0036794054663312026,0.0004935497965111253,-0.0031432200507521863,-0.0017334870218766716,-0.00263181872768882,-4.6380595520812195e-05,-0.0032563017566749324,-0.0004919495804446282
C007341,-0.018086310547346,-0.018539276872769565,-0.01774992402451376,-0.018686394690293387,-0.01697590593890562,-0.01012254785243484,-0.018152458261666074,-0.019580658351657607
C007601,-0.0019041831611138083,-0.007341028364707723,-0.0019008230298873388,-0.0061458198801403055,-0.0013148069400834453,-6.642244331844513e-05,-0.0010515792357737674,-0.0006595764356464677
C009297,0.012865255491649802,0.026107766951848816,0.01323567708332028,0.0266224297203268,0.015289111004605444,0.010694050954369805,0.013298073488199624,0.020449288457120306
C003505,-0.011717639824032677,0.010389156252554564,-0.009750831440187784,0.008715193136788596,-0.01356534822897843,0.003240855223239828,-0.012173360866236159,0.004448524379021807
C008977,0.024470542722156575,0.036397979102294496,0.022294549740685676,0.045363233201342154,0.028532165322930854,0.026978008151173717,0.023549789981567003,0.049840519766805175
C008946,-0.0002596849655085331,0.01962839393140583,-0.0007067730937712436,0.01621591276455233,-0.007390319806119864,0.0071839911240346175,-0.008544347234439264,0.015505675634231567
C013639,0.032728993016654585,-0.00888717323983079,0.03503254315303906,-0.007811993333205874,0.036344005129063654,-0.0043414188850220085,0.036128656450492756,-0.006299642424009104
C005380,-0.0019809513979597974,-0.002725024546521386,-0.0011288895372187344,-0.001878398939016019,-0.004023058867451163,-0.0021856686082393456,-0.004655029737225006,-0.00289640265077878
C011340,-0.004409768241429572,-0.007545110069306956,-0.005097248283836725,-0.008192258601001211,-0.001907507992111226,-0.0016415400403354057,-0.0016697215054922996,-0.0031636252653174414
C012993,-0.010104469351593294,-0.0026118092356357966,-0.009741703019721708,-0.0056914697201610395,-0.006302672250829796,-0.0008872030908836297,-0.007812930304261969,-0.0037100283444784993
C008212,0.0035630218109333027,-0.0106700654961258,0.0023399786235262683,-0.009656978495896458,0.005641468784754224,-0.0007463154957757389,0.0039551005599119905,-0.0021081957850829437
C001993,0.0011170755711141934,0.018655576712288006,0.0011514665751612976,0.01615152391373208,0.0009817428202871495,0.0011222945506436503,0.00017642389016432275,0.004820882212096357
C010290,-0.007724197350500752,-0.000764093558036261,-0.006280742061821985,-0.003532859925081808,-0.001794131483810413,-0.00013527620691947118,-0.000193564931711409,-0.0008567878083838765
C002011,-0.006868602495056312,-0.020402138839083997,-0.006300369849647272,-0.020459921186426686,-0.005425978228570338,-0.010365957970132796,-0.00556550901586312,-0.017635552972523446
C000300,-0.004181407515080733,0.008722231505869116,-0.003505397643490649,0.005476241898098359,-0.003526647891194088,0.00010520071058187421,-0.002019060999877592,0.0009946105604675898
C010509,-0.010144360599419401,-0.020819349636503653,-0.009439010888372209,-0.020946248257138537,-0.009320763429951645,-0.01062883524289848,-0.009395469038260029,-0.018022867126641643
C003975,0.002339255068822606,-0.01022590533711737,0.0014617300137691244,-0.008998742655858856,0.004387683094566521,-0.0007452062681272216,0.0029896585386777487,-0.002018699221360384
C008924,0.028233905468542337,-0.011283070599088927,0.02796458504359157,-0.010427563305372563,0.031937653996435424,0.00015564030281343282,0.028671580961137182,-0.003362116266800747
C002486,0.021033121285615217,0.03312574546307094,0.019652333264062655,0.03994056912960104,0.02699959467247022,0.02619899793291994,0.022620002019633562,0.04677874022665557
C001157,0.011249306943785215,0.012261037928288724,0.011588932094077763,0.013302304707329817,0.015941661394152876,0.013710702215426878,0.01498504515869652,0.020833905319648918
C010205,0.00026623632117055775,-0.004577029849323793,-0.0006135328449479926,-0.005781517754735583,0.003719015277862386,0.002715140508916246,0.0016509907754012165,0.0036646079820838867
C005093,-0.018865421134027838,-0.01992387241438092,-0.0198373441370207,-0.020101882644470326,-0.021516050597795367,-0.006455921316380795,-0.02225536331603493,-0.01538734003921737
C009233,0.021830437960086567,0.0047192830480172945,0.01477666260766463,0.003163603951813924,0.024778392298854302,0.00013240971177000958,0.016734223639894165,0.0009313284215984221
C008586,-0.016436616906503908,-0.0077476382549881975,-0.01557908856059685,-0.006708033566480497,-0.014808979709610063,-0.0012976980498777607,-0.014119126201056535,-0.00550130669547993
C012116,-0.006633688387568935,-0.002710521130756934,-0.005093662646676075,-0.004401335886290148,-0.0026799248333599065,-0.0002554945398240073,-0.0018404581693574923,-0.0011669059344691659
C003872,0.015548178221924726,0.01987976077209056,0.008641601799239234,0.01619921173140875,0.020449442005553226,0.0008241790212946435,0.012779505782771663,0.00345914299497858
C013761,-0.0035105497216903524,7.656641745611748e-05,-0.0031226026494489884,-0.0018916781988719505,-0.00265967540579221,0.0008982434230080455,-0.0031406315913754985,0.0012271964646057467
C009667,0.02696440997812735,0.01837177271563051,0.021707685958428254,0.016245501661263054,0.029009162300445198,0.0011689117776904469,0.02250211185991823,0.004067836884002211
C001375,0.00136481325172081,-0.010171844744160686,8.844028681445001e-05,-0.009117608017142806,0.01010028694099904,-0.007492876112004284,0.007197898159037598,-0.010094711298331262
C007188,0.009057999545369289,0.012246252036725944,0.00921605276617238,0.009938435032733634,0.015285733312008712,0.0030104104858723764,0.014740887806410927,0.006352085240429283
C008885,-0.01815350966514073,-0.010250469839286654,-0.018531331641358846,-0.009186895144501939,-0.020656239544045024,-0.00704882160450836,-0.021347780255402796,-0.012018211336510577
C001909,-0.018322658375501396,-0.016581837699697465,-0.018015524023416996,-0.016043871960775107,-0.01719055077201823,-0.013058641442026859,-0.018390595574609654,-0.020342995193899194
C008138,-0.018445158872250556,0.006810781778901016,-0.018165937912251132,0.004460505954423647,-0.01731013205397039,0.0005729669150939985,-0.01850988253200214,0.0009411532369073054
C011578,0.010135305887997697,-0.014913837741171521,0.009760829235743009,-0.010730788639331626,0.007107071385558701,-0.0015550710521029369,0.005628540496811923,-0.004498682232678447
C007730,0.007746909832697594,-0.0033243931690166008,0.007276933162121537,-0.0025966654867365106,0.004007978047949751,-0.0017207627111227675,0.0025241738327371876,-0.0036358098268601396
C010453,-0.009761450698498713,-0.006034802148269113,-0.00985174580118122,-0.006238812504448152,-0.009845002921253052,-0.0019353329216042197,-0.011290868188249077,-0.0031607870316412183
C003389,-0.007976839026690958,-0.01053519158622904,-0.007405556988557846,-0.009114686956542247,-0.005523857779421497,-0.002264558024087978,-0.005522512002730923,-0.0041788587696141135
C002655,-0.0182805186713422,-0.015318762966118515,-0.019798448779727702,-0.01547614045965949,-0.020190402892243525,-0.0039728102589344375,-0.019887200033530898,-0.010508758434359788
C012294,-0.018198746087546073,0.009681821939277514,-0.018569162418234256,0.010814072504167337,-0.020667399560331007,0.004054724691151287,-0.021326699062053908,0.00484283859111325
C003844,0.009811750861377602,0.010881732220545193,0.009047379069823284,0.010623409211627166,0.009996232110944072,0.0016688862909520626,0.008203223775778055,0.006919806958206082
C013750,-0.011786268394275592,-0.006416888472312825,-0.01028797919656113,-0.006059497254574267,-0.01747904830740173,-0.0010868998229604456,-0.01719397718169573,-0.003380382605705308
C004148,0.0164775463679039,0.0037364874668525203,0.017011078288510527,0.004933609728686571,0.01925950617870278,-0.002117161969727063,0.01496900146481118,-0.001701670303821019
C011384,-0.012181360482074905,-0.011932594842173768,-0.011348571668710745,-0.009714331051888177,-0.007983613424289828,-0.0005288335115693271,-0.008357153357178944,-0.004655830940381965
C007152,0.03603819617507911,0.012805556969187787,0.029588362484639596,0.010774007638845864,0.03393343899168485,0.0003107147898778062,0.027139426358770088,0.002203516280197771
C012153,-0.004409768241429572,-0.013500304837474624,-0.005097248283836725,-0.014354505247784746,-0.001907507992111226,-0.0028046460838013374,-0.0016697215054922996,-0.009410524792626478
C009299,0.006368530248158455,0.007972192823065402,0.005655631496310161,0.00790343771478548,0.0027371062747382686,-0.00044712748788535193,0.001143947693386064,0.0023861965681623598
C006973,0.009991946628163464,-0.015428402904255532,0.00905690612189155,-0.015310017429244805,0.01835431211351034,-0.0007743627758766212,0.015613957105471333,-0.006824431192370274
C004858,0.0024152468490833993,-0.0024960415474148644,0.002494836520179177,-0.001889298581568905,0.0028317148138089967,-0.0004883292181582683,0.0015437225568383816,-0.0019724940666595954
C013470,-0.0035014900490310755,-0.006623687797389143,-0.0031070917571515795,-0.006270007036663297,-0.0026216924780265096,-0.00010159694185725923,-0.003139187262274017,-0.0007166981837839002
C011254,-0.018883234928039165,0.017675437810890662,-0.026837072950375726,0.015773694134952245,-0.025429078156375892,0.0075786984542620265,-0.03623504165288467,0.012285194438254786
C003572,-0.017908724240278836,-0.01546911118561943,-0.019317564593403155,-0.015616765279215447,-0.019683987486923408,-0.006041051353450186,-0.01938900032300398,-0.012121795319095676
C008849,-0.01846403603120817,0.006772113362963936,-0.018788225629048232,0.0042767240636700146,-0.02057659119327234,-0.002693347462037361,-0.02102104220099534,-0.0032540584095693504
C012628,0.014183992381198898,0.005679756079590469,0.013951553213719148,0.0062081767808508355,0.015315439203881565,-0.000679573611735527,0.012690358182349188,-0.0003301533673764003
C007461,0.0019738660879150658,-0.003495955220266188,0.0008795307123297248,-0.0035821009993052167,0.008027531102879126,-0.00018266486454821088,0.008508216971022036,0.00020584000088466842
C001783,-0.0182805186713422,-0.012974102091823503,-0.019798448779727702,-0.013020084950570492,-0.020190402892243525,-0.011061045659083793,-0.019887200033530898,-0.01822883085933416
C005947,0.031376727212494425,-0.010771265193299372,0.03262721412772889,-0.009353300116949468,0.03474479808847853,-0.003206046908085425,0.03315540251490523,-0.005954970834457235
C011982,-0.0036724642325613056,-0.0176847294891062,-0.0048733166792846,-0.017433688441932958,-0.004880418789188785,-0.006519681574710798,-0.006713290192858162,-0.01376430967285428
C013681,0.003422199251465058,-0.0056442666381026,0.002775514750307348,-0.0047146235932146565,0.0039057327635565542,-0.001556692739406675,0.0028524447931162805,-0.002075391632261567
C001447,-0.003386473489928829,0.006265196266028677,-0.00299151012915768,0.005140947585203556,-0.0030592995329540825,-0.001294267048850238,-0.003650403749841977,-0.0022400322345256054
C010194,0.003034990066922951,0.024981946260605067,0.003979685035405295,0.018280252594742873,-0.007150088728533881,-0.00632551077072936,-0.006513524857695055,-0.0001626525301302534
C007192,0.0017525180454979667,0.017627580889964876,0.0020486492212004846,0.017171423174539707,-0.006369156951478132,0.005355580919749458,-0.007333148602688774,0.01045668054796259
C011202,0.0010240699694113887,-0.0050761147807583265,-0.0002163605292083785,-0.003957582320734758,0.009789128336468842,-0.004491832705131984,0.006913025258734056,-0.004593726212200713
C006066,-0.016994241265302884,0.018234691123417,-0.015610615118499918,0.016570810376557464,-0.01821535172937331,-0.0010640055502313958,-0.017459568536381417,0.003379946781451932
C005150,0.017422247196942554,-0.015524874671003943,0.016292806349690193,-0.014738140298746108,0.025132519014083726,-0.0011405581730234576,0.021772144700514827,-0.006781669309128983
C012454,0.0008918660220900496,0.009516631852244556,0.0005987715858332733,0.00960031628112345,-0.00594973412675636,0.007328344817371875,-0.006186369728228522,0.012482849085641234
C003167,-0.0037625813865850063,0.002826349408986381,-0.003059346134209679,0.00023584217158151242,-0.00291253411669202,0.000566503104293369,-0.003113232662643628,0.0006881088537135957
C003752,0.04028801548574132,0.010962608189634104,0.03928781579948978,0.010414398720746636,0.036674327163504515,8.177816718581732e-05,0.03276305863861768,0.0019024825067031539
C011152,-0.01824190876829187,-0.018335292345704177,-0.01860465003624824,-0.01879808765531895,-0.02067220254227438,-0.010873107586520271,-0.02129827031521371,-0.01925207046505166
C013390,0.01287685860174081,-0.018020938802409417,0.012551384791479842,-0.015764323080137407,0.01442631497952861,-0.005472470496665207,0.010666784179664579,-0.011415061757991235
C004138,0.017989570010757662,0.02415161986008498,0.01866513748764133,0.025236440491801643,0.021693961855923607,0.012356270060280825,0.01802979092213047,0.024116568401568568
C008625,-0.005872683075121949,-0.011518376489258525,-0.005029534532503299,-0.010513798127221204,-0.003062797007094869,-0.0014704053654191315,-0.0037876758215931922,-0.0037280136859090536
C004258,0.0033622573469691947,-0.003596309317693636,0.0033448239343356096,-0.0027643200807935466,0.0019163436474951604,-0.0010089729380531052,0.0010245408193432842,-0.0028662024785382177
C003480,0.005628735455828943,-0.0037074753385724518,0.006494195865480722,-0.001440865436251245,0.005307595493047757,-0.006021353797726733,0.006097399008557427,-0.008014277126077557
C008840,-0.00045909372496636335,-0.0067733102185824744,-0.0008405723179689717,-0.005804975320125011,0.0006633794772903557,0.0007640807765635673,0.00017099157443783338,0.0007954858648283562
C004649,0.01699261529837042,-0.02587763111081184,0.017280323479509384,-0.01798904437074084,0.017534540535027655,-0.0009356742024554635,0.013988260145426678,-0.0024103932718584765
C004732,0.005225773995812319,-0.018236764394216565,0.004978127528420236,-0.016926696376135874,-0.0005420438042022948,-0.009678150134148899,-0.0024464790239293877,-0.01605796964003555
C010922,0.03728933127404546,0.03298146321414222,0.03588131848973106,0.03606245368687675,0.03572439299633252,0.0023828232074521298,0.03146504666705367,0.010318455263599478
C005753,0.030960734962102342,-0.004044867215994932,0.02992057883234893,-0.004248773827774861,0.03284346862370458,-8.16953245470963e-05,0.02853877176333835,-0.0013994250563344832
C004935,0.00826786628354704,-0.02578818589853444,0.00861692433812065,-0.023809500027196485,0.01168984554027603,-0.0011005680803634307,0.011387475392260588,-0.005846886659981846
C010498,-0.006868602495056312,-0.0198707257459211,-0.006300369849647272,-0.019880751762072713,-0.005425978228570338,-0.0077914536610531795,-0.00556550901586312,-0.014923827678082258
C004717,-0.011029534439383338,-0.015290819224083969,-0.010280549269806897,-0.014255726510402179,-0.006842599622577149,-0.0011122752423557705,-0.007659576905872677,-0.006237794195246374
C004145,-0.0034009853002397745,-0.017342877555810498,-0.0041612512707239,-0.011691560728497075,-0.0005441941744844954,-0.005087234161469088,-0.0004446184012121407,-0.011327539905457016
C002751,0.0360780345416123,-0.005196558858455075,0.03547187728464383,-0.004090317898538306,0.035219767295564204,0.00010816315177216096,0.031119415347581073,-0.0004438812907186609
C013228,-0.015933753710540136,-0.00707166240626782,-0.015252497964178956,-0.007835271639291397,-0.018146238568560912,-0.00021821284951050818,-0.018447797638937728,-0.0006308285706887736
C010615,0.008272815079119653,0.0236972274606519,0.008664998152468198,0.023713089104449917,0.008667059486469291,0.011272875910750896,0.008707649579389342,0.02166687957886521
C000466,0.0261435264266263,-0.00500011195081688,0.026225004833169634,-0.005092390320757493,0.031061619606290967,0.0012817470298810759,0.028859656097716787,-0.001118261946631958
C003426,-0.018322658375501396,-0.013108709439205066,-0.018015524023416996,-0.013624424470133796,-0.01719055077201823,-0.010398432875890548,-0.018390595574609654,-0.01796004425027743
C007495,0.002224821545020523,-0.0013782328572459297,0.004451497230005132,0.0005857463175675626,0.0032651857280246986,-0.00044473897947243287,0.003293113111741139,5.2652720433953444e-05
C005629,0.006660203847288575,-0.014919059463227989,0.006008855592763146,-0.014070379856641876,0.013666406421556714,-0.0016498100231802284,0.015220955251593404,-0.006596837925382127
C002983,0.014080666404726298,0.02176514045479991,0.014976193406332333,0.022664660725990948,0.01577768362159088,0.014385065778867697,0.013174294101578887,0.023754090225034056
C012391,0.020841746654317466,-0.003531069896421174,0.013717294795044912,-0.0023265697309846605,0.024039857818256672,0.0004233459877584817,0.01598778452286856,0.0019565855338061623
C001752,-0.002245267979897685,0.018358849363355564,-0.0027901487146785838,0.015477082984756536,-0.00443891804435095,0.00967199520777896,-0.004346987698976526,0.018022041908716865
C000301,-0.004481025823255696,-0.004157374266075497,-0.0036145333914784634,-0.004140437458986308,-0.004337285898079159,-0.0003142321514432618,-0.0030148106050093553,-0.0010845847977377634
C011394,-0.011686426306300764,0.005197166408036438,-0.011838298681062804,0.0003181309712889508,-0.010327459037237361,-0.002660489979883725,-0.011645954270043026,-0.007079820219080778
C013875,0.005771528027794114,-0.004766601137444861,0.002446612924297883,-0.0037322894230406222,0.012143371019115222,0.00044419495959238317,0.006875900950353803,0.0023209653343012854
C002879,-0.00203699140319336,-0.01246992420994756,-0.002982333042272148,-0.012086509499743438,0.0070410988459315834,-0.00938921478697993,0.004285359633583431,-0.014795407165674568
C011156,-0.007599503196263823,-0.01303703762057524,-0.0069360468388608735,-0.01199960355937858,-0.00483839107290721,-0.002223042970431739,-0.0051970961365857445,-0.004994557451227965
C010990,-0.01695602691079236,-0.01683814619131404,-0.018019491528692394,-0.016953965341083486,-0.019949296556770336,-0.009196592615387354,-0.019951791886834384,-0.01681838575828811
C008565,-0.014505962765567903,-0.012232055900258477,-0.015546784220316032,-0.012482887712826421,-0.016566731117519315,-0.005041164888775802,-0.015144213187837638,-0.011666907845249845
C002317,0.010499003298305847,0.03485771738831279,0.011757111765125061,0.03972557396857248,0.01416764518253106,0.0029077357598815455,0.012051363147157499,0.017675971806975457
C008665,-0.019824286811078347,-0.01902846967426024,-0.021343846751029908,-0.019093618599960466,-0.02384106405190113,-0.0074459909410800156,-0.02590071726272215,-0.01552824008265641
C003486,-0.0072526584594695635,0.015400063652833203,-0.006308752995862247,0.009424618523612954,-0.007620624956331587,-0.0055564687049027865,-0.008979475047789396,-0.010751159681516914
C002506,-0.009247822896062567,0.006065915378320193,-0.010218435303139269,0.009182761479221644,-0.014492665416562038,0.006128018972191742,-0.014795244774625071,0.012872037165577874
C002457,0.03522881010721418,0.0046600639895444445,0.03496434502424954,0.004162362796787782,0.035252022781530126,-0.00029604052659044,0.030930390468004866,-6.747667947063062e-06
C013414,-0.015631476139883752,0.01826283360724835,-0.016747442324000737,0.016309984936441854,-0.018306344515712,0.010608087855002018,-0.016347879532959228,0.019335276126699455
C007214,-0.008299791616933621,-0.0021695925996873338,-0.009178955458615566,-0.004650079049928988,-0.01047485208440616,0.0035012291148060004,-0.011198648907689679,0.0028477119226716268
C001246,0.003146521453467645,-0.014997028837676459,0.003191938598400489,-0.010211238405387743,0.005378336320945598,-0.0008098759554362892,0.003141921176266723,-0.0023745249918282873
C002371,0.0028851404087761367,0.016214577993945337,0.0026710134742558354,0.014481694765963914,-0.0001871001615816856,0.000851231236591015,-0.0004881412395133919,0.005725277554228409
C010389,0.018524231814858537,-0.028560015452279437,0.01927173436138002,-0.021682789194620272,0.022490220293078327,0.0008807508363351846,0.019136604416663486,-0.001101470564533533
C008163,-0.007203992998763897,-0.0021769764570285293,-0.005646724869705503,-0.002733951360296214,-0.0026230194961006197,-3.736426274922119e-05,-0.0008274067525641898,-0.0005910547389207895
C007345,0.0146030014482046,-0.009937899801566058,0.01064681956248937,-0.008535522293661175,0.019551563790967133,-0.000398243201338562,0.01307523481356643,-0.0008677266178281876
C000276,0.01978935014826481,-0.01205539546172294,0.01855107142555559,-0.011868405589777113,0.02649246772886229,-0.0003550441801964493,0.022479743610564876,-0.004738849978603386
C002076,0.008880681935718981,-0.010000675181611346,0.008430015075026814,-0.010107604506233879,0.011992048235341923,0.0007667134761553841,0.011742423977579235,-0.0022196124906837013
C011324,-0.005160112943185269,-0.004210026139286499,-0.0039718978080267595,-0.004786412934551869,-0.003603658347781433,-0.00037087539910977664,-0.0030042761104599885,-0.001339141829375147
C005958,0.00756648962500658,0.022081278758191533,0.00821593389439834,0.013500560522847453,0.0059703701050555155,-0.01296255781245256,0.006525222468263161,-0.012541782429975308
C001826,-0.0074298965040605945,-0.002764936856697768,-0.005927942925548831,-0.002623947535674675,-0.0021905388830787973,-2.6820789265756834e-05,0.0002260665007751122,-0.0006227038147789533
C001266,0.0022704981989253074,0.0059187174225972024,0.001494974276908534,0.005327186609615551,-0.0037298650005208813,0.0021318362697009723,-0.005257383615008414,0.004712705164900414
C004083,-0.0032326488138303615,-0.004711596868359003,-0.002748008804176868,-0.004296458721076542,-0.004078367938973848,-0.0004612282873024175,-0.0026996720648703944,-0.0012964539038150466
C006979,0.0167124044348726,-0.012630038743812093,0.013531735497030396,-0.011611474375344811,0.02262532802762295,-0.0035560333349477103,0.016937306492104346,-0.007235248226012629
C005785,-0.0116494840607873,-0.01187438752045018,-0.01054928901653058,-0.01139787903531449,-0.0187436991512259,-0.0010426081251174726,-0.018858717867973326,-0.0022860799209359108
C003567,0.006617310958037644,0.0014518956708453172,0.006032180683081352,0.001484549111009166,0.008839300827353638,-0.00020362543142861557,0.0048472929389325676,-0.0008050432185987076
C013781,0.010691790659841842,-0.021433505730497703,0.01084505474249865,-0.012813786328505357,0.014799764711739547,-0.00040570471726230766,0.014207094017394228,-0.003640410443193916
C007715,-0.003300113892873154,0.008429347112127448,-0.003066026449513802,0.0077511461478332756,-0.003973527983507185,0.006718630847248028,-0.005842572220478187,0.009300434589008444
C013040,-0.018643113875013263,-0.0067423619932381,-0.020219371352115087,-0.006971524030469205,-0.020781510131200095,-0.0017053040835010274,-0.020368854456464178,-0.004399623815665254
C012623,-0.007868316789045733,-0.0041728416815376285,-0.008418693852260345,-0.00454771485358809,-0.006484964655706248,-0.002661691946608882,-0.005996526937726911,-0.0041050905997584855
C004835,0.0021085589818502855,0.015515652445725024,0.00035907571576231393,0.01567929274803879,0.00736086699501403,0.005149965421257774,0.0030834610520451052,0.014112550700192943
C013859,0.015684236213583395,0.005622717784379952,0.011676475203159448,0.004838467187259968,0.020528446019854377,0.00010608957879664225,0.014109166910109772,0.00010418820223333557
C011223,0.017263475466200454,-0.012551730258677228,0.013657230462720809,-0.011253448081347595,0.022698323765613503,-0.0013094634301390748,0.01666659487588997,-0.0035787208529671514
C005729,-0.005874245737697948,-0.009835317973182827,-0.006479166206237553,-0.00937264529770409,-0.0032854916029084013,-0.0040723069675186055,-0.003832262136008846,-0.009539578048706332
C004349,-0.0021397845973809178,-0.006780750796180365,-0.0018744096903734716,-0.004794017821596086,-0.0003108598959831014,-0.00036471740192670765,-0.0002662209594638679,-0.0017300483820298087
C008319,0.020669833139960184,0.011603573968450534,0.020895544305495343,0.012091974185653396,0.027345970582090925,0.005079134029538541,0.025642500434461046,0.011202005769441995
C009923,-0.011752655115974493,0.025379660290267402,-0.011596534741138332,0.02645622545198079,-0.011514149467668853,-0.0038889370026873016,-0.013008888357510368,-0.005615738933852315
C010461,0.008724922614048941,0.015637364016899725,0.011994074595760946,0.016182297236621446,0.008877871338982412,0.012253980642338848,0.014437578792206059,0.02120527574903963
C013322,-0.003302091262472244,-0.006651172605688687,-0.0028017585873312927,-0.005998775657757728,-0.003033048906635164,-0.0005266628464471676,-0.0023288001724690315,-0.0014012136628201504
C012118,-0.013723062234326398,-0.010586406316215937,-0.01452757354760014,-0.011443458515560636,-0.013247141729133154,-0.004363021346709629,-0.012793370466758592,-0.009656748734078048
C007595,-0.009690326084136076,-0.01978816398649576,-0.009853068472583486,-0.0180755264801584,-0.011386390508906934,-0.016886041036384757,-0.013140190182156937,-0.02812082303489089
C010263,0.019852649181810525,-0.011982873704790252,0.02077250294146483,-0.009353790801907892,0.0245478646602702,-0.003021847707887217,0.02233850388031122,-0.00833844510455278
C000562,0.009413819541730085,-0.030126685101437435,0.009202761791503413,-0.029222306134311777,0.012017971850306475,-0.011885223144259282,0.011019029550541735,-0.021374874954314588
C012132,0.019264381363236435,0.002472289414308518,0.018061915917037964,0.0030051309354260257,0.026234729278218235,-0.0019881020563499515,0.022375644373986724,0.00032264207372277283
C010709,-0.004686643752994301,-0.005534383688317993,-0.003616960045208544,-0.005475534758455598,-0.0037157364521599474,-0.00038045222293329344,-0.0030276297556508873,-0.0012860598455595046
C011734,0.0034217697684176098,0.013809665335824124,0.0034379007273024243,0.012340880359870389,0.0033919514065917445,0.0008109985525510276,0.0019367168966197424,0.0031913194573750347
C001625,-0.004866681146903156,0.003315006549606921,-0.003962832013836136,0.0011627738832427738,-0.003327213709129393,1.919008073037416e-05,-0.0016768729157647744,5.21088963733516e-06
C008866,-0.004607697263649449,0.014993885423888994,-0.0034959966489651094,0.012100096860904328,-0.0031780069089499263,-0.0013773766045820724,-0.0028349505221722565,-0.0015965601944546975
C013408,-0.013044998877700338,-0.01017935022499763,-0.013556287763110414,-0.010952194467449314,-0.019981416828569794,-0.0018253156374725904,-0.019050839032406137,-0.0056075733431599625
C006271,-0.01485442178167626,-0.015804361342762537,-0.015747531264101774,-0.015531488685572368,-0.01876166417452739,-0.011303476467342078,-0.01920521099015703,-0.017638484083645753
C002744,-0.005992144309162677,-0.005699699275450083,-0.005745363362581064,-0.006420431679971156,-0.005791328493735572,-0.001104438248322721,-0.006146996799356525,-0.0027007586847321158
C003028,0.025378740719447682,0.01517095381779907,0.022955225562756403,0.01515564069782415,0.029010521306249218,0.0011526207643170745,0.024076892658333255,0.005674848194227121
C009860,0.00023781693064958578,0.023755776438109454,6.130274399542727e-05,0.021021871424269985,-0.0018367585062861987,0.001957065902764222,-0.0013623030200170813,0.010617395366570975
C006647,0.009536680936182715,-0.012960658006928492,0.008211638561545918,-0.010490769806367975,0.010539761424296998,-0.00133826597081839,0.005727537442418994,-0.004721350322315225
C003851,0.008520438914658203,0.018020472793708636,0.012178652896524415,0.017823151161174458,0.006813756587223461,0.008169781420545056,0.011937775843285023,0.01780337866238994
C007074,0.006690677811487598,-0.009463396723843423,0.006375149568195844,-0.007442262097704746,0.0029396751307237843,-0.0016315907108403799,0.0018145042244943372,-0.0043137476180304165
C000508,0.0013732228350973117,-0.009166204185294353,0.0010140358374942835,-0.008172207372915746,-0.004934494303832831,-0.005586870560444371,-0.005172213433807091,-0.007575069411249411
C002243,-0.005699350936057911,0.0017195859651689348,-0.005338749503357493,-0.001029963143418417,-0.006180124712954761,-0.0007817085458153546,-0.006281807006641934,-0.001505013120351956
C005640,-0.017576161768256895,0.0035194642458570226,-0.01657846058589999,0.0005129690647476994,-0.018072272306561155,-0.0014255503185620665,-0.017569356904508126,-0.004447876164143777
C011971,0.040325510180307014,0.020683331625297147,0.05127318086482536,0.023631595943453577,0.039813753159491976,0.003097910076364469,0.04800738866511493,0.009832427828319206
C008144,-0.003535423370213997,-0.012380484577950384,-0.0033246056123698076,-0.011182898094271341,-0.00010922236284165037,-0.001131121376962624,-0.0010514461109602895,-0.003259938322093038
C007857,0.012214648966908834,0.00371152021475721,0.009696033626307552,0.004926510136767272,0.01879372501193457,-0.00027373582347690656,0.013892831488013482,0.0019235061600660949
C010010,0.0011719064960677207,-0.0074721256210936796,0.0005671035848820058,-0.006618631351368306,0.005654425143535405,-0.0014282868794209072,0.0019843231567202497,-0.004267326956823905
C008050,-0.010702074108069677,-0.0006919344394634375,-0.011085870136804711,0.00016503084001614105,-0.014865110160631405,-0.0006236048687257763,-0.015934974019943128,-2.2401771804528014e-05
C004873,-0.008475847456970274,0.0002618930275208952,-0.007896516329441397,-0.0006437881351830085,-0.007700771242640935,-0.00033789622018810366,-0.00945373412454169,0.00022623579844902584
C011648,0.021493731647365583,-0.010717029732788297,0.021750377086535214,-0.010457795423721218,0.028038610156882814,0.0010507174523662153,0.026493964425203312,-0.0029718039755115768
C010935,0.0029657637837694445,0.006780680082499558,0.0019307940425938583,0.007280210521322906,0.00795002954983612,0.006332224403408214,0.005839310081187567,0.011715992602809804
C003160,0.030782934513290772,-0.011353260570085164,0.03210499121269101,-0.010113210334720563,0.034462463846847695,-0.002967998865875545,0.03319677139447542,-0.006057881205716808
C006519,-0.02500461981950881,0.021887451151458848,-0.04048921901797521,0.01088726296238117,-0.025723068530610058,-0.017237822163107028,-0.043199755830254594,-0.023700226050386627
C003997,0.017422247196942554,0.0028764550366854958,0.016292806349690193,0.0035087173773871915,0.025132519014083726,-0.0013252017494163972,0.021772144700514827,0.0016818869917598828
C000168,-0.017552522401371607,0.011969694146408296,-0.016460122415671113,0.009211787665708916,-0.018295233168655067,-0.0030122646641305845,-0.01775269941332429,-0.0028095598759959295
C010647,0.007975391873539158,-0.008248034997853912,0.008154180793603794,-0.00801882687772271,0.011110102892900547,0.002715149368909191,0.010541686690959331,0.0027756206453618242
C002645,0.0019214501173034579,-0.007337028713813049,0.001139836053094192,-0.0066973020286571735,0.00399412952169789,0.0015007036780940095,0.002587932642669224,0.0015789554139382489
C000657,0.020942393145974448,-0.005740706600505077,0.019576955838705917,-0.005456355380594572,0.026966346802771816,-0.002603631919201032,0.022614155673629597,-0.004689455334576939
C001515,-0.017665338934692142,-0.010390456153510013,-0.018106324578654288,-0.00917818028762064,-0.020299282482312987,-0.006829204274815841,-0.02111236834550475,-0.011612211805597666
C000511,0.004521477311644453,-0.012451571628723408,0.004183448524100962,-0.011402137233466648,0.009898089958396724,-0.0028934814135077413,0.009931829032695414,-0.004514913638574754
C010400,-0.0100103536405955,-0.011383664673552216,-0.010573163726845096,-0.011872268819800367,-0.009367971776265211,-0.003005730632962812,-0.008775866780611858,-0.008352189037939765
C008715,-0.008428580593814372,-0.00044791485649390726,-0.008837551155004963,-0.002274775321516624,-0.009140555435313313,-0.005448050102749884,-0.00915459413174288,-0.006999208391719168
C008435,-0.00426952345314025,-0.0029996115357696276,-0.0034013035769717543,-0.0040453677889267904,-0.0026140738860129407,-0.00020543308132526337,-0.002894882360423682,-0.0008348694120350974
C001067,0.0011016364123813203,-0.00018130374535644964,-0.0005246714906321324,0.001975798353544196,0.0057755205063111485,0.00016614903311060227,0.001843691148680223,0.0001788546895800922
C009282,0.02390749144855934,0.015405947786748274,0.024167601696851823,0.01598136188895103,0.029793540881052034,0.004729735148850111,0.028211625814533667,0.012602261512693655
C005426,0.024666248642077046,0.01606585453592878,0.0270304231246526,0.01743785144797443,0.029128933915111527,0.00876308114934939,0.030679383081287613,0.014922029809169906
C002825,0.007978101713632222,0.0074214621975858715,0.007800802162129583,0.003794501017977667,0.013616219713702306,0.00265122202003972,0.011203362040215357,0.002297810830180843
C013375,-0.02430618411897565,-0.0020579237661397945,-0.0283422936637432,-0.0073734928018218925,-0.022512472192705812,-0.0012086690070774737,-0.02550435715410033,-0.004594961815738822
C008425,-0.005397595767887769,-0.004308780503171341,-0.004248371144853555,-0.0038409984633359377,-0.003924352781296802,-0.00015465817232506533,-0.002619819558305825,-0.000839624258122169
C001171,-0.007124218492877449,-0.010380274759816774,-0.00648234937863159,-0.009233159556932937,-0.005157721544999323,-0.0019871142684254493,-0.0055644930849759145,-0.00409468900212882
C006039,0.005364190483997927,-0.013395999803425016,0.005193154598426278,-0.009926696208661885,0.0020808058775475383,-0.001281795095095018,0.0012965769371864428,-0.003769224638917186
C007814,-0.005735513341407564,-0.02083723809206896,-0.006293759072619044,-0.01993819777669401,-0.0039132547469735764,-0.020977522288581504,-0.004269928646893612,-0.032477318374647235
C007943,0.01626665090401,-0.01595886898658033,0.015178326748990773,-0.01528186737598178,0.0242908488986941,-0.001005556304688787,0.021178890300209797,-0.006834851565896256
C002842,0.009051608723401359,-0.004914701254775346,0.00934628580230961,-0.004050208347962866,0.014200197711236748,-0.000623059168928412,0.014713165358608584,-0.0002908123462017694
C006809,-0.005906446814509116,0.002125737283758606,-0.004726296956544842,-0.00010492998841040647,-0.002953504194168915,-3.992950216755303e-05,-0.0010448255044901115,-0.00031595390276309545
C013165,0.00927113985359336,0.02042929093678206,0.009081596385077878,0.019964642887132785,0.005396105316864253,0.0023536902345480098,0.0041474411326557605,0.008736437428241466
C001912,-0.0005058863583486208,-0.004101715538185014,-0.000876229303573036,-0.0037514950490009935,0.0005967280969280358,0.0018745081846380518,0.00013262554423681204,0.003449895272461101
C006092,0.014448929955372572,0.028756370157352166,0.015375731497626458,0.030701321423628893,0.014780383719417695,0.0181834781005749,0.012507538838099552,0.03286872910754203
C004140,0.004497141531533911,0.0010648210990895851,0.005028464394551676,0.0023743308031658984,0.006615261374432397,-0.002233206624406455,0.0062050539142662064,-0.002319932118288966
C009445,0.017027767443735783,0.001399205411310626,0.01002952761271061,0.0009887597231994323,0.02141132911787764,0.00027789846914433075,0.013573655029944138,0.0018176468394676536
C001133,-0.00900854649630441,0.009288777429800823,-0.006392915797220087,0.008814885225389129,-0.011153955201611929,0.006486944350484096,-0.009296670666951695,0.00905370471967745
C008133,0.0004899223278493933,0.011564977666255255,0.001397559152867535,0.006689986646366506,-0.002973949872972057,-0.00020165654998103647,-0.0023446606234010766,-0.00033586509080824924
C009556,-0.010682552916098065,-0.018190803044780313,-0.011607589772423842,-0.018317144001024365,-0.01595124294013646,-0.006986677072935905,-0.01644599857642813,-0.015253019725741234
C009986,0.04013482905342657,0.02162005564494983,0.04238661531234091,0.02342776964196517,0.035944141649259714,-0.001444366346919797,0.032629306477791734,0.001730380252754827
C000443,0.015190633838102905,0.029784924446133405,0.015006621721208655,0.029672997689749313,0.017762544414815153,0.008533382770723439,0.015536489507670607,0.021403936090917793
C012511,0.00975766050277406,-0.02787143085917222,0.00996036179990283,-0.02238522688555351,0.016472600732189903,-0.004090965565158655,0.015229017837094017,-0.015587160921552802
C000109,0.009171770610586381,-0.00967745156961624,0.009138863288880254,-0.010052784237232652,0.015357338999370272,0.0036372288773025567,0.0167782926802521,0.0017826552736871868
C003598,0.005492488180916294,-0.012063763833626761,0.004866296619725659,-0.009540315592356052,0.00165832519053898,-0.0009957397757002474,0.0003785640505690631,-0.0032878626697874667
C011461,-0.01213105784723982,-0.0075518666067864275,-0.011822837282725597,-0.007077257234218881,-0.011840947439802449,-0.000563984188080926,-0.013139596795133601,-0.0023657558876227862
C001976,-0.008466162665636857,-0.020325406749411242,-0.007811807617711014,-0.020405296826413104,-0.007390940136957039,-0.012054229420990041,-0.007457203018533381,-0.019579921507535684
C006600,0.01453238026300831,-0.01893000058255337,0.014547401481821489,-0.014656099714053173,0.01829278481012242,-0.001435283190459905,0.016859265699306503,-0.005157094683927804
C008101,-0.005990557047904978,-3.590094352498376e-05,-0.004622534306275488,-0.0014707979519472613,-0.002405847586408539,7.722196888071073e-06,-0.0019188311720006207,-0.00019153154123883507
C001253,-0.0075945455301336265,-0.0013650078687577972,-0.008463573981705167,-0.0007320031238517798,-0.008976124380709345,-0.0004598296824436563,-0.009406508349281974,8.835218822483185e-05
C009427,0.005815208704235822,0.014798491308071331,0.006969714065310694,0.014623523842786097,0.006624471053950544,0.011478085659095617,0.006026938509331223,0.01591908315337727
C008726,0.0007273659874465091,-0.00910360675247045,-0.00021926400218918692,-0.008184974836414765,0.007117604213397997,-0.0018069570346750349,0.006347262939551326,-0.0037159021519257832
C000542,-0.004063091593830399,0.0044176562590890695,-0.003342444534673401,0.002436206452078144,-0.0021106198377668795,0.00010501066718663804,-0.0009084921596186396,0.00024091842375030545
C010042,-0.010555594334322517,-0.018143983091910183,-0.01148810714676464,-0.01830161092649249,-0.01583953466491709,-0.005522220547885716,-0.01632033022570721,-0.013771648241160511
C008709,0.011015518091801537,0.022705547761459693,0.013647475953112134,0.02374728971275319,0.014927550924660313,0.019723997236562412,0.014631315689502388,0.029010486639254006
C007789,-0.019467740549017055,0.008537691075039017,-0.020638730533549237,0.012874028577483992,-0.022638596502743975,0.0022252079306736955,-0.023900579721016352,0.007361845191644491
C013936,-0.011822581021845904,-0.0010689287917144917,-0.010083658422183164,-0.001493154121609361,-0.01612523836955141,-0.0007669734352847494,-0.015212626240335305,-0.0026864316472590185
C010946,-0.00019305323459178062,0.01870324228144373,-0.00022993093817538353,0.015419186200324307,-0.0010438186785297282,0.00038068012617924364,-0.0011790150327014018,0.004633555434098983
C013287,0.005479106999294774,0.001831755688158572,0.0052959754197286005,0.001949869618123255,0.002132854512878455,-0.0010500513757489512,0.0013236221710878407,-0.0018284341696604117
C010467,-0.005686195067341226,-0.0044054902432383025,-0.006238949896636564,-0.006223443785546779,-0.0033448451393831473,-0.002243195016903161,-0.003918570865646706,-0.0041707816655750145
C010924,0.0008849915477801607,0.01247203147562337,0.0006618811419030272,0.012325965598942007,0.0059753554386490736,0.009885319632841134,0.004328065800465479,0.01525587871721688
C006739,-0.012161354094528152,0.0023121394717955978,-0.010644563746913787,0.0006730133232941956,-0.013660816870554615,-0.0003518433191457277,-0.01051947111446632,-0.0014518481326262214
C012046,0.024187319294717725,-0.008265963076081873,0.02207990797800152,-0.006945772684351208,0.028380703404458328,-0.00102578658961392,0.023398010609600624,-0.0034401205473977166
C000457,-0.01695312511413734,0.018655773381468805,-0.0165148555743706,0.018505447149343154,-0.01601650530228967,0.0040407318885845615,-0.01698375324704281,0.014870546720266333
C005811,-0.0036125960299493165,-0.004343871187585756,-0.003576450919558211,-0.004568392568029038,-0.011388231478959092,-0.0030008761996591815,-0.011427199276307119,-0.0030486476293887653
C005696,-0.016589728937333802,0.007716348611400722,-0.015716883723045146,0.00424714601779492,-0.01516708505689911,-0.003596605074445492,-0.014486556346292312,-0.006375672880130721
C007896,-0.009467672842567368,-0.005692491353821208,-0.009075559692952578,-0.003996632532762625,-0.0075378987302468425,1.6463629149793198e-05,-0.007687068746020979,-0.0026514073065026433
C001120,0.0071479369685665504,-0.029005354736178796,0.006891003884263705,-0.011614372453521345,0.006492451812527954,0.0038925738226013567,0.004318087220935091,0.010055104358692947
C007268,0.002585844237768739,-0.007364556031588133,0.0020306161501286845,-0.006443537163938648,0.0025876275308175326,-0.0017896747094047168,0.002212187087493655,-0.0029148502715828756
C010210,0.020497989533256725,-0.002886857227393163,0.020716218486940528,-0.0024506235580713004,0.027194967150594652,0.0016852343320681255,0.025450280154458476,0.0005421327414790371
C010217,0.002582996815518872,0.0021523373081474406,0.002430827460865917,0.0019955768422670163,-0.0002234067760477988,-0.0008917649677318723,-0.0004666109046400647,-0.0011809086149155205
C008976,-0.005845090775167758,-0.00976212073026992,-0.006960698792444378,-0.008154629275459428,-0.00915558198929345,-0.005834123325605051,-0.010227561869096116,-0.00939059690618751
C006487,-0.007479702908090008,-0.009622585493573109,-0.006138413021810487,-0.008224836902797352,-0.007680133286817457,-0.001926748485113741,-0.00856240636803527,-0.004674670480087799
C005211,-0.01993365464918053,-0.015303605380727335,-0.021366398792270723,-0.01574024938943698,-0.02369858196525799,-0.014002286155521793,-0.02560553247461975,-0.021531081762352442
C011515,0.0032807957944940565,0.007955103676495313,0.0025389405159499216,0.001429697488328237,0.00661599779112764,0.004008836802825279,0.003508021950304618,0.002063380272103192
C008492,-0.01822563973400295,-0.004306745748224611,-0.0195159345019399,-0.0035925991646751925,-0.020622598659920485,-0.0013595778498374895,-0.020248152610766533,-0.0011672342581223701
C004354,-0.010963869127678067,-0.009736001688760841,-0.010819538466242387,-0.008819941968669589,-0.019981611031373563,-0.004013561605578718,-0.019017955000742954,-0.008299284247473483
C008536,-0.0041906611656913045,0.011533879650324987,-0.0053612131354736844,0.01319609792558825,-0.005993130696912225,0.011782646404196094,-0.007624521620241497,0.01950741624982085
C003003,0.0030427115309708624,-0.005412042153261811,0.0024223807255209164,-0.004776464079414097,0.009051109669239247,0.005444550728822214,0.008925285766601777,0.005417465950121021
C011494,0.012952962680377562,0.009279118340394878,0.012567152533660555,0.009556850309580471,0.01567687963751288,0.0002991164997829252,0.01434575758012081,0.003528394580928982
C012313,0.0020739532455884835,-0.02891580790058847,0.0016270985449369014,-0.028335327140235234,-0.0033380198943557156,-0.01872692848224244,-0.003617206855638625,-0.029804362252941724
C011416,-0.0013270756755282432,0.0006345099860441241,-0.0011403560801232933,0.0008506238716299495,-0.010085024667667235,-0.0018442666642379216,-0.010533457268682649,0.0003602736496985234
C011351,-0.017891280614193462,-0.024523712826165212,-0.025501474469266844,-0.02755792236291367,-0.02233086594284623,-0.01962994112226127,-0.03228100725467857,-0.03177460713114077
C004111,0.0034961949263340114,-0.010629996091149176,0.0022857295614740537,-0.009276042093365341,0.005561572877783356,-0.0015910903957130427,0.003911960290282892,-0.002929868331896524
C002216,0.02243761181532057,0.033918159600452184,0.023728505479812964,0.03580431901666179,0.02724856270019704,0.01584059450070981,0.027181812111813596,0.031621911612865476
C012184,0.002299032661247196,-0.014294722368074012,0.0011077725667080769,-0.013290978964203276,0.007994865871310722,-0.0033912828255968975,0.0033048831757812357,-0.006971528352505527
C000467,-0.007064458076465624,-0.0013836758949199674,-0.0058829285637127275,-0.0024187768260676063,-0.0016984122165534976,-4.839019116964847e-05,0.0008942247223165335,-0.0006732296064584797
C010245,-0.008143813750268219,-0.026100028943294534,-0.010792922794623697,-0.025901055296665955,-0.006656895520018646,-0.009506777994703031,-0.011355506897408895,-0.01740812501570562
C012467,-0.011939168109699236,-0.00807812316322046,-0.010253541345469462,-0.00785403116283966,-0.015014159796660652,0.0005607794433712962,-0.013151631976091281,0.0020056788664967614
C009568,-0.004200313656321449,-0.005747229075966893,-0.0034211662130746163,-0.00039154944603002757,-0.004383735799946173,0.00012613611658230596,-0.0030328590354701678,0.0011896727786996119
C006040,0.008037254991212061,0.01707735480695375,0.007760287477175585,0.017963987478098374,0.007728620148790832,0.011901665262308464,0.007309759386383596,0.020519120462727886
C011063,-0.014965302253700755,-0.01288265175574,-0.015865493898584465,-0.01260814884918002,-0.01518649087816198,-0.002114983625014522,-0.014724114387246029,-0.007048352503690141
C006411,-0.012351575376041073,-0.01929855043918148,-0.0116366602236723,-0.01921648598564176,-0.01167259431424415,-0.007818107566928807,-0.011905356683147834,-0.01583410077922773
C010767,-0.0005051455630737413,-0.004084986662513296,-0.0004982208324935707,-0.003632097557259364,-0.0023025679073950442,-0.000841669812959865,-0.0016917255889771987,-0.0022946433686245413
C003818,0.040304056330157774,0.022010935412197168,0.03901413636748793,0.020836885472470406,0.036767779143378886,0.0002806326464063125,0.03266955721162397,0.0025909686843805318
C008699,0.006090987535366489,0.010680604277529983,0.00501474616180107,0.010172800311605938,0.00242271924001397,0.0007687388042150676,0.000719499219077111,0.004931704365819597
C004777,-0.006728045796878756,-0.001793641911625245,-0.005324653621758198,-0.004609765666507426,-0.0018366244430234862,-0.00032416190782992007,-0.001094459449503841,-0.0013503068422739072
C003621,-0.007511122009622815,0.009116395792667948,-0.008007793166767805,0.008983023779484978,0.0010315480067192133,0.013262441255609941,-0.0011821561394605828,0.017516035378465588
C006657,-0.01681753126401554,-0.002715213510284511,-0.015665660538832858,-0.004728858987842559,-0.01892180285183416,-0.000302937304381864,-0.014578954558336852,-0.0011310195240352497
C001464,-0.0019340777780769319,0.007025666051388741,-0.0024664805911978143,0.007376654859419778,0.0003301855043136734,-0.00034090922489569004,-0.0018847928093912356,0.00045242605605282294
C004797,0.007060762944212036,0.02543108341504496,0.008027827883780174,0.025771937342055212,0.0035139988472562083,0.013057534200581146,0.004636720819754915,0.024387387364453242
C013073,0.012368565574196286,0.0037031450417945246,0.012451414395520898,0.003820633619449355,0.015763292909378942,0.0005920186772986369,0.013924328306343799,0.002698581935058113
C009263,-0.00017707217250795962,-0.006170531413112362,-0.0006187778461468588,-0.005386306537111893,0.001078323508873639,0.0012542407430031022,0.0004105918292623427,0.0017006010029514572
C008678,-0.008143980315522383,-0.005274813867024112,-0.009020592998999453,-0.004237680061885376,-0.010142352289106855,-0.0023758451690163943,-0.010796111266541035,-0.004803911621525664
C006544,0.03344063196805001,0.015007225730536622,0.03097972653788087,0.013057024596724835,0.03379214386179545,0.00044291130454849654,0.029283626564407056,0.0022173318771644577
C011603,0.002391217413143792,-0.011657024008592714,0.0022771334039961193,-0.0085965187829606,-0.00022472155719539027,-0.0008904772898949925,-0.0004511720060004246,-0.0028008857560851918
C008524,-0.005755298523608304,0.003652763150236069,-0.0063172255880603965,1.1968927164223395e-05,-0.00399241820507714,0.0054561180012282495,-0.004330066784807493,0.00640999685291034
C008986,0.0060516954834315805,-0.002315938115492954,0.005334645761035437,-0.0005238474875836155,0.009297439872287216,0.008514500522477313,0.00807761974665284,0.010661140399270129
C008571,-0.01417611414864153,-0.007365192841535944,-0.015031045240942969,-0.008742123675138151,-0.01952177298800521,-0.0013109492742149262,-0.01821319449737471,-0.003522192899416986
C000962,-0.0011575594857165543,-0.00426899224424091,-0.0011189261292073914,-0.003748141584231772,-0.0020712152911224334,-0.0007150297880054997,-0.0011510631553166464,-0.0013161373497325168
C000582,-0.0007165902842147179,8.633704213382491e-05,-0.0007229784181663884,0.0003592723647075573,-0.008978021233477592,-0.0011556341741780559,-0.009356454050643255,0.0008367885382829629
C002800,0.010685921260295037,0.028293699263259822,0.01087930724064333,0.023579196965172425,0.006690477130873137,0.00292038178460434,0.004662955938805235,0.010969959412726254
C002114,0.0036739023416534683,-0.02279343127234383,0.00310357858309004,-0.021294247135692265,0.007679226940692782,-0.0025881417552568882,0.006784975138515123,-0.00529949087729314
C007313,-0.006320511290960216,-0.00321062922230162,-0.004917083122217318,-0.002793128441476149,-0.003317926859925905,-4.616711664080192e-05,-0.0018114163273325987,-0.0004940671347984025
C011371,0.0027930933613828104,-0.013195805771752122,0.004950958572228642,-0.01204355157477661,0.004056974645388404,-0.0037130606263633247,0.003921942692702653,-0.008476548162502104
C003099,-0.0007353339580351976,0.02442507159799011,-0.0007572929272361345,0.02389880140015622,-0.0010436571483984467,0.01586290393164474,-0.0018507612153414324,0.025604718623943094
C011032,0.009063679049929647,0.005019192495227461,0.008656285328417687,0.00470494976642223,0.012327546837837681,0.001260420647412105,0.012026189328801886,0.004987475050517377
C012395,-0.007398421770905784,0.0005516450776864783,-0.005547372624183427,0.0009199208212196818,-0.007528217295445094,0.0035490831209136764,-0.007818206150988887,0.00601350694643962
C005623,0.020911117834663494,-0.01380796113068782,0.021281477829626524,-0.012527026590093047,0.026241450066986163,-0.006346610775129221,0.02302557672678976,-0.009964167443998535
C005555,-0.015163773864125285,-0.01620049023368635,-0.013827176968938764,-0.015373366654422443,-0.014632182674716802,-0.005371384179845774,-0.01342713067564387,-0.011340517997453834
C012059,0.004309444761591383,-0.011575734362355957,0.0034950903592551185,-0.00906057160778651,0.0014092086950266943,-0.00015163463261467486,4.027908488130322e-05,-0.001240984835727596
C004357,-0.0005360044971988766,-0.011509173847492478,-0.0010144850078712615,-0.00996261023496445,0.001654084701094289,-0.0010001301727942304,-0.0003926361428413057,-0.002504627461167665
C005445,0.006157786263484036,0.008908066049884205,0.005356046057595087,0.008442693525161735,0.0038438449901969313,0.002714894882537221,0.0020065028512702933,0.007253567834713994
C012360,-0.014683509739297307,-0.014533881459126138,-0.015987567581423185,-0.015102825815619128,-0.018680460924794185,-0.008219025950906657,-0.01989145098526145,-0.01438366431382398
C004800,-0.00840033817010301,-0.000493212365750127,-0.008707762259443056,-0.0014356474277045022,-0.011082440747853662,-0.0043988019106349155,-0.010517181240058682,-0.005577595721717931
C006429,-0.0080715961689615,-0.021103183835770853,-0.010622238241544948,-0.020515750075758187,-0.00700068331856965,-0.012399176556068583,-0.011462870694416982,-0.020545469843249908
C013480,-0.012183239909927932,-0.007399923535264082,-0.011850559571184001,-0.006956167336472105,-0.011886730556029767,-0.0005268401487580433,-0.013156572353444371,-0.0023202313135903675
C011361,0.0106444701583159,-0.019507829089414234,0.011016285524360563,-0.013812113826089198,0.014146786371883014,-0.0012408310017003711,0.013764702444376973,-0.004063869273644683
C000383,0.0038400966870231357,-0.003790315086451156,0.002610099629088052,-0.003000513406758679,0.005984882587068463,0.003435189938252871,0.004145423773652631,0.003939639424583596
C009679,0.009063679049929647,-0.015320303386497753,0.008656285328417687,-0.014370958024636744,0.012327546837837681,-0.0012793420148238962,0.012026189328801886,-0.006261300162882117
C012361,0.02589883207400207,-0.006678958821405071,0.02332614220299594,-0.006593519969444914,0.02929196558823694,-0.0021378645724550683,0.02437052851392772,-0.004195605904032359
C010297,-0.006624330931199599,0.00029580878457643274,-0.006852384509187739,-0.0008346055415160825,-0.009563264216522583,0.002332251358156194,-0.008922896503026238,0.0028208651261876516
C001663,-0.0011180562887337555,-0.01598391583562274,-0.001099249090926404,-0.015487620432849389,0.0028026133108016017,-0.010942496639097661,0.0016449626728520525,-0.017111262688935914
C004293,0.006325158173882077,-0.017923484589990192,0.006997137336245363,-0.01582669821314581,-0.0020955965150647234,-0.00813372191897772,-0.0019342250558665908,-0.012936194421521528
C010176,-0.018700753656279254,-0.00828838152203219,-0.01852667216939878,-0.009555293012880267,-0.01761421564173687,-0.006699922122789692,-0.018769259502338174,-0.012822235036384556
C007151,0.011331945349566329,0.02644731552729852,0.012588944457512938,0.021882714780987567,0.0091898829354797,-0.009761377819208035,0.010172096387671532,-0.0057272114947259055
C003857,0.011035263679122175,0.03178732596088208,0.010076181885953366,0.04028962158225558,0.019482810120850787,0.024048370230390442,0.01667508987070231,0.045321374089893916
C003126,-0.013156760200646805,0.027006224787449438,-0.017863010152173186,0.01572390863702994,-0.016978727790131015,-0.024205005170294395,-0.0231070619486075,-0.03053288138661095
C013159,-0.019467740549017055,-0.009809587382134327,-0.020638730533549237,-0.0103497247503364,-0.022638596502743975,-0.010711371230992925,-0.023900579721016352,-0.016252180648761952
C008768,-0.017908724240278836,-0.013349843236245596,-0.019317564593403155,-0.013423227595225018,-0.019683987486923408,-0.011210895350609422,-0.01938900032300398,-0.018458973313259103
C012359,-0.007506105704065053,-0.0003785978348245786,-0.008066741246198073,-0.0013228957496068561,-0.006004342695908891,-0.0012604351507735632,-0.005538121490827797,-0.0008118246076183591
C013616,0.011785149566512302,0.007759268712708742,0.012099741695194495,0.008967888673915698,0.01732168470411193,0.014589577534119113,0.015685079417428433,0.020775765706137088
C000652,0.018048550586683358,0.03068555441972652,0.010985144869806894,0.029976895907741757,0.02208229061498059,0.0019982098113402033,0.014160067400667348,0.008286259394787552
C001425,0.014087381362868094,-0.026780489648505976,0.012946332628696608,-0.028035357702072147,0.018089488912573823,-0.012032328767540701,0.012528182548517208,-0.024443613253427716
C006860,0.006280444831059857,0.01690030723663227,0.0060771883924801385,0.016045387645778036,0.00432441608412828,0.0013142496972426726,0.0031827113564438085,0.005203887534400373
C002091,0.010810440697550557,0.01614113421418967,0.010823466861975162,0.007924751045654186,0.015156266212751141,-0.0013025651751484377,0.013978546770802697,-0.004178469300473618
C012328,0.03352909785302878,0.018486011074276144,0.03084173954180144,0.016756326880365456,0.033794832352890755,0.0008619406341753511,0.02911838746535882,0.003539651948309031
C008627,-0.004621377925618921,-0.008448511321127007,-0.0043376122210240856,-0.006862988549341765,-0.001264465558295561,0.000435194025672403,-0.0020511364467171063,-0.00178177056750893
C000114,0.025921000672402546,0.009697206590774506,0.026954664412982162,0.010561529726609708,0.03118502821612211,0.006490883846908087,0.02958477372544003,0.009213355940788842
C007779,-0.004171605574999394,0.016158595184391653,-0.004061242136500934,0.01246395277953645,-0.011665178985251618,0.0023744683813720253,-0.011614840328361827,0.008717080774384546
C004259,-7.486954294132022e-05,0.0008439062230885917,-0.0001196240702822221,0.00040344952742201763,-0.0009714645526336534,-0.00031896413056442383,-0.001143488569725285,-0.0012426956657344682
C013802,-0.004309564799303286,-0.0006070279904714929,-0.0033698850950768778,0.0026901057048782664,-0.0037100961351311146,0.0004516581578079857,-0.0029551848952949606,0.0013445010335109476
C005933,0.0012879979729067484,-0.02209693749326913,0.0014261578075109515,-0.012094522455663418,0.003420334875639921,-0.0002707718004932755,0.0020283153784040288,0.00012227129653695726
C007922,-0.01258281253821485,0.019418716127112327,-0.019695873405340365,0.003920672948367816,-0.014466433171328294,-0.016974172536513284,-0.021957929397045474,-0.030899459792303987
C013784,-0.0086332952638006,-0.0007000622741673974,-0.008962748862672601,-0.0021528261322865177,-0.010175930069463109,-0.006638967489088111,-0.009977730752404927,-0.008246151357313266
C002673,-0.006910785954918013,-0.012519080478794298,-0.008018624288502947,-0.01218335441670127,-0.0030215952683546724,-0.002127496141039388,-0.0030576685395484983,-0.005635512066722914
C012077,0.021875556481052046,-0.008088743516641645,0.02263015720883789,-0.006699893261905779,0.02762238690612649,-0.0070673724420314546,0.02384591521239552,-0.008928885263753211
C012571,-0.01204941094941076,0.013949661736756326,-0.011776832234384868,0.008551472225123143,-0.011770476263950202,-0.005548884457782764,-0.013113432472428174,-0.01110701919887806
C006763,0.012411667764887738,0.0210793654429739,0.013493125383244525,0.02161013253100651,0.016582545589890547,0.01670278439776732,0.013982702176069915,0.023729752403467766
C013012,0.03391521057043964,-0.00807945790397911,0.034349102379176016,-0.006663363847994372,0.035238198936122504,-0.0015449481739186475,0.03156271986224281,-0.003406031211753272
C013454,-0.003282813123292909,-0.004255744578785033,-0.002784660104745027,-0.003950708628573366,-0.0041115819835608166,-0.000443631919758609,-0.002726822598277945,-0.0011532692819662066
C009489,-0.011656394123944197,-0.013071936422806206,-0.011717856634242893,-0.012743525868965672,-0.02066306584436861,-0.0072545812393396535,-0.020052670063198927,-0.013187489081198997
C001421,0.012758261680609789,0.027702166494075933,0.01177168074670089,0.03140480990714059,0.02122836453638819,0.024041549026559986,0.01833344249752169,0.040635427041769444
C005760,-0.006388937529920409,-0.014363147965656731,-0.0075190226710641515,-0.01454637480283568,-0.002286878951476728,-0.006758348771840873,-0.002395674976018568,-0.012359426768016721
C001675,-0.010702074108069677,-0.015006891568857556,-0.011085870136804711,-0.011520745470955465,-0.014865110160631405,-0.01605981328202001,-0.015934974019943128,-0.02565387361201302
C001028,0.019645980361613784,0.02732638450775168,0.020524013317839228,0.028583874931599525,0.024175883617937273,0.015372569176524721,0.021693219071691115,0.028488854358472183
C006602,0.019719315591364295,0.01333470416194954,0.020246757366161584,0.013808027348125338,0.01980032370450847,0.0014335787270797332,0.016037161418266156,0.005315342125515955
C004491,-0.0081009598715477,-0.00021695201975668703,-0.009125328719162853,0.001624439905408494,-0.012944410097725153,0.0020943114495369083,-0.013350746257601616,0.0033106201276559316
C002315,0.012819565880883777,-0.01933403460655741,0.013145555683621279,-0.01600458739304314,0.01673852418338199,-0.001517844386312673,0.015225889107687612,-0.006088176263260421
C003978,0.006989666788377329,-0.012537888688559934,0.008140906254690055,-0.009560902747961288,0.00217937862399742,-0.006530617123864664,0.0036052740895903745,-0.008509080310887755
C011744,-0.013681592437160682,0.02802849370011844,-0.01913701237218751,0.025047189183385304,-0.01566199803451121,0.009364886501228908,-0.02288460076004157,0.017669835996000506
C001286,0.025470055507848085,-0.011805113395105838,0.023021052614555063,-0.010411979135320059,0.02905876159253744,-0.00017554313084913102,0.024130626373740954,-0.002979660812044918
C002070,-0.008708368856958503,0.02104833617386772,-0.005896734828907757,0.019589066766686286,-0.011157881152624114,-0.003012148668757952,-0.009304504097005254,0.0025079138164427156
C011965,-0.008792645968162318,-0.01642772942922452,-0.009781420722773894,-0.016338278421886364,-0.013916954385093551,-0.003723662102603075,-0.014217791388000141,-0.01099738491923768
C000690,-0.018616881026064954,-0.016122269729675023,-0.02014816929397962,-0.016367694875903557,-0.02078036909535787,-0.011927005294610393,-0.020330213655441024,-0.01818672463400767
C009413,0.009704920436069506,-0.008050329768325183,0.008911943066435696,-0.007960028170556159,0.00973422910594393,-0.002348342418031647,0.007963304487371882,-0.005292120433474376
C012876,0.010274697349219772,0.02124936936860937,0.009743595896445835,0.020722025274319687,0.008637404024097092,0.010272273504862435,0.005466317580378588,0.018181088630910024
C007984,-0.01616469864784715,0.0032421472095294614,-0.01533494197761756,-0.0004107274789077127,-0.014192488017578981,-0.0021368990069096177,-0.013504792107022935,-0.006503561640637543
C013838,-0.003885688570907379,-0.00615971262873843,-0.003085378757896303,-0.006135373851056213,-0.002865287187970405,-0.0004198980203402689,-0.003119816430813012,-0.001472183444871654
C009161,-0.01376871225771325,-0.013468864982178615,-0.01449403345461182,-0.014023506678363783,-0.019665333907644075,-0.007957127552659963,-0.01856588447347135,-0.014210078063644936
C003074,-0.0042549907277709235,-0.0069464308012994165,-0.003484734689121997,-0.004541713408722095,-0.002122801216017314,-0.00029484307540797856,-0.0008175483083756627,-0.0013190669855748698
C005482,-0.001292237151101489,-0.006558171079025602,-0.0012247543977998818,-0.00528391734869395,-0.0022327523463107324,-0.0001280957697903607,-0.0012741748927001472,-0.0005752138768019575
C005793,-0.011606864839455843,0.0013424162698812145,-0.012687937511943677,0.004136928255053528,-0.014381098838955109,-0.0028199479664238595,-0.015358465747909202,-0.003931402284738467
C002727,-1.1181092733233422e-05,0.002203189948955051,-9.993781767710313e-05,0.0017504629624674364,0.0020622131978824034,0.0023140804761567426,-0.0007757874090796958,0.0061400081873656046
C009580,-0.00439569997400046,-0.00652279602429222,-0.003818986172695488,-0.006637113969043112,-0.0034613685746850142,-0.00034309106912897946,-0.003939166130759735,-0.0014738934264015328
C013173,0.007587046490948095,-0.009862962989153987,0.0071402082340433805,-0.007799111906048127,0.003821941766460152,-0.0016883969267773044,0.0023894954114980133,-0.004507169563956739
C006504,0.00818281019065164,-0.01658169960480487,0.007583916446668782,-0.015487014916883493,0.010704496634120118,-0.00248745962261142,0.010656661631577287,-0.008232103388410624
C013743,0.010030381765490995,0.032653258802186225,0.01102347686703396,0.0326634072455898,0.008050998162791298,0.01510476242592016,0.008944506193782443,0.02505267006951507
C008232,-0.004586149973307709,-0.009465723215969587,-0.003956419197646686,-0.008714715687428652,-0.003488782146243468,-0.0009566777161621133,-0.004043623675931177,-0.002852925889392015
C001984,-0.012756546592841023,-0.005963817395348489,-0.011927145191598754,-0.0057077996154215795,-0.012501227982978608,-0.0005022167024524995,-0.01322908104743028,-0.002246993700846833
C009236,0.011436384844026507,0.01750760885120645,0.011609282903419869,0.01603905183970761,0.016470970974514734,0.0059338266054505505,0.015099641804377156,0.012039416559211915
C004760,-0.018498983802668883,-0.013161386242735012,-0.020104816564690035,-0.013125096954335778,-0.020480874688151848,-0.011887971656462269,-0.02017810451758401,-0.018698561164132054
C002789,0.016026638395256677,0.030415549977642207,0.017016967202530243,0.025529544359514936,0.017595548139440642,-0.0007983889284869441,0.01491546338095884,0.005307081218536082
C007125,-0.007498523578560186,-0.0006443941339210686,-0.006020983677348975,-0.0038415794822303463,-0.002001184239294086,-0.0002702467944298119,-0.0005636433687348858,-0.0012170398588905562
C006769,-0.013370225173094353,-0.004292471075643259,-0.013349249612205238,-0.006001595988079677,-0.019377171703270128,0.001748006557776599,-0.02016402464156449,0.0028720482187477355
C002073,0.0009800325693339314,0.0009753124149647557,0.0003591641111806932,0.00083445621531172,0.0028536948695226725,0.0017319366530374925,0.0015385522154841764,0.0025627023393814522
C008337,-0.00659380921720308,-0.004328239956096888,-0.0063341139286196115,-0.004009944247124302,-0.007659746437659983,-0.0017225540497966445,-0.008580020748651447,-0.0014416566586371977
C010528,-0.006581008300003287,-0.004772728051098512,-0.00734427967311177,-0.0035366300038650557,-0.0072141036496712555,-0.00026497355458698896,-0.008775719533175656,-0.0024047777456646002
C012418,-0.00959361169109816,-0.007839614735003086,-0.01015998909452238,-0.006598287626879639,-0.013149295218691072,-0.00885428755867256,-0.014106469675876613,-0.013099168061380215
C013909,-0.00635889671424879,-0.003840340710532489,-0.005605586223992914,-0.005486377468086893,-0.00304608316496194,0.000563794220875155,-0.0036320128762611288,-0.000305691013525621
C000189,-0.005728937813021836,0.0006260030137490697,-0.00527869159770022,-0.0024508683962340782,-0.004906961325048236,5.1591238020018505e-05,-0.005378137000381158,-0.0009633834757255806
C005507,-0.0014556712243415607,-0.0006647414958573531,-0.0015784103246072958,-0.0008980619651513205,-0.0007137701336988765,1.7772638355285643e-05,-0.0006482430877273955,6.359910256887897e-05
C000560,0.00035517072061794756,-0.011764815626614224,-0.0005776925055148689,-0.010160799815260918,0.003644135994342186,-0.00021980564603034955,0.0014782621860212747,-0.0020522348105136926
C003619,-0.016452856275645338,-0.018992282136131015,-0.015969295901784846,-0.018865619877222583,-0.015603038485663927,-0.008798537433201708,-0.016472988720449968,-0.018256284900732157
C007870,-0.018326758717910233,-0.01671130163768524,-0.019647814473814515,-0.017212677326909964,-0.020676038532355313,-0.005058220397974256,-0.02024828230922656,-0.01278416302891974
C002087,0.00793604655254436,0.0038668946942439423,0.005922233566057826,0.005172863941735906,0.015749855499953475,0.0009993911707605685,0.011732025458327244,0.004590180159110963
C011375,-0.018725478913267746,-0.013633589441552298,-0.018566673551332114,-0.013012498486801395,-0.017652125381905588,-0.01080699403502285,-0.018797288737134692,-0.017455673538609936
C007672,-0.02102779350582891,0.009800449233835936,-0.033570234721874884,-0.0007208013110870921,-0.022524073492233464,-0.013214891205660132,-0.034369198562113304,-0.024282996596172567
C008104,-0.006399729234790395,-0.0010969731822869535,-0.007125631787965661,-0.000977449121970968,-0.004013485743041169,-0.0017704863199460726,-0.004286821491352187,-0.0007862089584047675
C012311,-0.010682552916098065,-0.01795634145651947,-0.011607589772423842,-0.018019869950960724,-0.01595124294013646,-0.007537494092466396,-0.01644599857642813,-0.015651311701604526
C004692,-0.009061905974977268,-0.0034340915510610048,-0.009345070742579911,-0.0031575510811048713,-0.010715629858403576,-0.00420746934526765,-0.012448915700155067,-0.005348832670770504
C001814,-0.007230346004252112,0.007261767768066521,-0.005736666489999287,0.0021354733083510423,-0.0023153125701755022,1.5290076614258084e-05,2.323781490544026e-06,-0.00018116424953441002
C003034,-0.00280030603717857,-0.008935074182998349,-0.0023686468320463687,-0.006131498147447111,0.0018144562384432921,-0.00035629622108674167,0.0016705551058289775,-0.0014190787638738635
C013045,0.0009225843664427447,-0.02826670315527253,0.0006281626570967625,-0.02633040188563255,0.00468709974056214,-0.016169294725671916,0.003980758975205162,-0.028799141121264405
C011398,0.044790725965668604,0.039299464938455875,0.04513197784431684,0.046752140659934965,0.03967150669542428,0.001499118495889732,0.03756595656678386,0.007539412867863716
C003471,4.40241994405461e-05,0.007019376706321383,-8.657580370059932e-05,0.005934088943803607,-0.001960893517648975,0.00013777302705037805,-0.0014502738955820878,0.0020337403816882158
C003994,-0.010831292542753921,-0.0038838425480325523,-0.010716419529935867,-0.0002513172754798785,-0.019836339307057062,-0.00913084859434149,-0.01879286589159069,-0.013014794025213654
C000763,0.019277666504848013,0.028418161299607295,0.02049517543122467,0.030672614536683712,0.02259396114555599,0.01771402296565443,0.020091878564126517,0.03315606846334862
C006746,0.0069705403860257035,0.03067799096329422,0.006171751091878691,0.035178783380856095,0.014779047516677744,0.025210854256376956,0.012249709832379264,0.04533111945234837
C004024,0.008201764890546004,-0.006876185433639973,0.008506674240006114,-0.005951684495670319,0.013047077509257902,0.002967524952014752,0.01066614527215435,0.003047058792273855
C003913,0.005988044162214133,-9.580865759917886e-05,0.005506323654230225,-4.118494302304527e-05,0.010508379786329767,0.00623385104431609,0.007787001385523915,0.008382681393339857
C011961,0.020635725326734695,0.04081309691509521,0.02135143743833593,0.051270814624801805,0.02633170547108089,0.012500553280961607,0.02247524624071406,0.0364309858457322
C013424,0.025094241836194967,0.04007637597149345,0.025288325250788793,0.051777215788554834,0.030506195074833063,0.03219723253082827,0.028665637507034242,0.05829020747568622
C012062,0.004336670027888721,0.0054253964806829525,0.0041833904747046,0.004642307212328093,0.006710861343755704,0.00015543330278631071,0.0038816704941870045,0.0005150800331859069
C007988,-0.016212920897697963,-0.013253161271234324,-0.017281824086469964,-0.013102107824212193,-0.01715300378465731,-0.0029260229878258137,-0.016746169328334243,-0.008218918148849702
C011352,-0.01575048306416035,-0.005391945366421348,-0.01509114232212035,-0.005427184786733661,-0.017944202772348976,-0.0006153817012058058,-0.01834850141506731,-0.0013392480801413195
C013475,0.03459189560983749,0.02190705658115696,0.03851517265989972,0.024418482362514423,0.037620522020333745,0.009928153005604269,0.03875531697319729,0.016733965943998463
C011701,-0.01249743705926486,-0.003343579438618689,-0.013631850223136798,-0.005047531846846344,-0.0156535626464592,-0.0014266425860911926,-0.016648388818426355,-0.0033858261257239176
C000327,-0.0036933526900382423,-0.00180699861566708,-0.002997386841244995,-0.0023208266485098394,-0.0030005794716101227,0.0004938942824672006,-0.002705951686043179,0.0010580156982474892
C009323,-0.00473460689564819,-0.0026596819159853515,-0.0035897607792288134,-0.002963358562823507,-0.0031493709775609695,-2.910630539774764e-05,-0.0028063900158677626,-0.00020871627244861612
C013151,0.0030563291800022674,0.00363086260873113,0.0036375996580505264,0.004590884037930316,-0.005640608056952775,-0.0029540200186098566,-0.005403960915932454,0.0007147326305873871
C007473,0.012238030788164347,0.009890181280457586,0.012591555377290266,0.009952123785767396,0.015758503764785464,0.0020050678421355975,0.014622499757358605,0.007278949321348906
C006379,-0.011637083161829247,-0.012146612903260438,-0.010559285134971659,-0.01140684686456691,-0.018805599130080466,-0.001796209862582339,-0.018924874630060446,-0.004143997784593126
C012246,-0.017306930606813722,0.01660892941192132,-0.016026004310501277,0.014603328073618638,-0.018362586838547464,-0.0018261756462067125,-0.017700073798441126,0.0012687817322095418
C011158,0.0044681266689064825,0.0037553327006669616,0.00354575261663052,0.0033105958883404892,0.010990025945596085,-0.0029223846241512065,0.008927368380934013,0.00012018440637665912
C005984,0.02284347285052917,0.02291912303374171,0.023122316772742277,0.024258594597763968,0.02906894285393371,0.010920000564372718,0.027597283232969838,0.0225299429322291
C001980,-0.008126202502496616,-0.011368959674797055,-0.007591886622684877,-0.011112939761653553,-0.005957106682451665,-0.001299553815349853,-0.006806087062846985,-0.0039890032154704476
C005010,0.008621874180085342,0.012675352855162853,0.006504590620083024,0.01383586234213697,0.01623011671538053,0.009025105848171263,0.012005888438325698,0.016412413039826525
C006659,-0.005198006948787416,-0.004975512474363028,-0.00399894512091411,-0.004982058591983054,-0.003588302413458787,-0.00025871884691605363,-0.002994258706911461,-0.0010594718496734696
C010832,-0.003772490522557203,-0.0016762151582124041,-0.003326382157819624,-0.0022181811383622024,-0.003584072618689654,-0.0012870275095711384,-0.004039769215450056,-0.002896588538381408
C013019,0.009619229375445936,0.012971752936500748,0.009742421312938194,0.013626931391240306,0.016273647581691617,0.01000806954044144,0.01470429359874915,0.01794940420329459
C006614,0.007692431614696243,-0.0014927440572887398,0.007264344637034164,-0.0010014019662575068,0.006379837062065743,-0.0021654955030230966,0.005123945427054839,-0.0017232262643145828
C007174,0.0003572486827953235,-0.004965795857752293,-0.00017481630822761918,-0.004590122510186489,0.0018841755785999306,0.0020450133073787865,0.0008964846734354618,0.0033746502178794934
C012620,-0.013339493804168856,-0.01079790701120513,-0.013933687775348504,-0.01043471411093808,-0.019783222485804264,-0.008531276766140775,-0.018772795941555023,-0.013129618029135781
C004110,0.016329196958758372,-0.014817573237191874,0.016730837843118466,-0.0123761423326426,0.021243687418853005,-0.0020070291286968856,0.018769719939004944,-0.007074317226422254
C013293,-0.018322658375501396,-0.013514962154024916,-0.018015524023416996,-0.014003419168734621,-0.01719055077201823,-0.010581181267021744,-0.018390595574609654,-0.018266830243495225
C012606,0.0024637470019898745,0.0015312002730773569,0.00117484300829898,0.002652974402401364,0.008271904844008188,-0.0009581196698310369,0.003505259013202234,-0.0015785935404081179
C013960,0.03787285733092822,0.007905525669855064,0.038564232388431346,0.007946323907761855,0.035301895477344816,-0.00021722260527802872,0.03111686201044793,0.0008915364937620668
C007953,0.003326572930847889,0.01341173012962272,0.002772453189870785,0.0077533929087046346,0.009802104692622793,0.0061780253876517754,0.008585827274253105,0.008637435141936108
C013102,-0.004556166277456436,0.0006608751381132169,-0.0034599428994430553,-0.0011810109469688912,-0.003182386565649358,-0.0007454661217305168,-0.0028416468037277443,-0.0021405944226904018
C004378,-0.0019158658085199976,-0.01775630885861574,-0.0007457533445828272,-0.017051143132273083,-0.002282697192332132,-0.010429394526113116,-0.0018493778090255375,-0.016210480325279254
C007929,-0.010474428146289268,-0.00316547694093854,-0.009888779819422466,-0.006209924009924853,-0.00646309750836875,-0.0009576226742619678,-0.007581564189664659,-0.0040243764610202746
C002113,-0.010513401903475817,-0.018518674657612654,-0.010810188316951028,-0.01861081303521389,-0.0037984072572805295,-0.006816219399399362,-0.0050613708838245005,-0.01500588656965929
C012179,-0.011086479806852269,-0.016490479480313302,-0.010871367531015658,-0.01556647915852608,-0.010234201856843365,-0.0015625922290180604,-0.01014071397681002,-0.007053165646856528
C005500,-0.0042896608973798725,-0.00642734279498489,-0.0034822152283935093,0.0010795618126787567,-0.004372273107571481,0.00016722608412116425,-0.003032857220948767,0.0015308813565172968
C006735,-0.012668518511426571,-0.0022773357236774336,-0.013054079722218876,-0.0008022789499867821,-0.020405124238356737,0.0027314622242141356,-0.019797671006166445,0.002035068153593884
C013555,0.03163209130285285,-0.00904443020995647,0.03034928391671334,-0.0076355933916442305,0.03313914677463153,4.172633916501824e-05,0.02892019370276068,-0.0018086890065767535
C006914,-0.011889713971144775,-0.0019082330628842985,-0.012057857027202568,-0.00017965137343395644,-0.02075772520588945,0.0008610300665388934,-0.020225560001560318,0.00045756673298394027
C012206,0.01507065275253252,0.010847784285815183,0.01526203864078459,0.011160546976417019,0.012663257106139079,0.00036414184207435166,0.00953292305588131,0.0026160423524331485
C011397,0.008984156606089757,0.012057569014996463,0.00896294107599157,0.004981847653199906,0.015275601834938098,0.00492051024995805,0.013174621919212554,0.0031669999457563662
C007312,0.0002581312119349027,-0.002824820875076235,-0.00025832955829732565,-0.002350437741078323,0.0017337601934242907,0.0005320499551190224,0.0008028552703534943,0.0007110724472502078
C003081,0.002501517646860233,0.019313930769083686,0.001404084984608615,0.007160717499081886,0.006340259751131758,-0.012789842857417778,0.005133973156118605,-0.022492432842111013
C008877,-0.004599919456146849,-0.0017347823652091657,-0.004934991447675171,-0.0026753902904677563,-0.007155639737741616,0.0035962646820117163,-0.006856612966958669,0.003730854698639501
C006361,-0.0045664614215604644,-0.005380128089870139,-0.003731563020936327,-0.0040021458831883605,-0.0021371840389553727,-0.0001974851998832282,-0.0006648134630288591,-0.0012135788706616054
C006531,-0.007104142312006108,0.00253677237388584,-0.007955776050832678,0.003187816508278822,-0.007910785762402783,0.009464561446444534,-0.008225883832651652,0.011973971049895045
C012985,0.0009412521156345104,0.014125577003319073,0.0006227827435435245,0.011949171056409129,-0.0013936789846369921,0.0007416615355390477,-0.0010457760282806402,0.005467299204481464
C002163,0.016905426263227327,0.025737794003375444,0.01694504787703756,0.027637038371709898,0.023475288280795256,0.016402152799550644,0.02073356598571464,0.02897210340755064
C010191,-0.004683367028486365,-0.0038163935612872935,-0.0037125769468350465,-0.00571322775928496,-0.0024084303726980448,-0.0005576587521230512,-0.0025706310425870306,-0.001925563130059757
C000574,-0.014501861965113605,-0.009867126934017778,-0.01544431016923597,-0.010976785181896103,-0.01934158238447192,-0.0023499953764315206,-0.017839443311404368,-0.00631218793855294
C009639,-0.00698736445105197,-0.003358796588863969,-0.007718198642923946,-0.0041627468936338945,-0.005022741561733069,-0.0073471545499398825,-0.005341167567154917,-0.00855887284356145
C011247,-0.014651208099166216,-0.004052780636605639,-0.014167236717412792,-0.003997384777680342,-0.02063176712630364,-0.001461032070688093,-0.021151413385429946,-0.003418689357367009
C011041,0.0006412235025404777,-0.02313309008081645,0.0011289300103088015,-0.02199123158488947,-0.008120397905852538,-0.012541398706795968,-0.008786519555031876,-0.020824760833361967
C010214,-0.006910785954918013,-0.005292957025548954,-0.008018624288502947,-0.004990596428768974,-0.0030215952683546724,-0.0031225469264047913,-0.0030576685395484983,-0.004786432834926167
C011645,-0.017615241888769215,-0.015692871651072148,-0.01895778076555481,-0.015972672982317738,-0.019265489410212125,-0.011024305553409653,-0.018972456532093347,-0.017063196783070573
C005566,-0.009036335420627047,0.00022793801941147198,-0.009780106648027606,-0.002634518867873922,-0.012145014047024647,0.004351006230383155,-0.013004831788423663,0.004900634817946692
C012253,0.004427464173592552,-0.00808271248624303,0.003696868669343452,-0.007358974146637419,0.0055247110189081475,-0.001889991044769038,0.003974826322907106,-0.0030269785406917098
C003745,-0.0038821955752927906,0.002018876458224897,-0.003434888665926272,0.0020319459542574177,-0.004155000516597244,-0.0015877344631811691,-0.0047275879946138,-0.0018164237978714889
C013530,0.005527020007199155,-0.01791392051485396,0.005854218945671963,-0.017351704778152902,0.007023036915663322,-0.007850930347562334,0.006052271817768933,-0.012933170011990036
C003830,-0.006730627121155709,-0.01507682304843769,-0.007503706398156145,-0.013892105923634603,-0.0074156029426282214,-0.0006023478834592524,-0.008945681043572434,-0.0049629294243978585
C012248,-4.8881501308162166e-05,0.0008473517528512009,-0.00019084823626809932,0.0010079333790852388,0.0034699673897967513,-0.0007844817406599625,0.0007010795425410944,-0.0020809573952323876
C010020,-0.01620626298807763,-0.017714095362273908,-0.017595465247211776,-0.017489492761975055,-0.020565852437603026,-0.00607647318281161,-0.022101890429781744,-0.012663678838191052
C004403,0.009258874633587282,-0.0179643816968983,0.009275676173151028,-0.01679427966851738,0.015702428705491312,-0.008800746139978827,0.013758284447899637,-0.015073588346077194
C009937,0.002679990368827496,0.0015333842159925314,0.0012956436054385053,0.002470855409197935,0.011321951461295873,0.0010165826750546442,0.008303489191824172,0.0034663715603735325
C012957,0.029105331708932952,0.02230766295295502,0.018279223298495142,0.019424767431637558,0.029766587892204276,0.0008752963905687065,0.02112905987132011,0.004017736689128296
C012790,-0.008066898952062734,-0.019338643789686086,-0.006195658481956934,-0.018895584160906892,-0.00949626240774897,-0.011721876499316124,-0.008210591797508634,-0.0180005980285389
C007337,-0.011428357758117277,-0.011767462215376731,-0.011561249270989882,-0.009578530811303878,-0.010155160420740428,-0.0006294077565823401,-0.011586646924698234,-0.003623566438505344
C011031,-0.00853524369454356,-0.013327809089165062,-0.008121439107977035,-0.013359015740825857,-0.006008404741376181,-0.002350629363316917,-0.006502780649625362,-0.006177728646660462
C012676,-0.021301528932291806,-0.004542348339782417,-0.02081890174879381,-0.00693820352154401,-0.019181083826698177,-0.0010769497041360945,-0.01829337013243191,-0.0036425407610384724
C012281,-0.004975810796070756,-0.0019288586227225008,-0.0046960950089273415,-0.004322091062477071,-0.001946104620038486,0.0007982376167221548,-0.0027737228390576963,0.00042872708930917844
C004420,0.027504724458802456,-0.009019162727231108,0.02330868663812178,-0.007849319241895582,0.029755130058828586,-0.0006105010708133495,0.024061780091387343,-0.0018323039385691495
C011947,-0.0014058466200670735,-0.0016851642945203834,-0.0012107832952481215,-0.001749867421890952,0.0011228176109949568,-0.0001704789780283532,0.0007675893284357286,-0.0011508039004744254
C001827,-0.0014764915127519586,0.013339126868723693,-0.002848518654305436,0.015020943015853773,0.0007382022879162181,0.012220372881765269,-0.0025628135272092885,0.020512439401169758
C004784,-0.012236793493956503,-0.01505645495421634,-0.01140722999366747,-0.015149341226367853,-0.008049832236577528,-0.0048810258187926055,-0.008401890360846747,-0.011303856029943654
C011244,-0.01655716697403258,4.062591382877845e-05,-0.015149738886422159,-0.0012934062944054217,-0.020189236406926336,-0.0015824673968601827,-0.018333948862874153,-0.004837118970278671
C013030,-0.024682519913452286,-0.005746631821842669,-0.0275610916785643,-0.010503571898721274,-0.02222892137734389,-0.0003056016086120189,-0.021049881682227167,-0.0002497206177713782
C011239,0.0005963884017010396,-0.017790503378420686,0.0009201995034867241,-0.0159904701822861,-0.0020470141324482136,-0.010826815815580442,-0.0018473465442787385,-0.018502245914059797
C006635,0.007201549263796947,-0.0033648160700525116,0.006813237936556729,-0.002616072547938576,0.0034090387661152737,-0.0016710632282405727,0.002110336080976564,-0.003561870186292235
C007144,-0.008203793228959543,-0.003913546610521474,-0.007782194292663167,-0.006233581483705196,-0.005511187525245666,0.000522979487529291,-0.006216506749084669,-0.0009286764229474493
C000639,-0.01259783020590423,-0.006306796759138034,-0.013401403740064021,-0.0063936712405371346,-0.011553446444339952,-0.007448084821617494,-0.011095448427844393,-0.010743036209600845
C005786,-0.00423318885117107,0.00787769041011523,-0.003515390521239653,0.0042641202539289835,-0.0020238113305802653,5.7394179526239665e-05,-0.002551098508845837,-0.0003622564556913867
C008694,-0.01181982843647588,-0.008526989048153822,-0.010081644758827587,-0.00797994318117105,-0.016160899549383084,-0.0004935815987744702,-0.015267506432560883,-0.0016350350154174008
C010112,0.017188062482079762,0.027365376481767983,0.013746656144747564,0.029954007082495786,0.022816428533089687,0.010169539469897354,0.016914638654278214,0.02457111586025587
C001449,0.023039994320331377,0.020632415095172933,0.02470594616392074,0.022070960928235447,0.027357729297063028,0.01059215959387773,0.026863705690773475,0.020352597297797745
C001771,-0.019901799082711624,-0.019434881921050837,-0.021284211410140773,-0.019441494185737686,-0.02354574968603308,-0.007843021280872182,-0.025358638550550986,-0.016801234883996204
C013326,0.008976548328256713,0.005999295078507427,0.009263013505248316,0.005682468711398487,0.014028809713374467,0.008100319737528413,0.014453122686820754,0.013057067893909646
C000899,-0.01852233092290028,-0.0183010868352666,-0.020030807027101697,-0.01818080239868711,-0.022947140610621083,-0.006156276602261594,-0.02498098242450708,-0.013393216001953392
C004226,-0.01734148862735466,-0.018521944981829765,-0.01607651916494095,-0.01827254688606918,-0.01837157818225501,-0.012443580169255973,-0.017721377587662387,-0.019863206465307207
C000767,0.010572205069148195,-0.01785445645799767,0.01009980902271823,-0.012876165305459543,0.009670404474296202,-0.0014160964791266762,0.006291301801065454,-0.004213250319189888
C012669,-0.002367493550647123,-0.02275917146589163,-0.002209065682861088,-0.022462141475722504,-0.0018964228458971553,-0.019412370389170725,-0.0035838877474447237,-0.03126602849556565
C000770,-0.0018060987645468684,0.026569393796494912,-0.0023974167131214892,0.025381291693909343,-0.003920464714985205,0.01876833414768944,-0.0038545664327429003,0.028919466151180687
C011839,-0.006649041215875162,-3.2345276105209005e-05,-0.00517038152232115,-0.0023476499294978457,-0.003082271453375181,-0.0001869797888968884,-0.0015025605916629608,-0.0009299001506769464
C001308,0.009075672496826719,0.006548083555574756,0.009005489678091822,0.006105057926999453,0.01530956019306386,0.008894068789178427,0.016750165893290335,0.014407446782884947
C004016,0.011028039172967782,0.006708217064634081,0.011074879758021603,0.007858763080421039,0.015837624008038804,0.013642060433375815,0.014525387466820727,0.018977295987265417
C009388,0.0032501697639070854,-0.009998928234407862,0.0021123781915515748,-0.009145010564488439,0.005268998533440577,-0.00011522248336181408,0.0037454882465783146,-0.001247380486595495
C013081,-0.003156585205160747,0.010302908498518918,-0.0029280248201677076,0.006675135169999688,-0.0036271007462500364,5.121982709322858e-05,-0.005488667705994302,0.002089276531680233
C001601,-0.0182805186713422,-0.0013537198126534241,-0.019798448779727702,-0.0023889018549147437,-0.020190402892243525,-0.007090943751434398,-0.019887200033530898,-0.008201983316757476
C003630,0.0172321103711604,0.031823260814592566,0.013738355880757612,0.03703738483698917,0.022801770074601886,0.01806443321890404,0.016867039682945843,0.03726217665123086
C001053,0.011949749372922258,0.015482652673610294,0.012378780614646622,0.012831544951719126,0.01820004291529985,0.004357034805642008,0.016839730850973175,0.007206661415601851
C005065,-0.015686899113936344,-0.010909457531570663,-0.016821062092852425,-0.011531505004709543,-0.018305050005850393,-0.006162712073661116,-0.016387354357051277,-0.011535824953378434
C006426,0.019938291690616963,0.031867695476500715,0.020741136256638423,0.030728086759478405,0.02498590248946589,0.013877577029687607,0.023398325537550665,0.022553538867382154
C008465,0.017066633667736687,0.03293811135269897,0.013276626647533797,0.03829376010737827,0.022224185945760366,0.015775353029717547,0.016006079100623204,0.0352691511853202
C010635,-0.01620560007923828,-0.008739918419715192,-0.014912763230720516,-0.008598608880865687,-0.020832758415658632,-0.0003311962868315383,-0.02050766717923493,-0.0007108448175669051
C008284,0.015309484450663309,-0.01612613194035268,0.015716283474832008,-0.013442666021853128,0.017076191262816596,-0.005646979319757236,0.01274579166492099,-0.011126348647771178
C011343,-0.005865594700101578,0.0009471199480150402,-0.0044399709117240276,0.006077492154800342,-0.0031996291358209806,0.00023278821020445852,-0.002646413207438016,0.0006887219180440433
C009898,0.01507947225419712,-0.013306314303897965,0.012231436860284113,-0.012154016948531727,0.02134250449495648,-0.0009113922111143958,0.015965941609854838,-0.004674249646803556
C008622,0.004405614924830747,-0.011161569907583005,0.0032943863140947106,-0.010174697624253019,0.006797600463357034,-0.00113697924549845,0.004764825536502939,-0.002641811763349022
C010865,-0.00724010815518378,-0.0057374667384106496,-0.00810761475326721,-0.007244246017089826,-0.00821836164145317,-0.001260326578113145,-0.008564703274464392,-0.003550903668934362
C008640,0.0015262122185510801,-0.010890130251337332,0.0006785188015100024,-0.011429904898202385,0.007911159988134069,0.0010048998526902093,0.007283408362918132,-0.0017835790953356883
C011272,0.00857030557003491,0.006039964197151402,0.008896128648689149,0.007118886845124764,0.009570829720027131,0.0021975948976492516,0.009479152299621414,0.00699710920468071
C006372,-0.00023083093275544418,0.008137952689987774,-0.00013320819906163767,0.006176065803030711,0.0015026157787381613,0.00029800306172424326,0.0008613417461276024,0.0009432185290648773
C005205,0.006983751812783051,-0.015147189249168398,0.0051182541825647064,-0.01454660553672131,0.015027322447711797,-0.0029637142915636305,0.011333203556227259,-0.009255368030406254
C009770,0.00610525914057231,0.017054526128862716,0.00617778625065023,0.006077888185323127,0.0095276560446584,-0.0024223000309130066,0.007600330647147181,-0.009000823938534398
C004153,-0.005074166277149895,-0.006126636077247003,-0.0050925563362664164,-0.005669323692610276,-0.00044755451858996943,0.00024921339971142826,-0.001086479612900725,0.0015533615234675862
C012723,-0.005909952377620369,0.009351379716910923,-0.006515886314047998,0.005127844451508909,-0.0045585852784502945,0.006858540571762539,-0.004790521292718616,0.009963937202160822
C003085,-0.015012919211910503,0.0013686762510290293,-0.01373468240426592,0.0029578597345703405,-0.014089397811756747,0.0008132570444462931,-0.013105111694370588,0.0005962041873915719
C004438,-0.014617831496672451,0.00028333480657526886,-0.01567900513424537,-0.0018167689158465402,-0.0167714987768809,-0.004402250685866791,-0.015309375483412433,-0.003570530146690794
C009630,0.00619846594475601,-0.009137162806378277,0.005453729260037438,-0.008552820817454895,0.013783878445250615,-0.006042256080987679,0.011305759885688438,-0.01014270420853822
C007262,-0.0036426417864184766,-0.006166031428906299,-0.0031415251183522282,-0.006785054004266117,-0.003005562393169938,-0.0007887781066158595,-0.0034370911677810774,-0.0024450386190233517
C001363,0.0374543155423205,0.03887748263628913,0.03456396972348965,0.044990404263753996,0.03564988002572106,0.0037377305336667244,0.03062761900517925,0.014910737257029995
C001155,0.011983067415287436,0.00879862902656473,0.012390356678217074,0.01015340373442557,0.018000217508102927,0.015548461666844355,0.016323614819727546,0.022340565063257958
C000855,-0.0033780603626012997,0.016715486264539794,-0.006106717841625384,0.013840947255529167,-2.9225942708121025e-06,0.0035570654802913482,-0.0034450058689453216,0.006212943460994141
C011735,0.0059764486103091145,0.011802252231715257,0.005565416007592079,0.012537984378001209,0.007990320829444503,0.014268579591657993,0.006506324299079319,0.021324736056235336
C006311,-0.0011495224976904833,0.01000827694527475,-0.000953422736132411,0.008247013605739668,-0.001112544939779878,0.001320171448448812,-0.0026229860029375724,0.0043975955786735715
C009972,0.0037958409115374098,-0.015329442154948025,0.0027877854451423107,-0.01501655253617413,0.010906432667590765,-0.0030446783902267622,0.012009269058522565,-0.009171093518930223
C009441,0.0034701860421443133,-0.027323862181356195,0.0029236078659199637,-0.02703060228206247,0.0004915738305966025,-0.019535482119588294,-0.00017585022684126774,-0.03020732488641656
C012022,0.015194521767209585,0.027106613118398425,0.015587797450169505,0.027569982596128518,0.016846460755729136,0.015031732918377267,0.01253392236615767,0.0251469512983772
C008254,0.007082054639168568,-0.008235764808269663,0.007086505999087414,-0.00801698210339261,0.00915503046029658,0.0008324366759043699,0.008069981352191466,9.09156895844871e-05
C006227,0.012304283262240005,0.01654858356868514,0.009779283844870638,0.018099720916222563,0.018864967948135917,0.009259451883889434,0.013951386440294098,0.018491405933010775
C007421,0.0077745235618784355,0.03182789946716915,0.007548551993913343,0.030739922040089022,0.004482960718034874,0.002975107395868134,0.0035690765507331067,0.014109826772974603
C006025,0.003696759263437406,-0.012174079369773817,0.003011606910740965,-0.00642176571672752,0.004349475041379778,0.00010904830215903593,0.003130161925047387,-2.5696616572065366e-05
C001006,0.007450317383716704,-0.022275205725225282,0.007186167361308044,-0.021235456038389024,0.012768561035104127,-0.013944148192737897,0.010258308527160354,-0.02198948692147439
C005338,-0.013801855839892236,-0.007197276330723711,-0.014539162853882825,-0.00851373364477853,-0.019656180075011905,-0.0008616957622172636,-0.01854476925228218,-0.0029937208257323753
C008066,0.0016544396907203019,-0.010197956919081628,0.0008235302633583124,-0.009480195475158737,0.008022826053118595,0.0010409737503827014,0.007427003973460304,-0.0008251680437947087
C000350,0.008079408248400593,-0.014060027605478958,0.007706042782240135,-0.013155281109485708,0.014712700907121184,-0.0003242765084243949,0.016247456058226983,-0.004261810380501377
C002340,-0.018073626798906128,-0.006297443009107494,-0.019323560550912746,-0.006072049023744118,-0.02053194622265114,-0.0012360862128861327,-0.020236811127688815,-0.005656018728503376
C010362,0.026922292004268638,0.0032697465928828544,0.021628796686676978,0.0020551728097752743,0.028964202439175937,-7.569417743787694e-05,0.022425921183180302,-0.0003083864507029016
C008395,-0.016376943933050038,-0.01675072234216021,-0.017391049318176487,-0.017273602198455404,-0.01964526374357163,-0.0050984893742492795,-0.019768307663597325,-0.01275316142090913
C002418,0.03513684949752568,0.016995456572189913,0.03492116431978918,0.01699370700142084,0.03525095814445338,-0.0006157519450499959,0.030928670153780716,0.0022242079724077955
C005721,0.013781993198661942,-0.031008980610290778,0.0146925669739234,-0.02536512296842594,0.01351288918717092,0.004266841313067276,0.01150653520922123,0.0005725239210841913
C013920,0.00756648962500658,-0.01595880425894229,0.00821593389439834,-0.013107924927099645,0.0059703701050555155,-0.005172241711314683,0.006525222468263161,-0.007532905263322957
C002648,0.00804368001150605,-0.007447679443828276,0.00771864704005838,-0.007095235772885835,0.007206076301545823,2.0234506630439613e-05,0.006099277074411526,-0.001236787806167738
C000549,-0.0072085139876256485,-0.0006804697775796952,-0.007898783577002116,-0.0031101145225469486,-0.005477303609519645,-0.001980656317906572,-0.005821552081171423,-0.0026801866943244428
C007243,-0.004264867848745484,-0.0064824541831588955,-0.0032813436818449736,-0.006423102044886495,-0.003145860889939631,-0.0005382558047114014,-0.002839935327477354,-0.0017334283039917523
C011776,0.011899573060099448,-0.014396462003166601,0.01128261687351019,-0.011366565856803552,0.01363124499898317,-0.0015818618660958504,0.011796659692043902,-0.004947570347100691
C002731,0.010949961031341295,0.010352870929854716,0.010975105830623201,0.011492722796779944,0.015749904255318484,0.014860182535347323,0.014393424049945772,0.021817803788124698
C001767,-0.015750048271745924,-0.017948294836504588,-0.01496865165024113,-0.016878209310815462,-0.013308634003097446,-0.005901162184902086,-0.012660652825638812,-0.012008722212891685
C011777,0.010024053169483564,-0.011226589794919022,0.009894785949995362,-0.011035080570011662,0.013922805750599104,0.0007349875321288235,0.013428868176164083,-0.002438085583906019
C006488,0.006549279622437615,-0.013137640625212322,0.005880753655431928,-0.01330207528401341,0.01357632702732924,0.00036443154812551657,0.015128297403151686,-0.004096174784976266
C011327,-0.01540620556387991,-0.016945264052145546,-0.013995101983346272,-0.01595155270743954,-0.015616705259109147,-0.004720690621113726,-0.01409272397859719,-0.011278235056454882
C013108,-0.0009870544812689407,-0.017246292973368212,-0.002408148007062601,-0.016835995317961223,0.001927392997225091,-0.007275924638527304,-0.001640004101209832,-0.014150258691836459
C004023,-0.011786591586257302,-0.010441125724820954,-0.010186454323469117,-0.009703422488171725,-0.01705756686686101,-0.000719175773019846,-0.0165753935377939,-0.001984266348868707
C013922,-0.011980182564646693,-0.010228668246405089,-0.01267081475972264,-0.01057831453635517,-0.01221630625495052,-0.0041960197136718565,-0.01147634005569037,-0.007841839391084647
C012782,0.02309897702517148,0.0005216322913373002,0.023681321456932167,0.0012622014161762468,0.028642290805631968,0.0031675800480593774,0.025936233121081665,0.002782553103212806
C007877,0.005177434402903771,0.014189303255314973,0.005142593777698731,0.014795726075932913,-1.6528991756838696e-05,0.00691168584071277,2.3208217226075857e-05,0.01437043654623225
C003820,-0.00046104800461611634,-0.024335030364330445,-0.0011854036729674134,-0.02090594824848158,-0.0022852546777628754,-0.009621043244905694,-0.0022421236733027945,-0.019063002836034945
C013983,-0.0020530072831573655,-0.0023242338231350673,-0.0017889230555938002,-0.002310151766502068,-0.0032165917590692202,-0.00041392753066245096,-0.0022819284371302343,-0.0015004887928440611
C004268,-0.0034010042431128935,-0.009498657775974442,-0.0029408518719974213,-0.003611269254413371,-0.0036074776699431023,-0.00016408761698068458,-0.0023031406721582045,-0.00016318929973023642
C004762,-0.0066838175425639225,-0.019247824027143454,-0.007245586876366455,-0.019325845143490835,0.002174634664949455,-0.004777595433009159,-0.0002330535611731917,-0.012926992193841712
C008601,-0.007540491321723095,-0.001647832936926753,-0.007099133988336381,-0.004262646803842741,-0.0046902814637557536,-3.386847470479335e-05,-0.005787990717112458,-0.0013017469754202276
C011220,-0.016098380341520536,-0.017836285280683845,-0.017097668206221085,-0.018140462131758704,-0.019487171982179963,-0.0062277778515072634,-0.019680631658505955,-0.014533540966106127
C013199,-0.0052235733626241655,-0.007827754521726633,-0.0055073971960957705,-0.008585452811530458,-0.007893623306312849,0.00024578871973790983,-0.007499314166275275,-0.0026438362715653207
C004758,-0.003647977463698203,-0.005421810236546469,-0.0031088055423647665,-0.006348156736643915,-0.002849324825616207,-0.0007978506967695495,-0.0033723118317761426,-0.0024653262133282608
C002791,-0.002381929447742081,-0.0061566391462135875,-0.0020843540611249,-0.004740296774742416,-0.0033635574001814545,-0.00047176662640674487,-0.0023500171770306695,-0.0017517419319416343
C002888,-0.003741993221536919,-0.013287201119964964,-0.003499051487928962,-0.011973840788383061,-0.00016609226183152424,-0.001621327717724689,-0.0011096913929002949,-0.004015713555089146
C005446,0.001937513054203031,0.005212751824103373,0.0010626051801856373,0.005274546096543705,0.004769771717977406,0.005321360406397838,0.0016792246725277915,0.010474374836278125
C008346,0.00795568188514293,0.025196618844811867,0.00857333626117664,0.025135609567688053,0.01034205376322783,0.013216870028024998,0.01018761918852408,0.024423169002289073
C010662,0.011012184327656356,-0.027222662184036128,0.011514099173057856,-0.02704844550421127,0.017148681701816375,-0.015432146964476923,0.015699698856467003,-0.02288669410315749
C006320,-0.012785157114087524,-0.0018212169776739996,-0.01247504879779425,-0.001710258942471273,-0.014696527683762863,-0.0017180699274194433,-0.016201180237646887,-0.0026668091695492436
C002609,0.03292073250249363,0.04265563435340992,0.027407629647868657,0.054020661271420425,0.032498722680827236,0.009062117766769434,0.02614959327846068,0.03070740327936943
C006114,0.01576948683196466,-0.010204894346274578,0.01674614945156061,-0.007158358247439227,0.017151072452848748,-0.00599303008954387,0.014517427607378732,-0.010504305217080765
C013550,0.015185809823568248,0.0034683919753088197,0.015378863872264116,0.003846363652654993,0.019301999029558474,-8.912063964865314e-05,0.01583478405687111,0.0007577170026101844
C006358,-0.012086931438165938,-0.014519822257930158,-0.010579179315872274,-0.015230819445205436,-0.009727858887140721,-0.006717266392689594,-0.011228177280324925,-0.013068586155332131
C000811,-0.011641198204318375,-0.0024640363917273443,-0.010556064158538188,-0.0018830433300750368,-0.018784940604213003,-0.002202127913593516,-0.01890300960776638,-0.004586486110689033
C010827,0.002882893511941369,-0.014783671119174032,0.0012905319366432661,-0.013827431239716437,0.008887253441929739,-0.0042177833888260175,0.0040415730739756,-0.008462772500168816
C008820,-0.0015059512427329103,-0.006756292528599784,-0.001395230561309366,-0.005614190983796135,-0.0024867524728902513,-0.0004982744676750935,-0.0014689967962906781,-0.0014440406823078887
C004368,0.03832525587686848,0.03558819179830433,0.045222856941892584,0.043547742080214835,0.03866551907371647,0.015841691795283993,0.041428750481493595,0.03112635346898535
C005203,0.0294275601443824,0.031920118418670325,0.02890171539789458,0.036640015314745325,0.032297626748833026,0.01154984365314715,0.028369806410230573,0.027781947701578092
C008738,0.0360877563445386,-0.003368633012604669,0.03749093699294524,-0.003016509059290868,0.036543465145317686,-0.0007005678974835497,0.032936382958502236,-0.0015189183539488942
C006758,-0.010830034859706694,-0.003297327760451384,-0.010638237357859926,-0.0017860373489538028,-0.019816340137901487,-0.0018030691084094039,-0.019031769217654194,-0.003464498312778109
C008457,0.00412341618285814,0.008259722699878678,0.0031460849180140115,0.006967289200409435,0.011292636876793574,0.005192400824603367,0.012497844144916765,0.010581805320651035
C005440,-0.006412421061100353,-0.005772661345862323,-0.006216534242763933,-0.005106864875967865,-0.00749966704181413,-0.002157973178746716,-0.008074847989140816,-0.0025141893950683496
C005298,0.011564537506434991,0.020507486279354014,0.01170011926609807,0.019375835461643554,0.014335282158471924,0.006979159854899813,0.013492218973565761,0.01720774428172553
C002612,-0.010474428146289268,0.0007594512267323154,-0.009888779819422466,0.0023841840367663436,-0.00646309750836875,-7.021585067889274e-05,-0.007581564189664659,6.449860193548707e-05
C011026,-0.0034537956763397394,-0.007555303544820294,-0.0029118302407712695,-0.006659252523187843,-0.002886282222530322,-0.00038633793484603966,-0.002607576188020736,-0.001279035000973957
C003347,-0.007849366744141667,0.001416348117097079,-0.00840288524458806,0.0005311063690906045,-0.00717457204689773,0.007351795232162019,-0.007430650067897707,0.008017588688706709
C003952,-0.011778353889609405,-0.003204900558907857,-0.010336360426838753,-0.003030590539708575,-0.01771372227760218,-0.001458503670906908,-0.017543108889452413,-0.003823176464276333
C013672,0.03619279976878705,-0.003313022742592877,0.03554524722010939,-0.0027684524432421876,0.03522107124370042,0.0002864468624770851,0.031163568108496572,4.28432324819893e-05
C004163,0.0047751120446260596,-0.011566216384042583,0.0038553785627630116,-0.010495393003947901,0.007889912818302725,-0.0016596714120903347,0.005633833596244594,-0.0032921425079532433
C007815,-0.012203825045387919,-0.01603724575590465,-0.013318605495813691,-0.016210314808257464,-0.015235114042745967,-0.008645324196253464,-0.016218358431019136,-0.014026282072918046
C009795,-0.01070440551003025,-0.0028422039864090943,-0.010691092902073962,-0.0027965722729605498,-0.012476900021624571,-0.000732531365716437,-0.014217574992264887,-0.0009210319488382586
C010888,-0.0050850318067946045,-0.005679990375053333,-0.004562282620020472,-0.005161009266320786,-0.005653280040775981,-0.0020215187042948914,-0.006000975086890341,-0.003265094772372971
C001561,0.01912488280290482,0.015452257036280077,0.011995476907368227,0.01238469400694422,0.0227967197275077,0.0005979387131836819,0.014817009290530791,0.0025352318980712708
C012223,-0.0014117129300745728,0.014566645935785105,-0.0013644279298550264,0.009332981138387939,-1.0813730983941158e-05,0.00310425828579466,-0.0013100983418915702,0.0071690246650363155
C004843,0.016277347566963737,-0.020612194810075875,0.016725399357647476,-0.016799776931640368,0.02108932418349607,-0.0023711181221390608,0.018319264773637364,-0.007224144763693167
C004266,-0.002307680331283436,-0.006262235466925894,-0.0020471986694946247,-0.004935456985053833,-0.0033479340646844643,-0.00015698303649964564,-0.0021193878416310374,-0.0006020020621359157
C000515,0.027380042836534585,0.004281164494434323,0.023811184715943547,0.0032824058823592212,0.02987530121850006,-0.00020780713908623253,0.024607702538203227,-0.0005128637644158286
C000262,-0.01188441185766977,-0.02003090904659671,-0.00991918902296583,-0.019701277770709867,-0.013736729213814889,-0.012322330189260074,-0.012352077865775211,-0.018891376567317993
C008844,-0.0031983464473168497,-0.01470493694397792,-0.003974570307175381,-0.015293236010999339,-0.0002678300495775792,-0.004319857255163286,-0.00019871339172415183,-0.011335008190383999
C010047,-0.0079222266728432,-0.01676900594174029,-0.00838608736099133,-0.016591943844491242,0.00043404728908943047,-0.008970614747271198,-0.0016722885133567847,-0.015803930716575453
C005719,0.01923468782434298,0.021397157576770486,0.025167331542194367,0.024375152781839157,0.019113369893837617,0.019611946442344923,0.0282513593690413,0.02922910501049068
C001341,0.008334082710971078,0.03520400004974165,0.009175329898264067,0.03586300008244914,0.006782489805333807,0.015777644993728804,0.005461354761160639,0.026689574466225593
C004143,-0.012028983017524806,-0.0017921469883299685,-0.01223120215538393,-7.144554024936866e-05,-0.020773871466521224,0.0011399815363487417,-0.020273056903021905,0.0007312737818128232
C011187,0.015009895341076974,-0.007423721950133692,0.011029970344899751,-0.006734974644962103,0.019904887341982532,-0.0007080946604455817,0.013457372159679348,-0.002132331821055973
C004862,0.0049187055750505035,-0.005126062893122824,0.004069991401526363,-0.0046437524716255695,0.002196263160430701,-0.0019525312678893908,0.0005612595172596789,-0.003006430522548303
C001971,0.03718450268748172,0.03244310682312115,0.03596965858653493,0.03541955802872519,0.03565469519040679,0.002286362476620389,0.031502911615237,0.010173029886988628
C012204,0.012182070119825621,-0.0251663349101146,0.011945523592848445,-0.016634127059565445,0.008326900831976545,-0.0007600741305714584,0.006478985472039633,-0.0017030753162944167
C001079,-0.004129118633627868,-0.004757567748625419,-0.003259566784131785,-0.0047612822702380354,-0.0036598308142432715,-0.0004745279504068625,-0.002889268847579714,-0.0012989488293727563
C011328,0.004153796744902515,0.0002243669174163669,0.003735988884497465,0.0005545424772956034,0.009703149469868517,0.006268784305081297,0.009751198567121063,0.007836758793604659
C013147,0.01766518835794835,0.011978952679372655,0.007895279640981611,0.01002780473032744,0.022602328088069935,0.0007567431954581242,0.014748249360321344,0.003655115218699911
C004573,0.0016252713431558782,-0.016942393147225895,0.003337790653924511,-0.015999273088726836,0.0015360163162941292,-0.007901838191569185,0.001758419634383461,-0.013488207129431455
C005428,-0.014804879835049349,-0.014064637087286176,-0.014272574739471794,-0.015806792029361517,-0.014885494713125304,-0.0036240209523300186,-0.01503818407830064,-0.008008708190551082
C000505,0.0032569434848911906,0.014803711087683226,0.004239172026089446,0.015106431500844382,-0.0070677622703555895,0.001035686114487739,-0.006299772488594591,0.008218092271257086
C000437,0.007425058031287374,0.01907902528488437,0.00717821657063086,0.019394648229973284,0.005755977619219263,0.009967410318343119,0.005641538413129691,0.01891367679311235
C000446,-0.0033937143438576055,-0.001848813390548165,-0.003072258842085113,-0.0013948288227111543,-0.0016776375314837522,-0.0008204247525899275,-0.0028369107960829285,-0.001934506051741784
C012303,0.013955662318320421,-0.012254139661321058,0.011256225380111512,-0.011404916509799426,0.020322124849737954,-0.0045317501701571975,0.015090547094217888,-0.008996464890572644
C004262,-0.016505757274177493,0.0038811675537117917,-0.017397374962557114,-0.000164209026168549,-0.017488326428043842,-0.0009845536271144784,-0.018435624219982755,-0.002983708872277956
C003550,0.0029657637837694445,0.002360706187628572,0.0019307940425938583,-0.0013436120551736702,0.00795002954983612,0.0039333202208449705,0.005839310081187567,0.0032432927711139358
C012398,-7.160759434889933e-05,-0.0007093708901407758,-0.0015898548552004466,-0.0013628472316926067,0.0037898057418691987,0.0002372681057707661,2.6342259885694663e-05,0.0007943686940116598
C012152,0.03505412186865878,0.040139236643623594,0.027477211461425708,0.04464210644763889,0.03324744336250458,0.0031181749600641883,0.025806088621679137,0.012250940441760618
C000856,-0.006469439646771313,-0.0037164258490754594,-0.005138102216715691,-0.0031523723615491566,-0.0027026441482353343,-8.727224031706478e-05,-0.0006579304665249056,-0.0007590046730943795
C004457,0.00018637169826736234,0.012200090214732123,-1.371009047277022e-05,0.007095426544870601,0.0031238056223272383,0.0038824116779962448,0.002356053612085138,0.006430521703627242
C008149,0.000618789145430032,-0.006816082481900468,0.00031649481139383597,-0.005895925904835662,0.00011815067374008965,-0.0012647808378926958,0.0006166951552067103,-0.0024660512887997765
C009360,-0.004625329850403647,-0.009758407186854936,-0.0058045896086453995,-0.010334478682165733,5.016406056349454e-05,-0.0015318974827679371,-0.00030891644315942144,-0.004828103743968875
C007531,-0.012021520082553456,0.003977425112694082,-0.011182970801667566,0.0001720016137741475,-0.007791946923471488,-0.002817366127229169,-0.008228896115507707,-0.006906166244602335
C004208,0.025780488512975465,0.005231311262745616,0.02830806209625274,0.007085955443090173,0.030484353250817376,0.0035459477919115535,0.03377406717170027,0.0021665206144048104
C010392,-0.0030439012106741794,-0.019378318455828252,-0.0028001048369837417,-0.019335411515958308,-0.00019164911678696279,-0.006270195859884408,-0.0008690349229444783,-0.013228766074292592
C011020,0.04002504673853416,0.03025466819585709,0.04000369251964459,0.03256138533605528,0.036208823312767625,0.0010082604486447609,0.03275333463269083,0.005906210522600711
C011997,-0.015659405660288676,-0.011174936063852203,-0.016784335694933896,-0.01150199322037945,-0.018303565982999544,-0.007366454903991374,-0.016360736717195533,-0.012624328106341884
C007033,0.007938269364136979,-0.023276655987918723,0.007750057570212965,-0.021797277843720698,0.011946288679509918,-0.005615372091171919,0.011484524943972412,-0.008055267217256785
C001518,-0.002384876020842152,-0.012405482373596155,-0.0020611934233989975,-0.006064532760007563,-0.0019490463480847137,-0.0003147482695921696,-0.001425206661470373,-0.0007645363808616884
C010015,0.026519163293340243,0.009126734104036584,0.031105070078148524,0.011521587056618867,0.030829077872744057,0.003720791719302337,0.03446857706405094,0.008614681840429192
C001556,-0.0009613491222199483,-0.009378674009934123,-0.0009380431906610753,-0.006498394879874775,-0.0014855841190487124,-0.0006119638560331627,-0.0013826154168506094,-0.0021319924986331275
C012247,0.042201737179291106,0.021819210309506468,0.04371146947679645,0.022085041981950826,0.03719842229712164,-0.0003584643751509282,0.03450960214932062,0.002117073036997141
C004712,-0.004956864186336752,0.00257806466535736,-0.005002223098178753,0.0017637580059778049,-0.00356224609165596,8.559200040725492e-06,-0.006108319207748749,0.0014431132254238994
C005238,-0.007007857036141769,0.029880669207926057,-0.004139377448385385,0.032011512168086835,-0.009511843637541276,-0.00189927511876425,-0.007273885043771324,0.004750359219131672
C009644,0.0036739163504275864,0.02990997455211052,0.003661642457195328,0.02772316318807008,0.004635066143323354,0.0021036741599256155,0.0027765618336363833,0.009150600269383751
C013914,0.0014414076052902465,0.002168335808723471,0.0007450013765915832,0.0019479666224309822,0.0034550329326308226,0.0023003878111613283,0.0020559201329162467,0.0033960337582812933
C011824,0.0030183482818362346,-0.01476248141567521,0.0012310837710360844,-0.01401255877385294,0.008960613613262334,-0.0036774323304449514,0.004229039056448658,-0.007560782536442917
C010185,-0.004032327603618902,0.003690023992429029,-0.0032042741017204385,0.0013755525142174197,-0.002763649482095573,-0.0009572800068215552,-0.003073536681630199,-0.0025028475649913336
C008656,-0.0053292535167546486,0.0029710248032899724,-0.0048579246434388695,-0.000625807279507313,-0.005798702891414557,-0.0006536705562465067,-0.006131635223730254,-0.001664153806198774
C005229,0.008990382466548003,-0.026395921190116377,0.008795730162380992,-0.014343696314954744,0.0051691380472687135,0.0007868531969388706,0.0039937107499191625,0.0026252392571633146
C003769,0.009383273068740823,0.013757218442802659,0.009602976377594566,0.014666239923518025,0.01585918992699456,0.01391677271523011,0.015257543836997668,0.02187909042777455
C005421,0.0011176218757104242,-0.012521254354298192,0.0005386721292387234,-0.011421702240257148,0.005528577863433345,-0.002166922718289702,0.00191904019786773,-0.005059882106881879
C009065,0.03844658274840301,0.03646068969752392,0.03897758060012173,0.043317210257757977,0.03519041855564313,0.0030277726542543553,0.03139885040738638,0.015305754890470473
C013313,-0.00044985877667672996,0.006186446706151811,-0.0024253483143887845,0.005466569612582113,0.0008660786308176131,0.007571551875835631,-0.0012387422701508105,0.010827653626164885
C007769,0.006804964610401436,0.019481770053836164,0.006603090736351066,0.01663175126999693,0.003999484207643254,0.004089427763079982,0.004016187367376204,0.00888774282964293
C003015,-0.0023436020168031402,-0.006122271095855578,-0.0020749439879852623,-0.004734800370591143,-0.0033805884959841924,-6.77305991311875e-05,-0.0021441467418953373,-0.0002905511415652294
C009100,0.033009489343263726,0.028631435222021894,0.03383783662508838,0.031251183038714755,0.03522263453906389,0.005110215197773445,0.0323811556310873,0.016665102243338628
C007606,0.008661499314272115,-0.02618611802020167,0.008713406624431416,-0.02583346365546483,0.013290904964209259,-0.011492228854403222,0.01131363823832804,-0.016600977859501726
C000069,-0.0012205506385653342,-0.010514365261440044,-0.0014658559726714313,-0.009023225477590564,0.0003863096056926226,-0.0010593119472535782,-0.0012509519986864783,-0.0023290469042545215
C008748,-0.0038774029308651565,0.010835479243117568,-0.0034095420112281844,0.005933081349577498,-0.003692600619158975,-0.00023643746567674644,-0.004122103054323826,-0.0022072923931468493
C011283,7.558887604754392e-05,-0.012048339786790273,0.00013442626562804258,-0.007944268186330651,0.0004051297892020889,-0.0006598963205711697,-0.00011721222416640385,-0.002176162776114147
C010472,-0.00031138326832455375,0.00500253299137526,-0.0008690651291930226,0.005217619969404681,0.002120074871505302,0.00023488724758678883,3.0278014395213812e-05,0.00039825071200427287
C006225,-0.0015195340738720952,-0.008893016848594887,-0.001694985995456407,-0.0077304046413129955,-0.00019086010621137062,1.0080789113758556e-05,-0.0014662121369201214,-0.0008211103125593464
C002657,-0.012768321390428076,-0.013901627531440737,-0.013170892922261986,-0.014185987823815836,-0.020299895108749206,-0.009167242166040973,-0.019629607707819675,-0.015596091882245542
C013566,0.0036097518280221517,-0.025022545743776846,0.0035920263660636008,-0.023208798370816523,-0.0033031615706829247,-0.010811949584118208,-0.004776238689058782,-0.0186836486534024
C010182,0.03468241949704157,-0.00519915076989359,0.03471697928582809,-0.0036948288517295604,0.03524035456522105,-0.0009036733841177164,0.031027607681375045,-0.001778441972434679
C008563,0.0038271150898535073,0.015832018877656135,0.006393442251459207,0.014209498481457408,0.0034238629523755167,0.006271719215523362,0.00734919331258041,0.014021405160380402
C012992,-0.0038492854715376106,-0.003586747644013386,-0.003062197264068659,-0.004052814071911271,-0.0028834701039740936,-9.432067369273958e-05,-0.003118141788664335,-0.0005389688982047651
C007304,-0.0043422915419886665,-0.014397211041486587,-0.004697736115438924,-0.01470616304273576,-0.006853486342685292,-0.006720265649818796,-0.006586235900599311,-0.013600533007378538
C011118,-0.013055720781179116,0.005919502704337038,-0.012870308231591986,0.0009029414492679491,-0.010999002635954437,-0.003377378467009419,-0.011655381646652974,-0.008498192120485571
C003055,0.0011337232039531997,-0.006100053807349942,0.0002366367270919296,-0.005483572260834492,0.007542925808122003,0.004651361797058978,0.0068354691373224375,0.004256297637296124
C003882,-0.0005996693955206996,-0.01048911205983047,-0.0006088754688273637,-0.009493508532662393,0.002718813468837388,-0.0002792356425319877,0.00022460967920347001,-0.0006009246005628709
C005744,0.004725221068875085,0.0002306425536818659,0.003935207960590572,0.00017563131721372554,0.011677501109207306,0.009768061369376729,0.009740553672703076,0.011036888429803047
C006050,0.00893518401192762,-0.005966327107453565,0.0117995172910349,-0.003995731001343538,0.012223292768084298,-0.004823279306842264,0.012615717674455303,-0.0058088706561411204
C003578,-0.0016033731834174053,0.019329052046480874,0.0010688522654022914,0.017996124513401462,-0.0023034539103958325,0.00403955848111509,-0.0011037479129238593,0.00924515251166157
C001598,0.0045941005451636385,0.0066478129979039855,0.0037054847013905617,0.00735574508187044,0.011253708443915392,0.015229182182236865,0.00922168476478287,0.020664456918129032
C009063,0.0193718104067054,-0.011473256071686469,0.01816258933875471,-0.011279609236242282,0.026289463251600986,-0.0006669804998443154,0.02239888093958,-0.004878093543658038
C002833,0.0022934699815647004,0.015303164589220916,0.0011108706446379048,0.013734125041144775,0.006009382474708424,0.007583979325069014,0.004763416807668353,0.011854250550014364
C012047,-0.005795690168356932,0.00018860494784146185,-0.0049532074120013396,0.0015204231528612457,-0.0030767077889721963,-0.0003019175022984556,-0.0038567925105721123,-0.0006274240099098228
C009202,0.009659911915537299,-0.014380823783654151,0.011007052227794134,-0.013189329154028338,0.01310568887887037,-0.005501539518655944,0.011208223478357385,-0.010473707281374216
C006294,-0.0045767078050786515,-0.009312760376283744,-0.005729256652236369,-0.007705179646008239,-0.006772438381569181,-0.0048939194858103946,-0.008277676249559116,-0.008493655322609478
C000918,0.009240141094541483,-0.020568241289121145,0.008877024703674338,-0.017013871256214567,0.012643228538706985,-0.003257190202217104,0.012296569230858334,-0.008868162196447125
C009130,-0.01385219427433987,-0.014175768531644047,-0.013235151432098533,-0.013307931012270253,-0.011511822630947426,-0.002619520965909666,-0.01180289890829658,-0.00765582896749378
C011826,-0.0013991141677340798,-0.023513846653076164,-0.002693792029247491,-0.022501612790082295,-6.454351233963325e-05,-0.020058064279066517,-0.001697668965678163,-0.031353263344461785
C009454,0.009715141670155832,4.337488402138469e-05,0.009169740394468268,0.0006092297219760828,0.007503562640328475,-0.003531261974300392,0.004518364542224091,-0.0033586579692835594
C000719,-0.02414295652778986,-0.00856300361363906,-0.025437657599229266,-0.012506162959534294,-0.020119236240449458,-0.00180952995154724,-0.02054757860105821,-0.00602093719661641
C007803,-0.005541261769305386,-0.016147453008776035,-0.006250167261676262,-0.015488305963405882,-0.005852693069212038,-0.005148969377741725,-0.007644064496531928,-0.009127748473720557
C008242,0.009809194289122924,0.0018924500840424184,0.009849757228820276,0.0025717686054534,0.013109259802488987,0.002920315477509426,0.011191753969435336,0.003636881355919993
C001798,-0.005853619682346683,-0.011211354285364112,-0.00501019398173522,-0.009916998528296677,-0.0030677731042582663,-0.001704265865396482,-0.0038047531028637576,-0.0038752320206804345
C001027,0.006514943508983996,0.015114953518687238,0.003216035392305429,0.012091328266815096,0.012761964470966152,0.0005883429834947903,0.007324940291764586,0.002382104920233898
C005820,0.011944863416742134,-0.001278771100062506,0.011853052888132378,-0.0014427409113192274,0.014903438199953023,0.0006447444324774057,0.012939111450566539,0.0004295278094350068
C004634,0.03250627499977812,0.026857576069643885,0.02638587716638826,0.024864744758643108,0.03205505081804493,0.0015527263668016153,0.025335128037181555,0.005779593726820608
C012859,-0.004532307693883903,-0.00348460279912558,-0.003445054198004172,-0.0035363859817909645,-0.0031819516371251037,-6.185959363708844e-05,-0.002844494830440565,-0.0003057376893731287
C001952,-0.00029739217066501186,-0.0031887746774048853,-0.00023815236025321416,-0.0026318703020390744,0.00021166306143862967,-0.00035586855123064025,-0.00019646392302570434,-0.0018667685189711477
C004892,0.0018086321505859251,-0.0023891869099302004,0.0017904272390478445,-0.0020432484800807027,-0.00021424957075670496,-0.001055194366501808,-0.0004955732585944854,-0.002560151079728695
C011623,-0.014276503360611035,-0.019662707898970788,-0.012421804142521323,-0.01939529415891816,-0.016000413239797753,-0.013263546068837813,-0.014804973694468773,-0.019593931720853087
C002331,0.009139055732655886,-0.00853659717663051,0.008591622423732757,-0.007413861680194847,0.0063920005915898736,-0.006572891636496685,0.003574390666348516,-0.009973372818805847
C005252,-0.011134016086232754,-0.010065837511319066,-0.010365480115773153,-0.011337906196243863,-0.00691977242007974,-0.002468267647421595,-0.007701582591009401,-0.006625502219788838
C004476,-0.01070440551003025,-0.005402706123822123,-0.010691092902073962,-0.006051941549204073,-0.012476900021624571,-0.0006880486406090768,-0.014217574992264887,-0.0017722185697865078
C006940,-0.008293405879740076,-0.02973980065595765,-0.012537182053914426,-0.03000521072982522,-0.005384959304973263,-0.0011672918453868647,-0.011534507922252024,-0.007061934500755476
C012316,-0.011673353683796761,-0.006440146846744431,-0.010526478584933361,-0.0058836937705687205,-0.018619898209967737,-0.001636951942475053,-0.018720432928683403,-0.00434179823226466
C011871,-0.00821067912845627,-0.012006192302988923,-0.01208358011106429,-0.01099056966440824,-0.005245634260812447,-0.0073544796878329015,-0.011172848363668648,-0.01353220023303641
C008266,-0.003916587126717331,0.007646340762997056,-0.005104188990707644,0.006513434478177213,0.000932556669122206,0.001929716794558635,0.0004928873308766485,0.0037097631033576905
C000330,-0.0007082081260875478,-0.013886065547246475,-0.0017002258266742766,-0.014611981126025748,0.0031274584911779473,-0.002493697650699154,0.0029919918217339555,-0.0088695155112301
C010851,-0.008268144739550558,-0.010169039299735646,-0.007847842924133147,-0.008258384831498005,-0.005605065120174728,0.0018802591048767226,-0.006267683880668121,-0.0019750840345779314
C011581,0.020502288600397486,-0.003961478648116567,0.024866686061722217,-0.001792496048858322,0.023325069480818826,-0.003947024033267458,0.02816097379885394,-0.0047587425080519025
C010833,-0.001087488624773976,-0.002446437581638095,-0.001311186547772977,-0.0017511799287203897,-0.00021889560671681455,0.001427084226632523,-0.00034196097513738033,0.0034774297075183184
C013765,-0.011797964756725543,-0.008641262451944659,-0.01010143217218979,-0.008388495947731492,-0.016611352938534038,0.0004829585104999562,-0.01593096131121744,0.0014650083647384082
C002917,0.01333724524040928,-0.009272329223879357,0.00942398752453758,-0.007851520669189375,0.018454397975227365,-0.00023825173734809527,0.011950207273414847,-0.0002883659512900412
C009671,-0.017404494945689464,0.006545349578940979,-0.01786747143641583,0.004206936376547324,-0.020013093677617274,-0.003202421573957963,-0.020820835378755342,-0.004424026941609906
C007719,0.00501889102162657,-0.005802764937199557,0.004958699387582577,-0.00551615843321108,0.00843454416554406,0.0012499574350665287,0.0056049943809177,0.0019278739452015454
C000102,-0.018502746022255122,-0.002983973389152005,-0.019373083930424185,-0.003947588036892663,-0.020835401399001106,-0.002515897566382834,-0.021314876964213775,-0.005415588995591137
C004848,0.011812749847051985,0.010164495003693591,0.012268050993792998,0.011722071430964032,0.01813910830103784,0.016210182156707872,0.01692516593481757,0.02382594162516992
C002977,0.03473621562528191,0.03200182296602584,0.026860118756815533,0.030480972053524926,0.03305319692382139,0.001592975696287165,0.02543005478605799,0.006196645058047646
C002240,0.007211809286420159,0.02377330678219568,0.008473476590538272,0.024618036680376976,0.0017078826597767421,0.010747266214199804,0.003232492089461305,0.022611330107157008
C008618,-0.00044985877667672996,0.016400692760566372,-0.0024253483143887845,0.01273422771598593,0.0008660786308176131,-0.0020321074930260293,-0.0012387422701508105,-0.0040713840276897836
C006873,-0.009398370367204726,0.00642269007374072,-0.009153087337784381,0.002475883858833386,-0.011440951820304858,-0.0014769190961251692,-0.011587159523863062,-0.003760318265987956
C003866,-0.0018231334607085358,0.006890958930464533,-0.00336069655088092,0.005871193253314084,0.0024272225521004636,0.004848129515722302,-0.000746125158524443,0.004369469214099877
C004809,-0.006262820831134704,-0.008615086718507269,-0.005726221486812908,-0.008547452222620723,-0.00501212736551479,-0.0010598622389920995,-0.005646212238427008,-0.0030139574312821487
C003079,0.019894924694892888,-0.026882375259721876,0.020813007112078688,-0.020376343651513803,0.02463323646216401,-0.0003120280490589708,0.02249746795916406,-0.002261785304798661
C008933,-0.0027372005635375595,-0.01109843679139749,-0.003332793251830243,-0.011205610998885507,-0.0017444978979631537,9.268332169585281e-05,-0.004017139562799047,-0.0019605872330888357
C012382,-0.008283130827230147,-0.007646380473602348,-0.00639933838539505,-0.007383468292807779,-0.009752548497440847,-0.0033621103881244295,-0.00844578150116613,-0.007832213001145756
C010820,-0.012216366266958234,0.024869381796235386,-0.015950612426648088,0.02368613693811643,-0.01771044994485106,0.016416669862058298,-0.022907046800898848,0.02554631268837087
C002721,-0.0036059776922502972,-0.005408643766900724,-0.0031870854279310856,-0.006092745884247913,-0.0033855159493439884,-0.0009988275103546365,-0.0038986760022917304,-0.002779228903566921
C001474,-0.001981513088335839,-0.012583267758925201,-0.0033137092662448952,-0.01216517933584401,-0.0006016419657838942,-0.0021479629159529743,-0.003534106655256754,-0.00698881712090144
C011393,0.01532285682601786,0.03867707906690257,0.015563114471947687,0.04297191033470475,0.01953714543896674,0.016397660701823743,0.016130335795112954,0.030709738250808055
C000540,-0.003618752784160898,-0.004740463995618278,-0.0033915827872401023,-0.005777217039442193,-0.0001013294709577044,0.0016010620056720335,-0.0010521974730361807,0.0015416911864215806
C006140,0.023389777875357107,0.009518564493572957,0.023662787765726008,0.010048843840754211,0.029451598349888156,0.0024667659113576114,0.02793880735815851,0.007552284179774228
C003798,0.01074772686625616,-0.012829357543543814,0.008333031743660034,-0.011919463496707023,0.017693970120296464,-0.0021406071692103472,0.012982659218422081,-0.00706074385777053
C009579,-0.013723062234326398,-0.0117950881668158,-0.01452757354760014,-0.012627759873889859,-0.013247141729133154,-0.0054204108426250145,-0.012793370466758592,-0.011977995427832327
C008863,0.0044681266689064825,-0.022699110928893856,0.00354575261663052,-0.016007314746383144,0.010990025945596085,-0.005234299369760515,0.008927368380934013,-0.01576838140625818
C006021,-0.005845090775167758,-0.0013948348589737244,-0.006960698792444378,0.0007854616727829032,-0.00915558198929345,0.00023993724714104772,-0.010227561869096116,0.000816749640164385
C008482,-0.011840472722286383,-0.0011593016896611573,-0.009184775768433451,-0.0005572209085119202,-0.01505040962081758,-0.0014546769001846527,-0.012800731609772558,-0.004093456767988127
C002840,-0.0007233311650818572,0.024593709015562407,-0.0005882166566652224,0.020653327901255795,0.0013300869008630375,0.0011750806362553115,0.0007972907836970078,0.005471910317093865
C013840,-0.009823306748589616,0.005958809253881881,-0.009566384624069463,0.0024510949281022825,-0.006332004475774199,-0.002594551139289555,-0.00804711320836361,-0.006072385599772373
C013048,-0.01299615345842684,-0.014339647445602077,-0.012295708986101472,-0.013872690644016517,-0.012331320512578547,-0.008837697313748241,-0.012638548541026882,-0.01610740851582588
C002622,-0.001808960561742496,0.010401116209629373,-0.0008815330149460984,0.004550637808467145,-0.0036390951896770663,-0.0003617830381744088,-0.00447820120057012,-0.002021433753259378
C013546,-0.019798232475450046,-0.004847087799829695,-0.02111014610578548,-0.005070375570262884,-0.02328798039002795,-0.007830980896073616,-0.02493885619894465,-0.012040602787676517
C008326,0.0032358662051282707,0.007720833131224431,0.0022052407884247923,0.008415123536252001,0.008485196664737363,0.010967830067467328,0.0063434982453201,0.017004373023548285
C004544,-0.01295634854455142,0.006760794336142501,-0.012803745391673395,0.0017541314691592927,-0.01095014412675204,-0.00349847299377453,-0.01164668754831397,-0.00866302043705497
C000537,0.00034376376768492314,-0.012394649426581148,-0.0005462579489024142,-0.010806419985741906,0.0034257948537311273,-0.0010718460951521219,0.0013490023931522883,-0.002913445946381072
C003876,0.0003661185333440597,-0.011395661066923628,-0.0005652381757674678,-0.010537123250270517,0.003574183568912103,-8.372078892932118e-05,0.0014739230361703749,-0.001558192258867729
C003217,0.0024864378653771174,-0.010747619087598852,0.0006873980793087692,-0.009625171889115042,0.007956005457771677,-0.003474363879117313,0.0035329759662856663,-0.008112935339773895
C002232,-0.010212109404938788,-0.00197070711099346,-0.010284916181211523,-0.0018744622987264484,-0.011947413215292815,-0.0006605780571970967,-0.01370267791890145,-0.0005288212683372727
C001544,-0.0009955975440677312,0.008886875891614963,-0.0008110279096043678,8.794122843900228e-05,-0.0009268355014007259,-0.000831826728717354,-0.002447964682387049,-0.007125153592472939
C002343,0.031373270655351844,-0.009307193335564352,0.03358440596167677,-0.008248408916168648,0.03550249680402702,-0.0050806117286350625,0.03506682497548412,-0.007181821256849669
C004385,0.022120178703455683,-0.0035229254970335793,0.020500811596313687,-0.0032585079529536647,0.027398120323430603,-0.002734801943795295,0.02273484938863871,-0.004140956230840762
C010533,-0.004858716855512399,0.001232341790795143,-0.004924352611424573,1.0938074602608385e-05,-0.0034406549259193603,-0.0003076916760482776,-0.006006080344062531,4.977857450934313e-05
C009901,-0.003476519595826503,-0.005068481646952597,-0.002920014041359317,-0.005008619321075605,-0.004481987310808307,-0.0015914102852796492,-0.005179048494076804,-0.0029864296124333923
C003551,-0.010158643471196875,-0.01942959431489573,-0.01072650218904633,-0.017656840021057055,-0.009571988569317185,-0.01362038324844545,-0.00897272782254155,-0.023175601316895042
C000752,0.03034834975559096,0.030990835660653117,0.03333868331406095,0.03532159383715617,0.03478524350259982,0.022769013844220313,0.03480659149103399,0.03566343739424493
C004231,-0.017732663235517313,-0.002818295765786659,-0.018913599058951205,-0.0022859531028005097,-0.020324649666663742,0.0008161462012940679,-0.02017376336348165,0.0018784580082959051
C005654,-0.005884925971044086,-0.0015177431888287218,-0.00451577626387163,-0.0027300161851233386,-0.002486840970948488,-5.1390632694477126e-05,-0.0020223927217909335,-0.00043258998963441444
C000834,-0.019824286811078347,-0.0032021035938278324,-0.021343846751029908,-0.004847896608367328,-0.02384106405190113,-0.0015864636553866562,-0.02590071726272215,-0.004276794613731644
C011527,0.008674984997608765,0.00988479467716142,0.007663705179239504,0.009652492638969504,0.007323513164798964,0.0008873509964431221,0.005714460834551561,0.005390180256126843
C012004,-0.018886800739898686,-0.01501704499152604,-0.01904359311747904,-0.014083646543418092,-0.018724464220664757,-0.011461598681268162,-0.019422574935691418,-0.018185393750934878
C000393,0.02033580659447893,-0.01624651526504993,0.02090627855984309,-0.012200807073597603,0.021247232255921508,-0.002723807462204266,0.017731151467340167,-0.0071581678633715114
C003741,-0.0053969992498523345,-0.012664008842893332,-0.006098129393936626,-0.012725625476096387,-0.005665280880427055,-0.0019388206012873358,-0.007490599469733874,-0.004988208100748939
C012041,0.007519771624862438,0.0035897671307763067,0.006801982749274222,0.0032778423236626613,0.00951594215946247,-0.0005298687177977269,0.009621884913124828,0.002581585116751949
C013096,-0.0034813210324317143,-0.012343712168421048,-0.0032784145644205497,-0.011117695804474002,-0.0001609636529405219,-0.001191667464449212,-0.0010958363271594191,-0.0032844203325956673
C011455,0.010558561186993363,-0.010012551412303736,0.010651564138278004,-0.009885156874925093,0.014651615401877016,0.0012166530455975098,0.014074277157613883,-0.001424235143270779
C009955,0.021123351331141436,0.021262418619492834,0.02196232430966035,0.022131416107662626,0.02549291505498865,0.007483717815441029,0.02455786085092561,0.017041743208192964
C010703,0.0059729125258542425,-0.009682803228111546,0.005681205036173504,-0.00840343985828507,0.0075975834907680406,0.0019286113103263725,0.005975329145760763,0.0023191368998187484
C004461,-0.008990387714504434,0.008708501718157407,-0.014373314367846786,0.005640886691924458,-0.007133133224505791,0.0011952976536733055,-0.013838558978749593,1.5829441458811537e-05
C012598,-0.019621460300532207,-0.0195003213331765,-0.02085345017457702,-0.019631106783462672,-0.022934761815849615,-0.007115774088147605,-0.02436329033302659,-0.015841811082360796
C002852,0.02121136769035605,-0.01393634349270939,0.01979796230661042,-0.013209734680837642,0.027064277599869842,0.0003028588332521503,0.02263186279711478,-0.004274751761943441
C000521,0.0027028780611037194,0.019655628525026766,0.0012515869252325371,0.02241979572009091,0.00863944628812127,0.010488688321562259,0.0038041155994422266,0.020702966451744808
C001732,0.0030427115309708624,-0.006589820845381549,0.0024223807255209164,-0.005903969471712733,0.009051109669239247,0.004707081791074968,0.008925285766601777,0.0042539428496309005
C011337,-0.001893215186411808,-0.0007147457458973141,-0.0010410847678743785,-0.00039640537202775757,-0.0028738690615751432,-0.0007658791684220963,-0.0015539806530540127,0.0015478953869892177
C004695,-0.004259622824075611,-0.0002419561005642576,-0.003747680368240453,-0.0002558989336879107,-0.004008444329208837,-0.00141269892142506,-0.004401311007852133,-0.0024748855980936684
C003243,-0.011695330954348849,0.0038754716726575617,-0.010502078241625119,0.00477015034228925,-0.018494937695239896,-0.005117086087594832,-0.018574524697895053,-0.008400829082230122
C013664,-0.003709387402548315,-0.0001367911210930072,-0.0030831186336389765,-0.0009545133739517042,-0.002909410955768491,-0.0009643541500324757,-0.0031107513585159406,-0.0024874495376339552
C009099,-0.008943302620078928,-0.001719936409900686,-0.009721818724102604,-0.0008698365272230732,-0.011926912113160198,-0.00012972079628931357,-0.012769252270342995,0.00010065210246108937
C005364,-0.015396815872195132,0.00024427497720281384,-0.01656269156226583,-0.002037267795170134,-0.01800857859838559,-0.004643090624601687,-0.01633492880669841,-0.0036399449788260627
C013205,-0.006655339105352558,-0.005628829543186832,-0.005905418003858146,-0.006715632016469364,-0.0031546323539067057,0.0003741541069362156,-0.0037364592077867896,-0.0006778331385994873
C009252,-4.8881501308162166e-05,-0.011489570630195041,-0.00019084823626809932,-0.010429442819556288,0.0034699673897967513,-0.0012988243583458923,0.0007010795425410944,-0.0034023500524874477
C009029,0.003959758148320626,0.013041024836233822,0.006803622578880266,0.013196466588365487,0.006221958719470856,0.012937437986292441,0.010660302777136463,0.019873491961999168
C009864,-0.004533329829043806,0.0010423015265713699,-0.003752452103337088,-0.001851680098694628,-0.0017941535614414226,-0.00013839657690193396,-0.0022331233570775113,-0.000737065136545325
C002162,0.0009409049722189544,0.010917927945584514,-0.0002742295940578057,0.005405197551186922,0.004071963387093358,0.0060498848075036015,0.002075617449159149,0.0075250195901349504
C004986,0.004155574505223785,-0.018986566813027062,0.004031151999432655,-0.018163741263755723,0.0072575379481977205,-0.0088396395601199,0.004355327072662428,-0.013837975644668966
C005874,0.015861923719165026,-0.008414515795410134,0.015750945334373097,-0.006393145302542009,0.019007176844793357,-0.0021474874835838704,0.01714804154682828,-0.005798232984139213
C005529,0.010332934948763443,0.02517417448075122,0.00796666596850261,0.028640824404941714,0.017397463972829486,0.022812351229278625,0.012751062978980997,0.03926787249855086
C010567,-0.013591923437789437,0.016649414934377996,-0.01447666743121542,0.014308119303916575,-0.014881405060004176,0.009848934140303127,-0.01377710948981288,0.017257026448689764
C008208,0.009561613567842213,-0.010216381970690356,0.009373420061188516,-0.0077100286013926135,0.005654714153601711,-0.0018083977772012805,0.004319364131328108,-0.0048160367221611105
C004479,-0.001778107200848855,-0.001902874592753367,-0.0018929372788162098,-0.0027633934112564346,-0.0006674326290343795,0.0017303868228694052,-0.0016097834843774696,0.0030746321491668823
C009698,-0.015605649105182863,0.026211149971412134,-0.016774137384900297,0.027624834053479815,-0.01823453166617633,0.015950503845750794,-0.016481518786162223,0.028641864380143142
C000502,-0.005309970197933783,-0.003880349493644394,-0.004295083846552571,-0.003446829969453001,-0.003186494556222629,-0.00014583016641144282,-0.0014294227676924834,-0.0009511351831205732
C007771,-0.004060805323430332,-0.0009146005788172968,-0.003441227998168729,-0.004280594266153329,-0.00146140615031058,-0.0005249563020413361,-0.002166669418009261,-0.001801793580974081
C005367,-0.0018826939541976416,-0.011030353411123083,0.0009495016436066269,-0.00903156134828674,0.00010401722340223199,-0.002871733512472438,0.0019178617947780583,-0.0063895714262555085
C013643,0.01669570744545865,-0.029152591232339268,0.016984434923671993,-0.01789965795172507,0.016724396995276235,0.001583537114220144,0.013189936651424494,0.003635402848965592
C011055,0.007885457682601122,0.01709078399797989,0.0076138058585966594,0.01115740188033424,0.0072186464194736,-0.0014313013332796108,0.006891001139508794,-0.0014667741301750614
C004889,-0.0034929146454560937,-0.008965400071540622,-0.003091823254748341,-0.008092065462626807,-0.0025801966693794875,-0.0005857902220768498,-0.003135954256812014,-0.0019359671661911204
C010055,-0.000222687843833205,-0.016224690014188515,-0.0002571871991220647,-0.007492053153901151,-0.001061758174922324,-0.0003244489381291798,-0.001187658316253131,-3.446223507959402e-05
C007548,-0.003992070456642929,-0.007061148692982567,-0.003134514093081708,-0.006715287498169089,-0.003098418465754249,-0.000528732102188436,-0.0027989900350897006,-0.0016970018014828767
C006539,0.017301425352534438,0.010200357840084962,0.010285031822191792,0.007575632214177309,0.021590485774022797,0.00040237134052577137,0.013727873471450068,0.0018875309198788765
C009833,-0.014731236537102638,-0.014982300197585827,-0.015608709293656993,-0.015048258142963391,-0.014816026384001835,-0.007697810951561356,-0.014356139817519722,-0.013033513285533212
C011200,-0.01448733408561514,-0.008045165471427328,-0.014076774077309815,-0.007488110618341121,-0.020527852511600754,-0.0010685392506384435,-0.02108084977160371,-0.0028157480581919555
C011884,0.002878561350484633,0.001237345851465192,0.0037177460779785555,0.002552773319867896,-0.006880137770020125,-0.004860740459822139,-0.006423465981432658,-0.002453023626808301
C010339,-0.005585582082735281,0.009924760726557251,-0.005186996538408461,0.003891370871750538,-0.006016825333405857,-0.001393436232880561,-0.00621094703280756,-0.004672434306960789
C001353,-0.011745284125801432,-0.007463008726584789,-0.012414023869938005,-0.007852453711979407,-0.011857726876602769,-0.0047386002488110646,-0.01114773972575971,-0.007760605053071999
C003257,0.021631872778041177,0.032943583696348894,0.022440788129067926,0.03595066394026564,0.025533728300127508,0.0205767410698057,0.026580588573521715,0.040796489957877415
C003180,0.013788518651199668,-0.013009917105786924,0.012781667223021011,-0.012768765293934845,0.022190169459669548,-0.00041117147097930113,0.019274240547550284,-0.00548511951717827
C008086,0.0017325188607057874,-0.018481661483678632,0.0019150323066413376,-0.011793447550175008,0.004748824644280173,-0.0007055373523381773,0.0027190379977786367,-0.0015968286435167156
C004411,0.032014559261031944,0.02044432197076145,0.030602945805444027,0.02037646519686447,0.03330111041879016,0.0009585266616739717,0.029128794351162536,0.0059285863304890385
C001655,-0.015557130883042313,-0.01734897488142437,-0.01391442595044918,-0.01652916785959404,-0.017096461415502445,-0.006684162753955214,-0.015214705644438484,-0.013134808759213176
C012718,-0.015572949785396951,-0.017269577501495766,-0.01399087492152004,-0.016196784251562787,-0.01685415663801104,-0.00491992895584965,-0.0150202458840232,-0.011844543265530971
C011808,-0.0025244706834593343,-0.00038744214203464023,-0.0017783288751132941,-0.0009477121674164238,-0.003348604253159619,-0.0015817001115662895,-0.004280842179522128,-0.0028192694503148125
C006903,0.00502010996050867,-0.012324495549351645,0.004819229292860291,-0.011237311714517284,0.010137478632789467,-0.0027947263191673097,0.010093161535829755,-0.004330241599802256
C011493,-0.010783233073651312,-0.012771584460190142,-0.010673426169363549,-0.012110190581604537,-0.019766761885776904,-0.005480269769380029,-0.018762476221319057,-0.010477562034451524
C004035,0.005346270039987572,-0.009278208534785417,0.005242941550371411,-0.009317730942745423,0.010090060119357407,0.001824270825397281,0.009882522853273136,0.0011505503496419239
C012593,0.011469570771251937,0.012287103360747042,0.010800770179926504,0.012376102493291194,0.012598511694004584,0.0009781454689166812,0.010585844550531838,0.005683679395504938
C001473,0.01713698997242999,0.02197216140940783,0.017730682043441283,0.022904198202610207,0.020374412737238886,0.010038983986034056,0.016285591519643764,0.02068788792020006
C010413,-0.0023334618326780847,0.002536549087315459,-0.002041037449663742,0.0015565536174614535,-0.003343365342103024,-0.00010005988232087505,-0.002342214517950612,0.00012487187670195211
C008289,-0.015780233717358257,-0.002354927512091244,-0.016134501482589707,-0.0028946528915998098,-0.01465351270756559,-0.0015167608789861337,-0.01464904617870128,-0.0041380258342150365
C005158,0.003692741387939237,-9.257486449057224e-05,0.004702279370450892,0.0015256692403119027,-0.0065201307050337136,-0.006222974642329881,-0.005671445594042006,-0.004875442357961407
C005388,-0.00816013802751159,0.00011083016308041183,-0.00672880479550864,-0.00310141153468913,-0.0017055098354131814,-0.00010786476725297519,0.000682775498191346,-0.0008038698271112528
C012250,0.028295815450937966,0.005050464281104893,0.029855738857505903,0.0059874471489125905,0.03326787799487513,0.0037967405465860627,0.03157441681123841,0.004326300537334014
C007446,0.007728597872014317,-0.00826887966480186,0.007447057757356596,-0.006020907697489744,0.006695099243252611,-0.0011440623808278026,0.004582554750823078,-0.003611963818995022
C005571,-0.01057260188283236,-0.010810955205141812,-0.01064211438881173,-0.009103345511835621,-0.010565018457005223,-0.001546300592779203,-0.012472428945000485,-0.004151069482109712
C012187,0.01001074787038754,0.014531055453734294,0.00982676518928593,0.014450199389138052,0.006097044347865601,0.001000168542839055,0.004620545835780438,0.004728955830938495
C013692,0.005947409055421616,0.0038594282909654044,0.007735231244708422,0.00562528334931199,0.008319780161663529,0.005253656480899843,0.007347342108386563,0.0066246324989696626
C006967,-0.007018905750637857,-0.007131144226130137,-0.005843913030973764,-0.0024377999658683038,-0.0017172490139567126,-0.00017754245668096118,0.0008605412093195236,-0.0006202424969060288
C008081,-0.006501846356105463,0.0019914401139843425,-0.0061064840104368655,-0.000651008335383516,-0.00400030770582674,-0.0010366717410660808,-0.005517641745304269,-0.0026630941218732914
C013572,0.005021636391771997,-0.005542275709230362,0.004311443366155744,-0.006354338623717277,0.008919152488041603,0.004117430671498603,0.007102450677653688,0.005751855723229067
C000575,-0.016272232759309162,0.008984569484316838,-0.015772979809362035,0.010094829845923652,-0.015450704244402235,0.0053041898732256905,-0.01628697193823518,0.00621597793219333
C012600,-0.0019340777780769319,-0.00013753725734234244,-0.0024664805911978143,0.0009902362025683126,0.0003301855043136734,-0.0017564560702941548,-0.0018847928093912356,-0.0031722107870095517
C012113,0.015147246767774052,0.037427945569752846,0.008257064485490037,0.0414443454333762,0.02019119674291742,0.0033989899302909188,0.0125756693971329,0.01440813863185103
C001992,0.025424171895860343,0.011782770201934398,0.025585808024750113,0.012239495756923686,0.03068725375386296,0.001632407673181402,0.0287465586310911,0.007502889527514679
C002019,-0.0072161274700476355,-0.010269239726432672,-0.006479773950865619,-0.008456509092269787,-0.003939633659360547,-0.001276776973798647,-0.004243621801185134,-0.0034640676245449916
C003287,-0.01581134398158528,0.005566390617928251,-0.015022627826533385,0.00189788110807006,-0.013435439907979088,-0.0031551213737967946,-0.012778494889339844,-0.00697888455264025
C009900,-0.02202605820249797,-0.0034619626964063773,-0.033375108963550545,-0.0066215355135184895,-0.025441925131329174,-0.009483712389198264,-0.03931814575054812,-0.01820925523197441
C000024,0.023425635428674978,0.02690820554445019,0.025009805993825473,0.02893314419518295,0.02832213204447341,0.015357409613461935,0.028491844747920426,0.029420104297684997
C004019,-0.004451442217781753,0.00893679509072444,-0.00385958585887055,0.005589541097995049,-0.0034715944952733407,-0.0003926840937115248,-0.003970218656702,-0.0020962757961998464
C001922,0.00283726463859908,-0.012460641036891231,0.0012852677125871428,-0.011721900476383112,0.008826648774317885,-0.0016766324959671876,0.003977365796165494,-0.004269612913683037
C012769,-0.007688106736505246,-0.009993858832458234,-0.008243267083743894,0.002034185059125208,-0.006245625701560621,0.002851110099991366,-0.005768223384712073,0.0003003299909197091
C012935,-0.004697264030594755,-0.004264116007501644,-0.004037078466684304,-0.005165016692656402,-0.003483320181048406,8.108935292757998e-05,-0.004104420420046649,-0.0005088433613369671
C013407,-0.003054064693768956,-0.003326206807260193,-0.0025909716623931014,-0.0030013079735870907,-0.00048632216104659747,-0.0001776363152926764,-0.00011128759480595558,-0.001255107883788069
C005950,0.005095676974356003,0.0037444895993360384,0.005043771109322946,0.003899205658900293,0.008542037375842217,0.006711604013796538,0.00572064459404067,0.011597690406305405
C004614,0.011325662945660066,0.02784063943630659,0.012324890082403086,0.027174135457438423,0.008525008667281809,0.010208266435543456,0.007920675980761804,0.018102209040082043
C008953,0.02083944892189821,-0.013602844326306866,0.021072788742619288,-0.012328510133101106,0.027492693016547446,-0.0055343923509090145,0.02582741575478714,-0.009840734216116616
C009831,0.03650885340399587,0.04469832207814946,0.035747632359543285,0.061684897901420684,0.03529393336600464,0.02430274731554547,0.03128652151347957,0.052757394510243125
C008295,-0.017641273720447156,-0.016148933835229275,-0.018289001792374228,-0.01629960972869389,-0.01905997904131805,-0.013979781336067561,-0.019134487800947703,-0.021698543769981486
C001652,0.018193350860783216,-0.0027354085031390802,0.018642583224467258,-0.0016024528465343932,0.022561123951042844,-0.0016231481988016052,0.021203767540426074,-0.004388042424566722
C012431,0.0014618056506135152,0.015544761741919015,0.0018090988103351192,0.015191913511141377,-0.00683419340948083,0.003532542150681062,-0.00771952411112982,0.009156088268085387
C008721,-0.015145619732148246,-0.007883774149347595,-0.015458137483755907,-0.007856733358867711,-0.013193372065646414,-0.007694661180243766,-0.013241093318425838,-0.011712318539318041
C013145,-0.01628301089887747,-0.007787297130285834,-0.01493643847804087,-0.007656183857258081,-0.020753677956196776,-0.00042239648155126546,-0.02026541282849981,-0.0011339209370380804
C000960,0.013716517363606358,0.022934037534390415,0.013975409187634718,0.023736455558557044,0.013641825559949403,0.010384739767053815,0.009853053594761296,0.021355469906126627
C011139,-0.017176947539383317,0.008099615432793184,-0.016761433205868464,0.006256542921142967,-0.01619942478101239,0.0027154054634284624,-0.017215278552224007,0.004122727788725822
C000072,-0.012481323396132964,-0.005768688696108582,-0.01124986743415718,-0.006321229980160856,-0.011985010014446726,0.00010679646040547554,-0.008402969325640752,0.0006713954964317615
C002998,0.026212659504770874,-0.008009614507433753,0.023529465028248583,-0.007786364544679374,0.02945682582782312,-0.0019368718751098359,0.024525232303387993,-0.004037484577047127
C012748,0.008263854090057511,0.018897877077826843,0.00798115367164998,0.019228733218846116,0.008500969298812527,0.010272507934578356,0.007938700521292738,0.019146181901920776
C001554,-0.009354796167012678,-0.009730651472905173,-0.006815563699779838,-0.008339335958840406,-0.011393353805810883,-0.006336350153766975,-0.009622033809076731,-0.009002637920425624
C013829,-0.01781781271279693,-0.02138424019568623,-0.01745719675126901,-0.021588052909177778,-0.016733530394323112,-0.012295674476127514,-0.01787690193878362,-0.020826183284336178
C006017,0.013273405518974126,-0.004464467171011113,0.014665938869362339,-0.0016961911094444929,0.012778786744910122,-0.005146762268416299,0.013151311694144912,-0.009333986062387955
C006324,-0.013117246147632844,-0.006071550429209752,-0.013153448446146111,-0.005313124333533704,-0.019028005407694677,-0.009917685746688568,-0.019859826698116426,-0.016117167142942243
C000385,0.006666665380394231,0.006822724873208439,0.007399268271616831,0.0077004857788870425,0.004295531834191406,0.0005321735543653192,0.003464465085070607,-0.00013983020354452823
C005112,-0.0003837485498890869,0.007136926175701925,0.0002489283732616247,0.00712013009390064,-0.009672559054134779,-0.0007638739221640229,-0.01009333210655598,0.003190822724907486
C010081,-0.006588732805471045,-0.0010332650475075803,-0.005227180261597979,-0.002473354077929439,-0.002642603968494382,-0.0001024280368585483,-0.0005681316723220515,-0.0006875949347461101
C007420,-0.017302256876920413,-0.004582774913805463,-0.016370003978587972,-0.005044521598935576,-0.019460797742139057,-0.002418807382713777,-0.01899501659295718,-0.006555472966883683
C013665,-0.011894965522662495,-0.00957065549590664,-0.010190810260060119,-0.009071987637757293,-0.015333193932344058,-7.0395000122659545e-06,-0.013778320622321974,0.0004225266633911517
C007463,-0.003503953833194968,-0.00732839242945617,-0.0029285911643403746,-0.006759798565424895,-0.002913515298761946,-0.0006512323760654509,-0.002629326774630946,-0.0018896853437555894
C003444,-0.0016363582903105903,0.027009896226983746,-0.0005039555352039585,0.028554653566898045,-0.001949875773684847,0.010264453757114336,-0.001561666029454828,0.024362174151900232
C013398,0.012582249545013168,-0.015994093415392156,0.01297634737094253,-0.015007497036143845,0.014928807088090568,-0.009417497928660075,0.012991983574183115,-0.013501922398434571
C010506,0.008460236034262322,-0.008468186046988672,0.008245511041603565,-0.00637164564339014,0.004809581155565798,-0.0016354680377210875,0.003768472025741241,-0.004409234757339756
C013058,0.021294520250346425,-0.011175061336268468,0.022182436860357355,-0.008132481679001755,0.025704101886727643,-0.002663449638390849,0.024885922240600506,-0.006963059339256223
C010186,0.009484342777921375,0.012421060835370751,0.00971874995168731,0.013756365737051347,0.016023176035175044,0.016952826498855763,0.015353112538315254,0.02520343162409826
C003012,-0.01139428058835424,0.0033952937923174956,-0.010588424389817658,-0.00042856705917487125,-0.007136114610518445,-0.0025777308574175795,-0.00781734392700839,-0.006521986552453186
C007375,-0.011916176577146657,-0.01240864222400369,-0.011073204446002462,-0.013150454465211651,-0.007670386094763029,-0.00407576773900147,-0.008150016576710344,-0.00951003213797172
C009699,0.008863128206229098,0.02421045492023486,0.008977954234136398,0.018663839683400532,0.014917840687859887,0.003652978752247315,0.014324546412922665,0.008420193986683895
C002766,-0.005436875565541004,0.01252272192081647,-0.00427844994323007,0.0076428340694745965,-0.0039024752307233097,-0.0004455991531487072,-0.002591340620080024,7.441550123183517e-05
C008127,-0.008154821907570298,-0.020499079395628755,-0.007629207120119152,-0.01984478324191,-0.007356311270697194,-0.013388362159351184,-0.009180524911194827,-0.0229604789058076
C004481,0.036108502692904956,0.02723003421648391,0.04725340202055103,0.03264944877978713,0.03761695135122438,0.018523433026560576,0.04831482048987878,0.029838059538721973
C009593,-0.00031721922918494233,-0.014376943315722278,-0.0009099768968842491,-0.013086545053456999,0.0032006446144169846,-0.0021770208353112733,0.0017475226014199191,-0.0048670410258047385
C005818,0.0013169528097260335,-0.011542487980185116,-0.00032888581987058267,-0.010438281624009126,0.00612229194920182,-0.00418385785966775,0.0021169712278885948,-0.009278977814934865
C007070,-0.0037419960189124233,-0.01341019364157756,-0.004927956964677658,-0.013743563739453594,0.0011483067978965103,-0.004037384345857423,0.000690345448622193,-0.009244735751648206
C009608,-0.01264087290385425,-0.00110625194160195,-0.01263373999916771,-0.0038407440302582296,-0.012680220556352866,-0.0012768432240058988,-0.012610566564162184,-0.004078762359883306
C009010,-0.013855204779779291,-0.0076977017626235,-0.01466706158652219,-0.007751549640598516,-0.013449975135356307,-0.007870170068177924,-0.012996816208375016,-0.011806206470178923
C003049,-0.012529100710813909,-0.010860460018770574,-0.0134026090309298,-0.011030345578223603,-0.017361687132050718,-0.006283163141411384,-0.01797546628123259,-0.01087993228201038
C004977,-0.012929227193823209,-0.003131218787413132,-0.013392813650939759,-0.004708550456977954,-0.02010409866741516,0.0008945008081247913,-0.019275691286943647,0.0003955323257843085
C004679,-0.019798232475450046,-4.968364143856395e-05,-0.02111014610578548,-0.0016547663580482816,-0.02328798039002795,0.0007295081339455234,-0.02493885619894465,8.439161522365464e-05
C008333,-0.018584525797440635,-0.012179121993793738,-0.02009676205426958,-0.013167748092321947,-0.023001416895027767,-0.008847108061841712,-0.025045263028988563,-0.015756675399762984
C010363,-0.00541553443655765,0.001764108566313063,-0.004994042463561641,0.0027659247075329874,-0.004808748337020553,-0.0009549724722275158,-0.005183162719306913,-0.0007988648134170863
C009871,0.0043491412169205665,0.021722703991451556,0.00747706960409714,0.0215416218396477,0.007028227906378435,0.013995706251663454,0.008566389611885395,0.0222111191184874
C008165,-0.017538399655421234,-0.017608852194553985,-0.017991108121998087,-0.01624697216193996,-0.02016479856976555,-0.00859419344379704,-0.02097923287751602,-0.014871885615115597
C009734,0.008839927489616423,0.011821811119697838,0.009201173000995537,0.009851543194924015,0.013991256025578342,0.0018344623034097884,0.01175623184533721,0.0037509923790160866
C011268,-0.013717186602918298,0.0024935307598267903,-0.012113027968613788,-0.004255132453387254,-0.011183816463107222,-0.00043761062426211943,-0.012428937426467588,-0.002965831541328258
C008978,0.03733740140883832,0.021830907732626238,0.02940572397586826,0.020216536738365747,0.03478768631310634,0.0006819734790054582,0.0275619157255014,0.0037777580630403112
C012050,0.0019097118946119038,-0.0041382278482557655,0.0001860586847033683,-0.00242197580948617,0.007055023578906994,-0.0010375634208975922,0.002850353587081308,-0.0032396220640559647
C006182,-0.013339493804168856,-0.013073175429432727,-0.013933687775348504,-0.013219642818669023,-0.019783222485804264,-0.00950155007339547,-0.018772795941555023,-0.015527074333057347
C007097,-0.01259783020590423,-0.014174056896773611,-0.013401403740064021,-0.014090595683818858,-0.011553446444339952,-0.005118363530812606,-0.011095448427844393,-0.009847403074475965
C009653,-0.004439788102379309,-0.004158023969206689,-0.004155221125334235,-0.005424692063635681,-0.004690242180464279,-0.000688948692991264,-0.005161106819478972,-0.0021233274756371186
C008283,0.0038141495440164484,-0.010334930919667579,0.003325437490620138,-0.009402597773554257,0.009514769463619002,0.0005369973555105971,0.00954439256548747,-0.0010131141623137155
C010766,0.02349508411932082,0.03540998911069333,0.02511468174367952,0.03400189402567554,0.028273129157020106,0.011049820702868791,0.028290452645999817,0.018373128955807037
C005386,0.006266956512197611,-0.017517977051407462,0.006067173056842144,-0.01187340292359873,0.006112330517151129,-0.0010605288932228445,0.003908351723789347,-0.0030438900555478012
C008798,0.024839872938150008,-0.013418765575017734,0.02568261250276068,-0.011995610265103278,0.030270722214239085,-0.005865974389677813,0.02823011252199162,-0.009270716521995181
C005824,-0.004477112520382898,0.00927225602169379,-0.0034113822073778997,0.006317562536918889,-0.003177670916527929,-0.0010326029042776025,-0.0028471080646976367,-0.0019524295176463825
C000407,0.00876419354660599,0.01425146927645773,0.008810871163985321,0.007070223164169612,0.01342541666597824,0.0009917223657326293,0.011447893655631834,-0.004104600432773677
C004227,-0.0045006343416675336,0.0040265864717306185,-0.0034255983558133625,0.001557011329335079,-0.0031799714975766125,-0.0008447348976013393,-0.002846712718134014,-0.002094590119702625
C008550,-0.0027260705786762156,-0.001704143314723633,-0.002367913478724235,-0.004520288679408042,-0.002498658662622331,-0.0008887940110282987,-0.003336007818237727,-0.002566382992584376
C000440,0.019284973618434287,0.028004764693288182,0.02072908647153843,0.030483347347096536,0.022676183312226608,0.02010473890928317,0.02191796986433825,0.035777817368502836
C002511,0.02416679613594747,0.04127355234165947,0.025710538993194185,0.046982770656189866,0.02817653255124586,0.023580838223200923,0.030664074166120065,0.04151300126784879
C008608,-0.004621377925618921,-0.008674072144901363,-0.0043376122210240856,-0.008804174771627038,-0.001264465558295561,0.0010884561522921455,-0.0020511364467171063,-0.00014181589089605747
C000880,0.010521844470043508,0.017436144715825753,0.009959154865854265,0.01644995599589867,0.011731489455512183,0.008541454910069184,0.009801624222782761,0.0172864516231464
C004538,0.018987166396140908,-0.006599470449942945,0.01935568869679467,-0.004409958053351246,0.022402510251460672,-0.0022051969887515732,0.01956112405177565,-0.0056395211024734375
C007934,-0.013461763959374927,-0.010103790419059929,-0.013567815559754193,-0.011442364880062094,-0.013994987500767421,-0.0017921931637557107,-0.014000836186642752,-0.006607391719081462
C008854,-0.004144617976061817,0.0006446194600488704,-0.0032691565556642456,-0.0006399298795679864,-0.0036655152540315135,-0.0005124415775828051,-0.0028958591727045314,-0.0011982681043722486
C007406,-0.00043552405860242664,-0.0003755927605660421,-0.0009489952749208361,-0.002218709602316623,0.0018566929196483202,0.001683318617825893,-0.00020884126033049,0.0030562884598775114
C005939,0.01386707164738279,-0.00575042137395117,0.013367582766804786,-0.003827989474113665,0.010913611558581551,-0.0012941610993897664,0.007910133364329242,-0.0038721263883153834
C003258,0.026534745430272125,0.03858037548154776,0.023715121452411454,0.0490962013118153,0.02961040618400197,0.02662826682283633,0.024663407240738046,0.051290953671570064
C000607,-0.0006284657499483838,-0.006666080322509222,-0.0006999291908205051,-0.005744160277469642,-0.0014472875488598358,-0.0008939700879078961,-0.0006582255752462523,-0.0021925037335082023
C011753,-0.0069368794556037535,-0.00619618225561155,-0.006298733010776927,-0.004450984669034485,-0.005118336302309761,-0.0014169243592514192,-0.005614718629942383,-0.0025636967962916284
C013754,-0.016189208084993835,-0.004739642332663069,-0.014908522319865612,-0.005258529815143876,-0.020846805087034917,-0.000666896383497151,-0.020551708777666596,-0.0022890286281096696
C000623,-0.006948977754008026,0.02350044461452147,-0.005416527066986223,0.01725158637958175,-0.002846164314186028,-0.0009616608559278312,-0.0011664392594367067,-1.4677746744037176e-05
C000118,0.025213578807438936,-0.006129958229497203,0.018960263230078364,-0.004968000598389213,0.02735595476125449,-9.43225129892247e-05,0.020111315062094525,0.00011433803663862775
C010923,-0.015031101012676693,-0.02086422773668931,-0.014432975090152449,-0.021040366759181278,-0.014329601278484889,-0.010831170921666276,-0.014950125858034458,-0.018914342796270134
C010234,-0.003980623929788863,-0.0043534112801214215,-0.003128297979016136,-0.004650255801110257,-0.0030957079416024593,-0.0006752345863517175,-0.0027961769735781717,-0.002026855511269272
C002419,-0.002304588358672004,0.00660105887508415,-0.0016433456663964118,0.002247287842671479,-0.004412368213654001,-0.00044960198535101106,-0.004584093341289614,-0.001083914430816332
C013436,-0.017450577473378453,-0.019342131291131118,-0.016516061227333043,-0.018722536122400584,-0.01743522103861437,-0.009418055765486842,-0.01691279885746485,-0.015920420089352228
C003248,0.03127403057637791,0.004870102190206502,0.024019552036539875,0.0035384386076711466,0.031027975500519268,0.00010195015942967854,0.023502204802240093,0.001230204675928391
C013044,-0.018241008369400864,-0.004109950460596982,-0.019745312896870166,-0.004926106589362721,-0.020137948666724657,-0.008803044225201955,-0.019835750811956696,-0.011046627468265298
C005746,0.012582249545013168,-0.007668839545348688,0.01297634737094253,-0.006732113588897098,0.014928807088090568,-0.002804955489005616,0.012991983574183115,-0.005716366215861833
C006861,-0.004563244109724937,0.004181844704386832,-0.0046889502513539315,0.0036290779679695653,-0.0030744981417831297,0.0004925549320785846,-0.005693120144693859,0.0031788629869756533
C005561,-0.018726219929349783,0.007414952784790596,-0.01965849487054005,0.007150546881699587,-0.021258885413135194,0.0033693350663220735,-0.02189236286225896,0.010455944422094117
C007645,-0.013754535418836412,-0.006439520421534523,-0.014665164251795013,-0.007277732732008307,-0.015177205912527405,-0.004365242261428167,-0.014020581332808157,-0.007423539665644083
C006375,0.01581391514572308,-0.020871295308475344,0.017211003171247165,-0.01767364269846183,0.016464250221461,-0.00574953987432595,0.01611792473873989,-0.011506714932877353
C000210,-0.004523660730147054,-0.0082826365531556,-0.00391245829648077,-0.007571804876393629,-0.0034828204524673845,-0.0011990707644514143,-0.004010093543295058,-0.0031370793369747264
C002553,0.03360665846184371,0.03929952439627161,0.030203112030881107,0.04735064394486334,0.03368869592228295,0.007545372955919264,0.028529255941702747,0.025506300288925907
C008951,0.03358795499194396,0.010888207917717765,0.02993626393976061,0.008684554127695887,0.033617445169680266,0.00016824873143805045,0.028291398908052465,0.001004883311853467
C004435,-0.003733065754295968,-0.0020750332934722756,-0.003246469943998914,-0.002114202952297568,-0.0040019093640556395,-0.0015291330740805104,-0.004605767694073613,-0.0028816138081295757
C008288,0.007439778430238362,-0.00028172060481817905,0.010901508216313787,0.0018363543347012946,0.011277493932714542,0.0012067161183758133,0.01621128716811544,0.0038351069321628235
C003094,0.03328562405275325,0.0031816631729356427,0.031074243029771305,0.001990957657801837,0.03375877454849839,-0.0005045039361244129,0.02942522244120311,-0.000737452049921124
C001723,-0.0028936807162631365,-0.005470573943833548,-0.00244530065371195,-0.004161759014211747,-0.001987293450491805,-0.0002934370727905194,-0.0013448293334245018,-0.0015994641272171724
C013352,-0.003649875509975551,-0.001391663113916685,-0.0031674103961279497,-0.0029517543096643233,-0.0030542910854748258,-5.0815536982004835e-05,-0.0034583026966781695,-0.0005291857537559764
C012312,-0.004697842337406975,-0.0023438027059574456,-0.005366117759170535,-0.0012471914759196062,-0.004752456873383587,0.0007456876980735992,-0.006739429309395246,-0.0010627589828895246
C000430,-0.0016579377481390446,-0.00016364144680762138,-0.0011253028637288776,0.00017605317606244136,-0.011200715996979806,-0.003976305882045586,-0.011623227153789013,-0.002094727468296828
C001177,-0.012805739031644694,-0.013325975026740756,-0.011872545081689364,-0.011958645969492407,-0.012621721726646875,-0.002233772333241178,-0.013183962118356842,-0.007285229044528733
C010139,-0.004209829966643471,-0.005202819055283352,-0.0033533520316689656,-0.006141619863361616,-0.0026468431923952446,-0.0005127260016406518,-0.0029424847223639737,-0.001767813891684482
C011321,0.004446961752483407,0.017929970825218754,0.0034493379592783657,0.015958706144880132,-0.000338390481572909,0.008738072051324354,-0.002061694318551438,0.016494385600802856
C000597,0.019176797012225535,0.00641733887599376,0.02109452862228284,0.008378468807460826,0.025018114859079,0.004750046138332346,0.022859047496097715,0.007993289522310192
C003147,0.0028775237513167995,-0.022805693113302293,0.003649022247235914,-0.021299245071300477,-0.006640100013084694,-0.009639788386732873,-0.006253829571767741,-0.015634007589421812
C004693,0.000583708162295767,-0.0034416187799647655,0.00033279611146347707,-0.0030256445878264378,-0.0016076584431449366,-0.0011125193833210207,-0.0012080077908294545,-0.002375231440886471
C010096,-0.008658345965410753,-0.02239416521417437,-0.008971656131572919,-0.016110737412352284,-0.010765559054247233,-0.006166303002255121,-0.01040773039791845,-0.015140731223376907
C001328,0.010868319782479595,0.009437494912628653,0.011246034610969043,0.009013635813261393,0.01472803758824916,0.006026137473580753,0.01422672721007297,0.01175656971897745
C013236,-0.01370097738020718,0.001652465311146192,-0.014400123472528746,-0.0006249158540684842,-0.019682711762855916,0.0013304177829764764,-0.018604544802757673,0.002952460278672208
C004968,-0.004916573269392477,0.00194349654675818,-0.0039005749811356354,3.3965148771589894e-05,-0.004183990088953275,-0.00020119061973291157,-0.002890396224248191,-0.0004602686947373599
C004173,0.004370004924452195,0.0007542249202365178,0.0043150678529498545,0.0009207051910990857,0.003875346301269893,-0.0004892423242623404,0.002357111417625082,-0.0016094029594719294
C004269,-0.011602026109794833,0.0007449952898490234,-0.010588691539522166,0.0018028033151842814,-0.018987313820726427,-0.003943077799081105,-0.019112242835473844,-0.006551031834256681
C000453,-0.01763805485198231,-0.009755945551640605,-0.016639947410530216,-0.010016631723816505,-0.01973921946699317,-0.010400019068769927,-0.019068560636512712,-0.020246222905514016
C010224,0.007396013123553927,-0.022407714591647768,0.008135518024343985,-0.020161774260069446,0.005250685927083518,-0.004589804104869208,0.005959777323398415,-0.008892166059038175
C000698,-0.0005907046256023911,-6.053469153970405e-05,-0.0005626362622940821,-0.0002755957890974274,-0.0023591835347177297,-0.0005538520524722371,-0.001728048612982645,-0.0009051075637478439
C007886,0.026199923130308386,-0.012897917120245381,0.0288097063074637,-0.009815564974055639,0.030924782861613587,-0.0033278456559519658,0.03433173835194588,-0.010530087501435515
C002566,-0.003022330252459592,-0.0036894875367007784,-0.004270077446360845,-0.0015052600856381932,-0.0033411251393245,-0.0014949591314296021,-0.005513036542452862,-0.0024430846105631017
C008478,-0.01330224336146139,-0.020394184294496007,-0.012611810293601313,-0.020512940592654804,-0.012639391080500892,-0.009756444623821543,-0.012987818126944654,-0.01759367562490329
C012605,0.003991251597441428,-0.022247559408938335,0.0029645465363144297,-0.013395600525649571,0.003816847577958446,-0.00013564439546649625,0.004011608574963348,-0.005921846861759366
C007472,0.0017298883329912697,-0.026635908089606596,0.0013465889468206962,-0.02174682617251814,0.006493442357321396,-0.007864986912717043,0.0057138628575127415,-0.01966473937113793
C008987,0.03194745074801635,0.0431577464084665,0.03056095763451293,0.058924888995670305,0.03327374647241566,0.03278965442348811,0.029093976722067812,0.06144275623346098
C001423,0.01406622510271403,-0.013656177372973173,0.013572261926963234,-0.010075951790515531,0.011006066428042418,-0.0017531860369947006,0.008024753542665458,-0.005191535909194344
C010240,-0.010370856971852149,-0.014795984636530774,-0.00983705052090296,-0.013730712304795698,-0.006397476723506128,-0.0009368788338182696,-0.0076205288661177215,-0.005615546612082081
C010929,-0.012965519724024417,-0.005105294991196639,-0.013445127103834062,-0.006461505652048418,-0.020061804782932055,0.0003293838068058668,-0.01919643592736768,-0.0009521126338403438
C005122,-0.011934782462810578,-0.0066999129688577064,-0.011708698395336455,-0.006393163809367754,-0.011672011179399805,-0.0004424036420296744,-0.013073070668522141,-0.0018973541683885492
C005658,-0.006301780111476063,0.012642463689533714,-0.0034078677878316022,0.0119877383356263,-0.008790189956761464,0.00854420272929574,-0.006506547363567713,0.012109961538268219
C005591,0.012873064212567958,-0.0280407910276343,0.01377452094633603,-0.023955073287255626,0.011670267573375546,0.0009468193604652318,0.010130890202977144,-0.002844014562426405
C008209,0.013641461736899731,0.03137273862007489,0.013403512019705098,0.03104438064485449,0.0136618962674725,0.006958591246759247,0.011088784515665464,0.019078736897348222
C003293,0.03167741294982895,0.007844893353576937,0.02472641097838462,0.005898921073331937,0.03133845788678333,0.0001384962346908602,0.024044844353051084,0.0011594212166901993
C012135,0.0029514027082024213,0.005772146831226162,0.002166701700508287,3.1605010618423885e-05,0.006158447609257361,0.0034444047621821168,0.003037574733465972,0.0015398792857529197
C012194,-0.01747219057956183,-0.017424872063707183,-0.017930293962316893,-0.01602380770700092,-0.0200910262576424,-0.008516869014855759,-0.020902802353247735,-0.01474048084619895
C007282,-0.015568317681147949,-0.015553515602077843,-0.013957427667502402,-0.014913173265507992,-0.016979634766319272,-0.00906023531921716,-0.015119969373086618,-0.014405246901128816
C003799,-0.013335384246641782,0.01808496826284089,-0.013015484316338389,0.016109671040779126,-0.011134286219428415,-0.004145945816327916,-0.011700858344140853,-0.006861612061547271
C002084,-0.0054438064919537545,0.0020345541263988177,-0.0046304461418788054,-0.0012517225566558601,-0.0031575150085298557,0.00043117775610910765,-0.004162895212925678,-0.0005840104826560227
C002177,0.0030044338811217185,-0.015716699805240084,0.0011952672270567903,-0.014873548106508525,0.00889373485090681,-0.005214937639847324,0.004204875033275752,-0.009987039542649763
C007534,0.008075196259055083,0.01935769596282099,0.007976344286543162,0.012217964299625435,0.012119245271174806,-0.002108422396809429,0.011736032721199005,-0.007665165775717259
C003054,0.0160741377689398,-0.03120007232800862,0.01656981956649952,-0.021561284563936783,0.018532735679538597,0.005329235704240939,0.014187000444468552,0.00294607288310119
C008466,-0.006445018697845939,0.0011524102118264559,-0.0071838909914002155,-0.0019025469914250976,-0.0040798878152941125,0.00200997148945753,-0.004350875155807007,0.0025110965716352786
C001180,-0.017734752475854605,-0.017153418349361432,-0.0184076714597407,-0.017326474531232955,-0.019266385931715445,-0.011698449185888051,-0.01937012713616719,-0.019533870532392122
C011955,-0.011230880753609406,-0.002080643164912317,-0.011122951044783048,-0.001959009838703168,-0.013032605921451938,-0.0006795202131101133,-0.014744404717523614,-0.0006001416242938474
C011654,0.018405817609040573,0.029897435682647484,0.018640324255492068,0.03204740178410492,0.022945475621064738,0.014014509616734814,0.019798102796407355,0.026114704893406303
C010361,-0.017298103357931926,-0.00048068902081392314,-0.018402630583859853,0.005142084151869075,-0.02011208429313969,0.0007066381141218069,-0.020061005699006484,0.002531259994402251
C007577,-0.01434164094186079,0.017757759270401532,-0.022985631532549004,0.01167242189732427,-0.014588351522727782,-0.007708109945253993,-0.02474161830220328,-0.009299191662804372
C007323,0.006459593327842731,-0.007571590614978491,0.005710432757602315,-0.007001906543125817,0.0042697915653336135,-0.00025804671571488027,0.002484972477783222,-0.001498067924146477
C005232,-0.015576906866344569,-0.015274558223795042,-0.01674517960879908,-0.014984902615516972,-0.01820491927455987,-0.011775744412499128,-0.016474488517760857,-0.02032830614348226
C007342,-0.018499928779672683,-0.005416555344451091,-0.019922226651284392,-0.004462704133687173,-0.020750789379894226,-0.003546136908453667,-0.020263339337488747,-0.004186105058544575
C003992,0.003998190084505635,0.009443411521613668,0.003002441637950235,0.003953131081806352,0.01005085904036853,0.006622354853013551,0.007892102184668676,0.0073619514541065955
C000332,0.014019448577025449,-0.0125703423237571,0.011311833776543687,-0.011722419918532229,0.020381983536111665,-0.004607921762175084,0.015138641413824228,-0.009122222772940374
C012603,0.0077018254269473375,0.02597162164432073,0.005723711108267915,0.029633443469179163,0.01557818175480727,0.02512040325574373,0.011637233416246649,0.04313858930678298
C001240,0.0342420518859894,0.002621577486234543,0.0345152676008575,0.002332155789682829,0.03523374337008183,0.00023844453929077345,0.031280607243617864,0.00010470066694471583
C010568,0.0006846283990213254,0.004104295387600946,0.0004140196519693571,0.003673690454655741,-0.001542038615812851,-0.00019843612225533218,-0.0011632494295840219,0.0009948491324785673
C000215,0.006256889557756206,-0.03398353874835406,0.006124536425312907,-0.03226766143658302,0.005810950650490802,0.0015882763407610344,0.0013934932347776285,-0.0029806007959954236
C004307,0.003177784693031267,-0.0024793897283698287,0.0027019141308528183,-0.00213616269359879,0.009528547775083801,-0.0019112352715838828,0.007406509472445022,-0.0020646495946817006
C000525,0.007082054639168568,-0.00803140520435406,0.007086505999087414,-0.007860988751827622,0.00915503046029658,0.0015791150260573556,0.008069981352191466,0.001209078783203528
C013973,-0.0013978464368952412,-0.019507191636059597,-0.0013462913186231221,-0.019397801501997915,0.0023583813525362173,-0.009220507788878497,0.001272784204094519,-0.016224224528949484
C000712,-0.008374477174430857,-0.014401061702978746,-0.005642492590216796,-0.013285428580937371,-0.01068306312180231,-0.006209739321348675,-0.008681681627595438,-0.012247430736838203
C001792,-0.003951907801197765,-0.003366506994014283,-0.0038701361207223554,-0.0036561206241075266,-0.011596461607731841,-0.0021420895452020487,-0.01156327748592272,-0.0017489118125368541
C001291,0.011877868690893944,-2.618047000567919e-05,0.012231723501372803,0.0012976182108400136,0.017585796507749506,0.009830996514769028,0.01585500165572038,0.012674838323931618
C012607,0.03546430903465876,0.027463647271334296,0.035090827682772156,0.02938770468334818,0.0352509969908405,0.0012865944177718022,0.03095943852381035,0.008833467921483642
C000224,-0.015481459020863291,-0.010925246664152247,-0.01656122547762847,-0.011784844873602018,-0.018367405953160935,-0.004946933811202736,-0.01639646541954592,-0.010427487517430308
C001189,-0.001689672977012845,0.014101197991600412,-0.0011930054094369449,0.01378523499691568,-0.011152359250961093,0.004647500040385681,-0.011588427769608844,0.01011862780798045
C004106,0.04237003788494702,0.025434071260202865,0.04671998001302271,0.028737842092668588,0.03717277960912152,-0.001442048509467401,0.03498867749383496,0.002390286518144206
C006605,0.004014312174420991,-0.0021255919958654335,0.003890388979672734,-0.0014212923255258966,0.006579538291093133,-0.0003133280160941728,0.0037786722161499025,-0.0013111255934467572
C003025,0.00742439560375729,0.011966180819935075,0.007227714286890066,0.012938479069048327,0.011737929077190741,0.01570030872034568,0.010334489177940734,0.023252793529435708
C004854,0.0243632972476226,0.00401033304839801,0.026677788679332265,0.006056530296049353,0.028807749429780944,0.0018463991545291417,0.030189470672874502,0.0005379651237544149
C006858,-0.0056909460156950266,-0.009005366123236777,-0.0062366721800861166,-0.008398021106628514,-0.003639673039289322,-0.003345568395152499,-0.004085446059201251,-0.00823817060241705
C004936,-0.017737782372497676,0.017442440872145137,-0.019107171782876874,0.017278701897123896,-0.01944193214132905,0.011931074295123509,-0.019149882628360614,0.018700390321884645
C013397,-0.01985890021254453,-0.016322067898825527,-0.021370120964740363,-0.016812255422332844,-0.023842871684289616,-0.013952004615053288,-0.025885275185944138,-0.021747409750104092
C009726,-0.012563780793316192,-0.0037440469334090827,-0.012276464798715876,-0.0036716519670696958,-0.014462179990147992,-0.0007218158021363291,-0.01600620254946137,-0.0011601317240083084
C002261,0.008919045390053379,0.03907382613312673,0.006556689638008909,0.042538551466110394,0.011067552051266092,0.0054635087021933015,0.0050935419760048195,0.020116301335749334
C003264,0.043991208324613264,0.04324547929388398,0.04514667886962372,0.05636192105555164,0.03879471466938376,0.002886787356966666,0.03637752582907705,0.013164950488247411
C003573,-0.0005704526859727739,-0.0004094596904173703,-0.0010369123777741471,-0.0022079150160558125,0.0015860884169876504,0.001710842010467689,-0.0004537173028350894,0.0031215458010185916
C001009,-0.01856036546968272,-0.016567420384741655,-0.020030516725400703,-0.016853389083874667,-0.02076887452739422,-0.005808750340317141,-0.020284705886870834,-0.013271028798326706
C011304,-0.007032214734713033,-0.016573225393421664,-0.00782427372688135,-0.015878246184799865,-0.007822390381786878,-0.00519513483628207,-0.00929271200924517,-0.009650940097659141
C007326,0.004094226167479866,0.008465084138431233,0.003426402552940136,0.008277079494699802,0.007753127821884722,0.002694040280564569,0.0047265833068049195,0.0074296070258467965
C001935,0.042064164933949426,0.04765527195335198,0.043822883745710646,0.06873220974405252,0.037041336752634366,0.010783321754581722,0.034399741927886786,0.03693122046886839
C005271,-0.02523619008526043,0.034087558298103934,-0.04021987924271551,0.03313281558046316,-0.030255341784931816,0.014782496645139764,-0.04797921757538025,0.029024244111072482
C012746,-0.01750532726332181,-0.010535782113852253,-0.016562806690101517,-0.011173909296061674,-0.01764411378711853,-0.007614466179914541,-0.01713225856352532,-0.014992463983421777
C006917,-0.0005990176715324286,-0.00380644574737669,-0.000946830951507817,-0.003502486087007689,0.00046531883525368896,0.0018893601441832698,5.7037841118487384e-05,0.003597272346583305
C011326,-0.018643113875013263,-0.014049843264385117,-0.020219371352115087,-0.014704660454576673,-0.020781510131200095,-0.008115820074489436,-0.020368854456464178,-0.015010196378771247
C005756,0.008073735100576311,0.001789366292432459,0.007913129042174482,0.0021287047130163677,0.013774379896530273,0.009839530675901362,0.011382733935524853,0.012973669373176984
C010960,-0.0010250203080875173,0.022369769349268372,0.0007204253825475758,0.01764645883679112,-0.0016402374007862155,-0.006756889049302591,0.0013383462990615924,-0.012148999119031717
C013179,0.005404060719099297,-0.027314839357249168,0.005342037492633927,-0.02597287589317587,0.0005346007232742468,-0.011595414715643824,0.0005697475834642643,-0.019526781801271067
C010274,0.0019227783083927798,-0.007541101110656249,0.0014292359432833495,-0.006603247090632644,0.0016320874608119918,-0.00035685048480626737,0.0018326254429722514,-0.0011587616968912254
C003940,-0.01282174830640713,-0.01878784832341499,-0.013082959709397168,-0.019178045808222462,-0.008328186677334563,-0.011170038069123535,-0.008696951108548045,-0.019517183526788308
C006880,0.00902729304807653,0.017837183565062704,0.008719961043558074,0.016645322367178052,0.008353219215061332,0.001333202529156344,0.005527908429569932,0.005502685022992794
C001091,0.0048483505332225256,-0.013294870199835893,0.0042009770226614,-0.0034689287751614806,0.006144579091583596,-4.247422340316378e-05,0.004498237464652436,-0.0004937719803794522
C013934,0.01333724524040928,0.02490216367947578,0.00942398752453758,0.02482501584449142,0.018454397975227365,0.0021706876748462623,0.011950207273414847,0.009206891578103787
C000319,-0.007638743070306451,-0.0033988215354124832,-0.008467793020869788,-0.0053099780982378796,-0.008656672081561456,-0.0002670981173660407,-0.010014200021711732,-0.0013746424166049794
C013208,-0.015671326426346936,-0.0019401718648719849,-0.014560213799143374,-0.005975679868458112,-0.014115262260997574,0.00021321345477328638,-0.014630044845709556,-0.0003855440877519073
C006380,-0.0037428005719880044,-0.0029299124364246722,-0.0033133258670727493,-0.003988634334047639,-0.0032015621092558125,-0.00010985419422690353,-0.0035519124157876053,-0.0007388614259505202
C000510,-0.000787539096883661,0.011351292590667774,-0.0008302593859280394,0.006636480512086313,0.0011988228804763396,0.002815661222279929,0.0001399412280913593,0.005225290881399886
C012275,0.006105313839667342,-0.011555610512638138,0.004377376213788966,-0.010616069141327735,0.014327638027586655,-0.005869582231255585,0.010910208197172134,-0.009753203852703164
C004312,0.025027174738479444,-0.005767330529709887,0.018693842515658792,-0.004351733795946132,0.027202136584493636,0.00022494074472804445,0.019882902765583,0.0008863507425059228
C001638,0.008192338456101086,0.010066746289767585,0.0073216673461893615,0.010199486811230531,0.01628199664731549,0.006406169956540039,0.013672015133273008,0.01174609482576302
C000213,0.005709397904526565,0.005324477528559285,0.0049149860246373,0.004737961743231697,0.012857876285432106,0.00648706031174327,0.01436665654641137,0.010848080497598516
C013256,-0.003238269979190885,-0.004250355069357908,-0.0028510741274268125,-0.004073552494379529,-0.002755021085177786,0.00028684485261209005,-0.00250883034362258,0.0005265381770384866
C013792,-0.015361614923933125,-0.004293105794843374,-0.01628542725718962,-0.0034139528915934554,-0.019052624713720906,-0.0008177260130620839,-0.01941758547151371,-0.0027352065523390296
C002193,-0.003835320845022078,0.013086122166044442,-0.0032547698659738072,0.009065714111448981,-0.003580130242502083,2.5262166874586296e-05,-0.0021657755130065548,0.0016882751960536168
C007058,0.012752329760524555,0.0009996992603230211,0.013033469082327782,0.0009517719590405188,0.016541833750769713,0.0003102914781489703,0.014921718857512319,0.0010341565098415328
C004680,-0.010799225349392167,-0.0022213430136269114,-0.010642564112128737,-0.0005887385800901096,-0.019800968238636852,-0.0019497341235277217,-0.01895445031784193,-0.0033198474673310956
C000288,0.019596246872435,0.01712008111261696,0.021495967677247308,0.019132633266234284,0.025453077872431583,0.016646666402564684,0.02327986033951141,0.02375037795299072
C005199,-0.01233936150698657,-0.010260423580627325,-0.012401240194518022,-0.010229903198681962,-0.01064901213174272,-0.002297288975849333,-0.011674396219347674,-0.005892446391344327
C012977,0.023469592758202266,0.015086727107030913,0.02510873093987529,0.01612291222520801,0.028144427550335954,0.006748754345077542,0.028057806702040788,0.012295476434535445
C009554,-0.004481025823255696,-0.005272019351211352,-0.0036145333914784634,-0.00022822548806025893,-0.004337285898079159,9.825635008136696e-05,-0.0030148106050093553,0.0010396529385558273
C006395,-0.0007397571091527445,0.01917156344642581,-0.001809137514409767,0.020476745381177146,0.00819750611539454,0.02179723975183697,0.00542213867099923,0.03421995182273545
C000914,0.00319869755171265,0.015022870254637596,0.0024458918383184034,0.0079043697259978,0.006501588662146326,0.003784699582926289,0.0033892668389628577,0.0037686730307890932
C003980,-0.002484794671526125,-0.005833454276097986,-0.0021844925846655214,-0.003737329815627047,-0.0035043495379789625,0.0003002226216109073,-0.002239304518323845,0.0010101101636232498
C010988,-0.0004979532171196289,-0.014126032242842345,-0.0010448652203123702,-0.012985227051001486,0.002999723034338751,-0.0020522507963806865,0.0015680908707466767,-0.004700267823328178
C004575,0.004454729472367527,-0.012836479152667413,0.004103140813499022,-0.01221520555952919,0.009863168317287709,-0.003084026182948719,0.009902037068479957,-0.0050679340454297265
C006877,-0.0065641817315964515,-0.009992119992382018,-0.0061682086593407084,-0.010209102317012277,-0.0040430032276675635,0.0005099607125218178,-0.005538536114984823,-0.001473981654596647
C011674,0.00011776186266480203,0.0005580934367415244,-0.000638274245984604,-0.00015377606670143772,0.002998214376982672,0.0003205166788481625,0.0008307358661566119,0.000452841537077874
C001199,-0.015313584746477092,-0.010983748865334224,-0.016362989013675954,-0.010947036448484356,-0.018486121044857747,-0.008958400542748109,-0.016552476865181735,-0.013255060248883763
C002201,0.0031172992062612833,0.021416994710880703,0.00462531891428748,0.020491122712694727,0.003351723301893995,0.005834159546004522,0.003282419613259898,0.012582233534097383
C000944,0.007475768314201666,0.02367494724065299,0.0069958226633642425,0.020551620373449785,0.003386480484712746,0.00788546896970637,0.0009244643927018665,0.016732511250773952
C007487,-0.00015607459476278714,0.004911192080827387,-0.0010074349958829841,-0.0007995955232045398,0.002147846869573296,0.0028119645139988024,-0.0008655737787426416,0.0011545402338264351
C013953,0.0012436052741886896,-0.007207674301105237,0.0012376478740827573,-0.005656752956462214,-0.0003120820092091332,-0.0009851513151535776,-0.0006526432189117405,-0.002802528050769603
C001847,0.002040351765726154,-0.008760218351397044,0.0012341779168123163,-0.0073976623556942745,0.004115048855088063,-0.0007847195089946716,0.0027133530082063873,-0.001672033552227447
C005260,0.004313673139355768,0.018825192895316444,0.00424405445731628,0.017280246372631963,0.0018667455302693841,0.001487818974525032,0.0011893090962299983,0.006434470231442786
C008928,0.0031518358556414873,0.020430711183609205,0.001735490506488559,0.022244235291370953,0.011758843001214301,0.022126464406504134,0.008707103605330748,0.03542203844269194
C002410,0.024128936456850242,-0.012170454687504804,0.022035181756854684,-0.0114908856332316,0.02834965696291625,-0.0003744251284834944,0.023367128767303402,-0.003688163127213455
C006833,0.026718845767826918,0.004923526728899512,0.023808649540805974,0.004130323322140644,0.02969178582578035,-0.00034900804811126046,0.02472794323570834,-0.00037355510340621417
C011084,-0.014331859590265651,-0.006766898543148678,-0.014606531085383208,-0.006746811375141326,-0.01143931251415915,-0.00643561712740116,-0.011544512393598357,-0.009911510037147225
C003037,0.03525902335962961,0.0002424636860674642,0.03497926344546712,0.00012863614983083356,0.03525242829705187,0.00026735551188927017,0.03093220854362112,6.512073372688577e-05
C010484,-0.0012144233316533025,-0.024953003155072827,-0.0019570135230768055,-0.02443161155957106,0.0009350270272356937,-0.01701172066497868,-0.0020524029426142202,-0.027634582905887127
C008741,-0.01755073428417343,0.0013585710085549302,-0.02100569249571059,-0.002297987183149502,-0.01965167483249526,0.00012031130915301256,-0.022809919637211906,-0.00027083228634910197
C009172,-0.013113745281013823,-0.009308845108458893,-0.01364694127939143,-0.007514801170397236,-0.019922245789645396,-0.010286935533478408,-0.01895771875524881,-0.015451217055966318
C013229,0.040263359986420826,0.01930910164227565,0.03947607181792582,0.0180972873715841,0.036588432948084455,2.5886352453702595e-05,0.03281680452374322,0.002017972186253253
C004689,-0.014414797041675314,-0.013724840888175627,-0.015337324954359416,-0.010294452972899945,-0.019397121765307123,-0.015647839805966873,-0.017945623176696707,-0.0226627235299008
C004882,-0.0054346084101829974,-0.007543883449627092,-0.005115686792666318,-0.00819026950514923,-0.0027722296659117257,0.0013986208285777465,-0.003815856303444409,0.00030681887488035706
C003051,-0.002809473606160276,0.014976531114100671,-0.0025204816101112816,0.01257941796440047,-0.002508337069634996,-0.0009312065051838964,-0.0018998618720321517,0.0006882524122716857
C004664,0.0064502314590341794,0.007463415488128586,0.006287843404210581,0.006936178118208186,0.00820369117187202,0.0068956763104710385,0.006751731637455927,0.011992525526149487
C000031,-0.003443309567648532,-0.0032781225226678683,-0.0030651744474238293,-0.002945725206143656,-0.002125889284142019,-0.0009359714563449574,-0.0030438263493101363,-0.0023233271876219115
C013180,0.03383877863922204,0.011838339430956373,0.023144258353559787,0.01293141653965922,0.03291659915415524,0.00122151650885685,0.024842742803768955,0.005609685059632337
C010781,0.021347076955183196,-0.008172637716968521,0.02182354925486091,-0.005548803211487986,0.020760711607255046,-0.0023284975832552194,0.01668946769181142,-0.006474456740875829
C013541,0.03316129795074741,0.03528786479748133,0.02810895568464318,0.03811813361061567,0.0328208899068017,0.003353796897081015,0.026725990170174473,0.012923723774855093
C004284,0.031306030055502324,0.000455040804383019,0.032566322534253025,0.0005029423291899486,0.03471301302170867,0.001529167323345647,0.03316590002482708,0.0006559451381848754
C012218,0.00044428362173945925,-0.01003484631808134,-0.0005318159932098918,-0.00939736241529651,0.006793403824799525,0.0012880103586596725,0.005988934378752513,-0.0006850635113968605
C008191,-0.013213018235344105,-0.0023801073432814608,-0.014404961138690579,-0.0036293294207489497,-0.016669454473239503,-0.0023486022990750833,-0.017708294329211404,-0.0040836654206049434
C002556,0.008338975613754136,0.019524526653230897,0.008054795449275114,0.01824032113221433,0.008756084934115421,0.0065768677562612725,0.008149114483930811,0.013831131655612785
C005887,0.000618789145430032,0.013308744488672714,0.00031649481139383597,0.011238730486023593,0.00011815067374008965,0.0015683782885102524,0.0006166951552067103,0.006665643070722526
C001147,0.003612037967657561,0.00997380278049478,0.00216584349751291,0.01060555052538685,0.01217918357886279,0.009907017463904962,0.009100929472351771,0.015488650134534956
C005499,0.007966762849803721,0.01548313097882926,0.0077964534170465675,0.015315038036809664,0.011983016188612123,0.011837295623967318,0.0115383958423061,0.01869872406149302
C013780,-0.0008345705072174564,-0.01029650875539853,-0.0007802890216165884,-0.009282752368442965,0.002442895990295065,-0.0008435991891815819,5.9306948048161864e-05,-0.0023966029041087317
C002023,-0.01695398155665229,-0.0033961994438693453,-0.017445418153007944,-0.002764055157808601,-0.019445038324765435,-0.0019907508642328597,-0.020203598079795396,-0.005274826962182955
C013800,-0.001244230439819391,0.011951308695312777,-0.0010001512225440567,0.009058137303752259,0.0023615264834077085,0.0005656261535564989,0.0016325758401859024,0.0020337351132066455
C006334,0.0044108291316107585,0.0194122527546232,0.004274798764313964,0.018571611117504237,-0.0019391536297735678,0.007380541230344102,-0.0036216442309984624,0.013255339810452491
C006304,-0.01781781271279693,-0.02060054266133241,-0.01745719675126901,-0.020705840423091256,-0.016733530394323112,-0.009429463089324498,-0.01787690193878362,-0.01859188609280101
C008973,-0.010303952538274541,-0.01519052328456087,-0.010877979182890575,-0.015619490463040705,-0.009773602920797304,-0.006952162517390179,-0.009166603257859434,-0.015000862679690965
C010132,0.01263627320866611,-0.015442957335194608,0.01225171570809542,-0.0112063118024622,0.009363904577683711,-0.0017136700483792655,0.007276858542753678,-0.004959771403787716
C006528,-0.005737576628700954,-0.008310300952737363,-0.004898842142974523,-0.008312061487052992,-0.0030795214533131643,-0.0003535075294720837,-0.003910630662296198,-0.0017605010750079803
C005616,-0.014176081884459511,-0.010149139030404025,-0.015062925994494658,-0.008966290235192496,-0.01838401026664003,-0.010195030415539883,-0.018897668037860253,-0.012499817590923208
C008908,-0.018629129058909205,-0.012992414452070104,-0.020268318303856236,-0.013572913059936352,-0.020690020090527544,-0.008945911853826372,-0.020361052112495556,-0.01535330950120918
C001667,-0.004882100951260015,-0.004912533318999585,-0.0036803560003791902,-0.005117936523893874,-0.0030987245382978336,-0.0002641344300545868,-0.0027511243529208763,-0.0010396857171696171
C006935,-0.006281230384483297,-0.020391288488264502,-0.006971473542367255,-0.014897699087292443,-0.0038484656319097716,-0.009615441216595457,-0.004143089342699255,-0.019407508285544453
C002886,-0.0013250181593173842,-0.02172632441905277,-0.0015413263600696774,-0.01996851108735113,7.357358055185469e-05,-0.008646479155729404,-0.0015115503014156509,-0.015355319020074863
C008039,-0.0006328071752026775,-0.009926040620029568,-0.0005944625904044234,-0.006564254921636262,-0.0023882328594650305,-0.0004107409131723202,-0.0017458050577428474,-0.0011923357184808248
C010154,-0.012784538162021181,0.026713974205612962,-0.01024610042309394,0.02738723756506873,-0.016125170957934504,-7.666497587152828e-05,-0.0138717441090972,0.007480831189181444
C002001,-0.008587678762617462,-0.02410204815612376,-0.008932928803749832,-0.024307645696059837,-0.0098750061809172,-0.022034257141525165,-0.009750125768212336,-0.03605894897064287
C006300,0.01577591011295463,-0.014055759180224605,0.012808271075991537,-0.013106556729799572,0.02192827982700942,-0.004378996856715364,0.016465401137221683,-0.008587251478390682
C007830,-0.008161486587669096,-0.008646254958783187,-0.008092621962159081,-0.007845740801672446,-0.007372437972119763,-0.0023880330989052958,-0.007125905728593153,-0.003965126992146893
C001870,0.03003906163548129,-0.006165864164328294,0.031416606312208654,-0.0058024174227434165,0.03406002695464826,0.0006627584141916015,0.033090086671429625,-0.0016474630736694063
C007136,-0.014459535344201769,-0.014326192025157497,-0.013466530201143407,-0.012395773107118053,-0.012429295579401691,-0.0016256820526385823,-0.012263263612905693,-0.006819212177535255
C011344,-0.00292965009784162,-0.0022758607904074983,-0.002507318131274034,-0.0038338436536052927,-0.0030941795369819735,-0.0011314683933877107,-0.003800258812423224,-0.002864755596826079
C006991,-0.0036301744384893892,0.01981920900908724,-0.0011981831332637143,0.01832250888729966,-0.004822040041480543,0.0011165556403053018,-0.0037501638906982725,0.006525436530757683
C013501,0.015618372278334978,0.02587778333888611,0.015815439179702035,0.025081430745124603,0.020259315830826973,0.01036855900068813,0.01840248474589159,0.021628065834967215
C009163,-0.014155886517779747,-0.00814161441990041,-0.013364198345590233,-0.006446365942054963,-0.011835956707234242,-0.0005585049698195714,-0.011960245354622458,-0.0030426071891134624
C004615,-0.0016516462481004624,-0.006231661898215851,-0.0017960400615282485,-0.005383027109649733,-0.00043776587454727944,-0.0005773838942215923,-0.0015427800311462337,-0.0015604033704085282
C003696,0.01158229353469221,-0.03238967860954736,0.012557703509152435,-0.026173107229763543,0.00903437122738607,0.005668462749069196,0.00827053058797982,0.001208078877178287
C011595,0.016329196958758372,0.014884800005576508,0.016730837843118466,0.015182644056241994,0.021243687418853005,0.00457717241371328,0.018769719939004944,0.011736399863115364
C002273,-0.0022106085068635006,-0.006520341382980895,-0.002328257281880637,-0.005787427080921778,-0.0015316134748421095,0.0004093279566163276,-0.0018879679768408365,0.00027405137264677887
C013177,-0.0023676620230704388,-0.009006178933948504,-0.0024767490412480214,-0.0077450535490824314,-0.001807534836292248,-0.00047449520596674357,-0.001995704383605372,-0.0014943572679491644
C008150,-0.010861479356866504,0.00500914181598816,-0.011769722481058634,0.0037183670476639086,-0.008956329256065366,-0.0009995818309664554,-0.008575018259180127,-0.00037175296686317686
C005167,-0.016711537349534563,-0.02033945367353523,-0.016250528264663243,-0.020420723809225425,-0.0158182547073323,-0.009195527388713102,-0.01673679670556832,-0.018155354154034454
C001857,0.014865267060456546,0.03215896127849123,0.013826763947851256,0.03804878270945675,0.02314587139388937,0.02791746273570444,0.02019447211772843,0.04834675369931706
C003191,-0.003821174330528639,-0.007185317146697703,-0.003396651186374825,-0.007151350958001777,-0.003259864211366722,-0.0006320309326233323,-0.0036028142622435803,-0.0021503527137027734
C006727,-0.003947602114674452,-0.0017728692562909703,-0.0033023740748618245,-0.004178705584129163,-0.002262046047280134,-0.0007929359555551181,-0.002867340596705734,-0.002545071405733286
C012287,0.027498338838648557,-0.008170254900995728,0.02352452669097107,-0.006715486529655199,0.029812713287682046,1.0818252217164089e-05,0.024278495567723112,-0.0006423694608579859
C006753,-0.00924288431447319,0.013260512578163965,-0.006676298263392506,0.011384455492151774,-0.01131653336844769,0.0024709301826229984,-0.00951676996117046,0.005568915258085825
C012768,0.007999994903933398,0.025182053322869224,0.008556564435419394,0.02161211282830403,0.01063450070695004,0.0014863660305249823,0.010400466794194416,0.0053292639680081
C006029,-0.0002657800497563961,-0.01929370569625248,-0.0003500572866807626,-0.019142306711779702,0.004152879588529612,-0.009054526764413201,0.002782045001043566,-0.01602358947926709
C009992,0.023052271174188132,0.02677904519405069,0.023878438725037487,0.028853153212928848,0.028780163798257236,0.018671828295027747,0.02518810400762834,0.02845627097542008
C012205,0.0031505326883349,0.009726072481847661,0.00245742165820069,0.008801724368665234,0.00010114510574701615,0.0010909549023658859,-0.0006070047652278458,0.0050673175088757514
C005154,-0.003643975169762685,-0.0021839658893496516,-0.0031119217577084734,-0.0034881102004195724,-0.0029030387815471067,-0.00015208141116909715,-0.0033950562917717552,-0.0007938999735496693
C005831,0.0008938996470811044,-0.011747101991865157,0.0009724730327634105,-0.007925402371443265,0.002000067054418331,-0.000683205474145692,0.0010929307239707178,-0.002272043918911562
C011067,0.017850470711378116,-0.00017355155434834645,0.01080074228463086,-8.661293818248931e-05,0.02195209955412644,0.00027354196678030347,0.014044142925322656,0.0018314684049397076
C009916,0.0005094260054344747,-0.009490722513498391,-4.683716817280038e-05,-0.008121624273677165,0.002117935791636512,-0.000681342013683882,0.0010430922507235207,-0.0018417703016002985
C003783,0.00793604655254436,0.026038531099790443,0.005922233566057826,0.029724666622608815,0.015749855499953475,0.025116984633870895,0.011732025458327244,0.04310775791226642
C001988,-0.016183551552795095,-0.007343395391562815,-0.01490706840341705,-0.007174447937878062,-0.020851417177249885,-0.0005219446572236813,-0.020566191168582996,-0.001501734681559728
C012724,-0.004491386924364116,-0.0009343157433954152,-0.0037155525351581734,-0.0016830595226965594,-0.003448693789357762,-0.00013436304233682177,-0.0018679306390263731,-0.0006980555185270362
C000417,0.016631685654378805,0.020161007481052973,0.01347849319675743,0.021290004740354723,0.022571806741298293,0.0055350358881239015,0.01691079283896722,0.014348327503351528
C007875,-0.019922666923618583,0.010334566449153119,-0.021398087552170427,0.010360925270234623,-0.02379649972372683,0.006208280950821348,-0.02577362308209075,0.007963101202679868
C006088,0.004712024607294162,0.008454039794340429,0.004631689067049833,0.007726991753755329,0.004023835662801046,0.00022306586989548048,0.0025132368287735015,0.0009188352029533988
C013594,0.0013169528097260335,0.01448098240676847,-0.00032888581987058267,0.01612758202709329,0.00612229194920182,0.010846636783128336,0.0021169712278885948,0.018981760481807507
C008614,-0.02569456804783135,-0.018118963983353102,-0.0399957802687129,-0.02316957901908767,-0.030296558954767513,-0.02453523455062324,-0.04740943570227019,-0.038707792743291704
C001117,-0.011185964081353592,-0.011815539072022693,-0.01040914758354561,-0.009480396973316237,-0.006960924875962196,0.00024589918373217753,-0.007723045319372461,-0.003781664601462234
C000603,0.00136481325172081,-0.017627586470225422,8.844028681445001e-05,-0.017405158037928775,0.01010028694099904,-0.004073671051925102,0.007197898159037598,-0.011170035456718701
C005610,0.004598147662467157,0.01317272312957818,0.003577533035192271,0.012601836696901163,0.007260996439825548,0.0021492048611968444,0.00513101715647688,0.006080575210157657
C005166,-0.003513045336877579,-0.0007178137045293201,-0.003125808532871802,-0.0023736442252840005,-0.002668780443622601,0.0008202061183648932,-0.003140773085735954,0.0011792792928461697
C011166,-0.009851231259658824,0.005790982372898831,-0.009593987549119432,0.0022592740028442144,-0.006323175993995626,-0.002576299725683164,-0.008023299058246898,-0.006065210048156796
C012292,-0.01051847705397509,-0.00904995083266406,-0.010592701587480444,-0.008248754379535768,-0.010522987177271,-0.001994723602030311,-0.012423552078661082,-0.0035881332927696365
C006083,-0.008429246698833872,0.027476213372786246,-0.013553907295344458,0.027707233081841327,-0.015987167251057314,0.01694463814024006,-0.025948840842971267,0.03176357113193001
C010150,0.004196486873026591,0.014868741227350808,0.003457455399078504,0.013572627288135665,0.00516265602461441,0.005131069824682577,0.0037023207111503507,0.012499963226441946
C011630,-0.01188441185766977,-0.019250421273614045,-0.00991918902296583,-0.018877837699988784,-0.013736729213814889,-0.012744400080471525,-0.012352077865775211,-0.01868733047310627
C013060,-0.024035178415479228,-0.0010239609566596857,-0.03883614288988805,-0.009103295055713058,-0.024936587910274578,-0.00685973801067671,-0.03816574980918136,-0.015241998088847077
C011403,0.024349441798493108,0.015811088785539683,0.025285902164639565,0.01725765672726013,0.029981163366420812,0.013250784038755882,0.026710492814402177,0.017831160078031896
C012781,0.0017717156179324527,-0.015026155725440048,0.002465565522263589,-0.014156019385841625,0.002208852365236828,-0.008316248333345077,0.002015626827317145,-0.013573047298423567
C005309,-0.0011297005022565599,-0.0178690574017175,-0.0020914987984252593,-0.016671079086923987,0.002536523840395829,-0.007977150198376397,0.0023887655483294024,-0.0157772536369369
C000254,0.017512844546765372,-0.014280030933654113,0.018592342927831077,-0.011099733754058825,0.020027153510050733,-0.005550181627379398,0.01725268919734256,-0.011064408590529968
C002052,0.004079634230788206,-0.014867920714603227,0.004531220577614148,-0.014072906770290666,0.005140084662728144,-0.005038929787453946,0.004461634736118153,-0.009411445098305287
C004155,-0.010857138361306896,-0.013968093554857668,-0.011462213658576716,-0.014455970723224956,-0.010554497432271864,-0.005217408519636785,-0.009921237012984896,-0.012650563915836617
C004078,-0.010825237014636906,-0.0006665830692894504,-0.010119195367707754,-0.004213672814973075,-0.0066984391958059665,-0.0013736351176212751,-0.0075889739080173425,-0.0048822386125966745
C009238,0.02614783133185658,0.03844154351644043,0.02863799981524827,0.04354237405542664,0.030887020750044177,0.0240644252871843,0.03390526378724785,0.04390409429122532
C002918,0.006090987535366489,0.0010256904915305612,0.00501474616180107,0.0006358504060012707,0.00242271924001397,0.0018376855334438552,0.000719499219077111,0.002920101126246405
C012344,-0.006004266730476151,0.0024925243649806515,-0.00663542367003434,0.0029486111016073,-0.004876279839346772,0.00871748329646318,-0.005069652961115757,0.011044824249968816
C011725,-0.015933753710540136,-0.0061140031104307,-0.015252497964178956,-0.007703325321047988,-0.018146238568560912,0.00022976585649885382,-0.018447797638937728,0.0003175982075165682
C006236,0.03958886578538803,0.04143926281032984,0.03508837589289535,0.0486285489252007,0.03624770065251101,0.003195806995636047,0.030530532334128307,0.012689222948171848
C001676,-0.01403632225698347,-0.014272066521715605,-0.015296364733724664,-0.014835614382312741,-0.017813320697313294,-0.007444701648865772,-0.018928410802333123,-0.013420549924588333
C002356,0.0063211281737216955,-0.0019480959135911601,0.0093790573904083,0.00034493950044780993,0.00908915665592628,-0.0018618623324323453,0.010240943301966548,-5.010947334703197e-05
C010940,-0.010208300771788647,-0.01679581089949007,-0.00987638944463174,-0.01640967994004795,-0.008777266783999838,-0.0038875008676958756,-0.008768325867698178,-0.009562704269945306
C003103,0.03733540597792042,0.047088787664709794,0.03580748491874768,0.06875886712271276,0.03575023477118767,0.02925241142616895,0.031424504063200194,0.06256248025351256
C008032,0.014744724783794863,-0.006529784035995058,0.01479867871436637,-0.005634910351881104,0.01849260432217298,-0.0033913071428235664,0.01485931668528625,-0.006708694972366595
C012968,-0.016195183879585216,-0.018758048128945132,-0.014615176247486619,-0.01841382561926633,-0.0176333137480732,-0.012897861627473854,-0.016695660724095295,-0.019774057463383992
C010577,-0.005392333278608622,-0.0005765495793891652,-0.006231289949354481,-0.003755877306110868,-0.006172703946092781,0.00252067427289124,-0.007734656399390613,0.002220188722973193
C005872,-0.008269595734368574,-0.00681765850712943,-0.0091479707295795,-0.007971846711207226,-0.010409881529701697,-0.00178541551154048,-0.011121054450444588,-0.004249478490908421
C005983,0.005874108329477494,0.009800163062987508,0.005209227661455569,0.00951021166539565,0.002105756125254491,0.00010555601063240029,0.0006673878341498544,0.003505175894454191
C001360,-0.004038255872023154,-0.005464375860983949,-0.0033079789132875446,-0.004605853865323692,-0.004387168041204885,-0.000291287076642526,-0.0030171033118572476,-0.0011248366350902865
C004257,0.016330273089846834,0.029796167173137367,0.018445479940714528,0.03088529223529852,0.021831989903427707,0.0028522521199428165,0.019984158258061324,0.01322928671429485
C011107,-0.006737363657583841,-0.0010775181482974563,-0.00524078825662856,-0.00292683699781922,-0.0030154975117275013,-0.00018231542719990108,-0.0014123607401571108,-0.0009242664875826609
C012329,0.00473102204955123,0.02106308102636263,0.0047668275763345005,0.020574997072042772,-0.0011025685778700896,0.007979007789883578,-0.0010468462681125852,0.016346325487355123
C003776,-0.0035352242325278737,-0.024591733226076752,-0.003956708654450371,-0.022926200374278793,-0.005923349850218161,-0.014551380700448186,-0.005731744447591402,-0.026036193125272895
C007974,0.017134647537154876,-0.011108947865039649,0.013388904389241613,-0.00979692014878828,0.02235287869861134,-0.0006970558157553805,0.01616583138354847,-0.002151128157576787
C002577,-0.004340386305134759,-0.0015921559758227753,-0.0033271134973829764,-0.00214276127732308,-0.003158105064687568,0.00018446138811475387,-0.002844877466088332,0.00041910443330733056
C005891,-0.004933970926325206,-0.004850377420833725,-0.0037976327316132964,-0.00422331502712125,-0.0036675716381679413,-0.00015095084559334806,-0.0030360252738935323,-0.0006709390909523922
C013659,0.025958334314539148,-0.024258769429032646,0.02851443318981493,-0.02089642987802416,0.03064299583171862,-0.004575637483344827,0.03400824241453963,-0.011074767397280827
C001794,-0.01558306932741915,0.009270620047429859,-0.01596545796233013,0.00864621276647668,-0.017444574021915054,-0.0033287427392401214,-0.017930267085920076,-0.003673766787478191
C006458,-0.004901980053061288,-0.004965588820712079,-0.003772356195437165,-0.004344454534545044,-0.0036751399933446518,-0.00016683728971470728,-0.003037645689085774,-0.0007173524979558136
C001840,-0.0030162382156705913,0.00029830047413725717,-0.002542188257667593,-0.0004989361745454567,-0.0019987690115388273,-0.0001033190837260778,-0.0013170395495650982,-0.0007707808736837543
C012524,-0.012987767889210064,-0.013156087857502734,-0.013869576801702617,-0.013392985176608871,-0.01766694754738005,-0.005651190231729826,-0.018266539723463527,-0.011301386504885484
C003592,-0.01102421135305242,0.010431619348701723,-0.01597679401194956,0.005041634282439989,-0.014282261497391141,-0.005727217023353195,-0.019005259840939738,-0.010902415095528415
C006702,-0.005176405291780386,-0.002778753981379877,-0.0042636357436199816,-0.002810831179346042,-0.0021093956136991904,-0.00010841029018172446,-0.00033848730214028913,-0.0009210958477828229
C004541,-0.007791150445053804,-0.0052419559685654175,-0.008358051358066675,-0.005857493769411156,-0.006998532406658019,0.0027217021876980714,-0.007270583927554238,5.201570191445772e-05
C008108,-0.013213018235344105,-0.016051643170481446,-0.014404961138690579,-0.016308326033107355,-0.016669454473239503,-0.009175809492413041,-0.017708294329211404,-0.014858492015870382
C009799,0.00015121156520839528,-0.0030511344494503086,-0.0008508286220814795,-0.00257332281243833,0.006432050732972595,0.003128711849236107,0.0056044255330091755,0.003735694037877239
C000030,-0.02239290787466392,-0.012644255947456644,-0.022403987430582393,-0.015815752317063034,-0.018677757549253306,-0.006185791797551766,-0.01864480234615875,-0.015589254858720647
C001149,-0.00733503844248018,-0.0161004395554779,-0.008145226070139691,-0.01570067528927551,-0.008235492167799528,-0.006214026386823065,-0.009650297712520475,-0.010395147420162636
C013449,-0.010695212846408585,-0.012810774838138982,-0.011613353901643668,-0.012530360166832916,-0.008706687448714308,-0.0021475570450111485,-0.008336360217696041,-0.006226503280198664
C008943,0.002411039824760002,-0.014071599575954052,0.000619703061257767,-0.013439695606312916,0.007834582275714829,-0.002945533544011872,0.0034416476614638762,-0.0071607401595012886
C008091,-0.013211396807974856,0.002247286410125382,-0.014098524632848252,0.0030825505304621615,-0.017809815256234582,0.006877032704313974,-0.018398305028699026,0.00860684439528777
C012450,-0.01757788783122271,-0.01913266335521807,-0.017196885962332417,-0.01910706636913237,-0.016529329513587224,-0.009250711386440924,-0.017630678779491524,-0.018902380958814503
C001095,0.004960787230659041,0.029311908396096466,0.005715594042153007,0.0269482245345895,0.005788363372155485,0.007194992984129701,0.006033354982717989,0.014170276691055219
C012326,-0.004310377367672394,-0.004218929149029784,-0.0040182610373400325,-0.0027241299728311724,-0.000731000193224877,0.0007947091742543446,-0.0015487204803347815,-0.0007625132817420289
C003518,-0.017734752475854605,0.0012075448515180259,-0.0184076714597407,0.0005912266380631007,-0.019266385931715445,-0.0012165616203564664,-0.01937012713616719,-0.0031452187385763025
C007701,-0.012904658022549077,-0.018096992429579573,-0.010385094942111102,-0.017319949465189995,-0.016254289986305723,-0.007825181005003323,-0.014004710896276388,-0.01449850658351743
C001833,0.037629784876247546,0.0004346429580981833,0.03841942793671145,0.0007139723778006586,0.03542364823952972,0.00017803519850326165,0.03109252335202067,0.00041957402390324514
C013421,-0.01257953442965573,-0.012702159220262844,-0.012556863579366069,-0.01052974201120458,-0.010759344274522414,-0.00045451518855195184,-0.011643356633344959,-0.004237722091834092
C005836,-0.003702275953944062,-0.005242010136291504,-0.003076398354451186,-0.0033391955626105073,-0.004322049815479541,8.926077885061868e-05,-0.0029274492437087476,0.00032884692625399103
C001520,0.036902200873924665,0.0017607501141789022,0.03596084929716521,0.0015126506107759061,0.03547088412211524,9.688434854101422e-06,0.031472541907356114,0.00045016710793577914
C004938,-0.0033280093136079563,-0.0035140362178337783,-0.0029386073288801186,-0.004889808491652122,-0.0028944626997732532,-0.0005017577461697494,-0.0035300846996807315,-0.0017746532850936116
C004490,0.005688329749214746,-0.018662606765617755,0.004853368980711819,-0.0097879092322674,0.003205935862361673,-0.00025387884632728974,0.0013749576646503807,-0.0009268352896669457
C000686,0.02589883207400207,-0.011111712434901886,0.02332614220299594,-0.009624328818054008,0.02929196558823694,-0.00017115687320666735,0.02437052851392772,-0.0026371536528227617
C011717,-0.011940934025729554,-0.006373960987449419,-0.01208280335234048,-0.00414316385576549,-0.01046106273606286,-0.00013497327477879646,-0.01167081172627857,-0.0015790119738295699
C006303,0.017227187895004926,0.026189165954163648,0.01782802620098046,0.027433270112103555,0.020519500690644635,0.014817874896121422,0.01646641639231783,0.02708362861220851
C008345,-0.008469552848949149,-0.01395087420846609,-0.009511245313079654,-0.01428760344385379,-0.005322659107102831,-0.006472077840668488,-0.005164630743095937,-0.012902464395796518
C001283,-0.005430978867954648,-0.01346432383816396,-0.0038109901157039046,-0.012848160619382189,-0.006404728184628697,-0.007093345568102382,-0.005436765509695286,-0.012506768045559263
C004425,-0.00361950136403498,-0.00010012238739863212,-0.003126160298213498,-0.0018857513688573069,-0.0028631934161754084,0.0006003341020659091,-0.003118514332040534,0.0008831111489489859
C009143,0.025577315892428322,0.015316294193056381,0.019491722407875292,0.012810648282220272,0.02767486436875779,0.0007423150347747366,0.020569785413120423,0.0026151428716925124
C006906,-0.013866597382639942,-0.020463442933394922,-0.011981552499159342,-0.020294683894955194,-0.01563593701465423,-0.012889754430462008,-0.01440440077218824,-0.019511051683981238
C011091,0.004161860139942237,-0.009742187109138347,0.0051571393202997215,-0.007432834376207826,-0.0057826607110610505,-0.008029482895649694,-0.004982918655665548,-0.01032835397466914
C005986,0.004233382368635615,0.005102431028484492,0.003535269034630048,0.005429594716029054,0.01119463177980547,0.014798853109333307,0.009556889878677055,0.01916530885702921
C002781,-0.00927277628567647,-0.027414835073002866,-0.011817266459446817,-0.029760720165157895,-0.01639299041484771,-0.01533276156884845,-0.020539909674423415,-0.027475391444737714
C010956,-0.015884776472087015,-0.015747806664433678,-0.016864548933587794,-0.01553753763149406,-0.019360754335751372,-0.012032835889010553,-0.01961175033774672,-0.018149514050467806
C012163,0.0022725241886683086,0.007654460067287011,0.0028643627627976775,0.008006773470086728,-0.0011764032409919266,0.0003553210332798015,-0.0008559507682896339,0.000685257196535245
C003777,-0.0006439057236741539,-0.001419583979158001,-2.4357396121404973e-06,-0.000874119507355062,-0.010074807777550937,-0.005514040583555088,-0.010444256929959105,-0.004330759473191302
C006155,-0.012784538162021181,0.002143879255266255,-0.01024610042309394,0.0019235492919127072,-0.016125170957934504,0.00040634599550942675,-0.0138717441090972,-0.0015191775123025335
C008624,0.0003217323776903154,-0.01170362329186952,7.098937076010844e-05,-0.010716641040069303,0.004006526215772386,-0.0007945901524346201,0.001061204382586498,-0.001972746665631164
C000084,-0.0064751740718701975,0.01707957556334707,-0.007054427102229688,0.022267993504097444,0.002445438312851453,0.014901222081741591,-2.75822544832105e-06,0.02712277136201506
C006305,-0.01832582782506124,-0.017758768369629623,-0.019823275698447926,-0.017341431849983057,-0.022772861974145693,-0.004940547950376939,-0.024774060173281383,-0.011995948527252578
C003396,0.00610237103887263,0.005250984829982374,0.00520096526470336,0.0047904149296354144,0.007124099611537724,0.0003696225322040801,0.007389446702346949,0.00395690570073869
C007437,0.0020500838340004176,-0.023364848267727844,0.0009603771399986734,-0.022352781782727683,0.006181888510863407,-0.019232670483598027,0.004137442566174191,-0.030180066712982772
C002161,0.019218993671080972,-0.030148415391215343,0.020048712644810073,-0.020469823689745197,0.02352755429275785,0.0038761762456624178,0.02065852470181244,0.0028866239900790474
C009410,-0.004974750171278415,0.03690611710224706,-0.0039406342839989955,0.041263293560110936,-0.0041538809922998755,0.0004066608107678453,-0.002864722342616061,0.010360218184626464
C004733,0.020480000756190365,-0.0075879967485274,0.019171492700270885,-0.00732962569122193,0.026788929878433242,-0.0022394097638620985,0.0225741257832245,-0.0050213690015176345
C010001,-0.004167363814646614,-0.012741381662658653,-0.003880381462072424,-0.01109483888503523,-0.0005536397820670059,-0.0013803486952438603,-0.0013876651841861266,-0.003654573931745938
C011773,-0.007568593117609271,5.845355052416595e-05,-0.0061028178238322186,-0.0010222833895544338,-0.0019386394104456675,4.4615317509748486e-05,-0.0004464956681228812,-0.0002741484501555248
C011479,0.01337584418528211,0.016079539569975182,0.009461898822894435,0.014769420619969269,0.01848800242627707,0.0008777752086587541,0.01198246189366549,0.0035402377066494264
C011991,-0.021799215195159725,-0.006352937757328406,-0.021567680219814176,-0.00906782522374258,-0.019778755413780956,-0.00016150571631677444,-0.018560242894672032,-7.043023986331217e-05
C013514,-0.0015112261435988217,-0.024143473760712183,-0.00213197337570041,-0.02212818620392091,-0.003569311958703256,-0.012542623561543353,-0.0035148062674024505,-0.023125796215514804
C011376,0.0004327027703084672,0.01938843508508509,0.0003930523491569875,0.016292203131205288,-0.0006769830177951677,0.00043758505723037066,-0.0009638142549129819,0.005307905319336209
C005626,-0.011011146902567841,-0.01052158506564138,-0.011080111740611276,-0.008173643173125553,-0.009802812833652402,-0.00043343302058288473,-0.01135401403449814,-0.0030364200517283913
C007147,0.02653782795880448,0.03760522726752394,0.020964899463774923,0.04381702667799241,0.028572884842379236,0.008128782805863162,0.021836818454455995,0.026108970417467584
C002813,0.017240593181120156,-0.002461479438449069,0.013579314174670298,-0.002223884239004114,0.0226007865986534,-0.0007862867878066464,0.016510337936564787,-0.002566832408796282
C011580,0.015859186108964977,0.002109128373185921,0.01478448474745143,0.002750885795922682,0.023971242587983634,-0.0011049335860186774,0.020922419135892864,0.0017624121397148563
C008703,0.005352318550512534,0.036608678976963016,0.005187050209741123,0.03645474785579168,0.006464757813996512,0.002106116494256989,0.003923893036324991,0.01189793548573308
C001116,-0.01480488225002314,-0.014597451493281444,-0.013615141965646093,-0.012743977918105736,-0.013408282414177375,-0.0019938413027055287,-0.012743938329903974,-0.007496851516578116
C009615,-0.005266494532305231,-0.003394384466702335,-0.004850020235936322,-0.004929321179464609,-0.00473445924317988,-0.00024639749677638905,-0.0050901980241647125,-0.0012458716116107652
C012527,-0.012310106806714526,-0.004746766804087371,-0.012379618178962614,-0.007041156564216907,-0.010636152309600353,-0.0020006480256009413,-0.011676810520022674,-0.004910055893089795
C008203,0.03220924336995168,-0.006696454893003074,0.03071556837588793,-0.006125996194924743,0.03338084764796981,0.00011381325522964943,0.0292262062773018,-0.0011031678890186033
C012695,0.01641376150096437,-0.020910028187089327,0.016695596867761894,-0.015209833528125861,0.01596188171905607,-0.00194577432391228,0.01245278678514372,-0.005188693765963499
C011990,0.00976186837173421,-0.029542520836532197,0.009969815977893483,-0.027358728530844704,0.01647691425605092,-0.009820023383999626,0.015260033271747115,-0.022931096972051705
C011636,-0.009548956138278131,-0.006902626355898216,-0.010099299448179428,-0.007201691799355394,-0.008741214371887612,-0.004167010723144235,-0.008170354348207542,-0.0065155513889149945
C008701,0.008043613038360294,0.026331135025950313,0.006960664662496836,0.02394569012929647,0.006001582176921848,0.01686878720289026,0.004428077978269425,0.02748613803344884
C005315,0.009028333208106228,0.005088293652246767,0.008392209878218511,0.005252885618024433,0.005926382882115304,-0.0011470796355230498,0.004245701332340504,-0.0005466921320435915
C007237,-0.01992022276551701,-0.000979495275538575,-0.02132400170821798,-0.0026233777273348665,-0.023613509861309417,-0.00014202791865514924,-0.025468426858974116,-0.0013683628575742724
C007160,0.007082477498488101,-0.006259952611416779,0.006498901766955643,-0.006115566549445426,0.013997419024674596,-0.0012775828786172677,0.015557555855981547,-0.001030372289372728
C010891,-0.003959323857959782,-0.005498411124328355,-0.0031392478342156275,-0.006146912736204872,-0.0028206880226273857,-0.0006957291345038065,-0.003110756095414221,-0.002206584920223196
C012994,-0.004625329850403647,-0.009256250469411831,-0.0058045896086453995,-0.0086091961228886,5.016406056349454e-05,0.0016611346376596242,-0.00030891644315942144,-0.0003872320806936916
C009286,0.017999595033835514,0.03199107599639987,0.01950196472410958,0.0323286675375185,0.02051617488540984,0.013716774244827666,0.019623446032451614,0.022820426449297816
C009903,-0.015566154421228651,-0.0029574979917927403,-0.014624743804436156,-0.00303287226545396,-0.02096380101250954,-0.0015683209737910508,-0.021212662859594313,-0.004006227766629339
C001969,-0.009932903849609093,-0.017265228750957005,-0.010257449258047788,-0.017171523856436045,-0.0027756370138379595,-0.009046157667192732,-0.0042512144024113435,-0.016342339176510002
C010538,-0.013335384246641782,0.0005991470030516436,-0.013015484316338389,-0.003639125953250042,-0.011134286219428415,-0.002576659608847459,-0.011700858344140853,-0.006471843789417397
C000968,0.022154066174527875,-0.0233780216551558,0.02196239394147589,-0.02013916783145735,0.022114859024171474,-0.003678345804200705,0.017478318117874224,-0.010247840692999177
C008995,-0.0011313315349290392,0.032029627084315046,-0.0028158957538329536,0.03399817300667167,-0.005521583476130187,0.02447819080161078,-0.011100227221291774,0.04197771942656993
C005254,-0.004066942756049343,-0.008306135459506531,-0.003589764497829604,-0.007917762951582396,-0.0033649420589709853,-0.0008439159061836943,-0.0037530796929978677,-0.0026269064243767924
C002699,-0.011559013701786185,0.0071534893383570506,-0.010618721712681871,0.0006102650287176494,-0.010719188020427045,0.0017498765157894544,-0.011913728474413778,0.0019793028759418517
C003838,0.02614783133185658,0.015723389572499077,0.02863799981524827,0.016660299941696047,0.030887020750044177,0.007805999527920654,0.03390526378724785,0.013575600359647283
C009948,0.0025873186988518543,0.0053267564721199475,0.002685704143041251,0.0042998731827856825,0.005128525115148755,0.0001548297351285409,0.002965368585128914,0.00037628327663928314
C004321,0.00024790234964863886,-0.01048583840942705,-0.0005735936926667053,-0.008987287688799965,0.003247130286068772,-0.0003928158430723632,0.0010987292153772626,-0.0017940107248704358
C011612,0.03934760668844665,0.01496561739213908,0.039770850519287596,0.01446960021703742,0.03559787475042397,-0.0005964294076714054,0.0322228011344271,0.0008707838906974508
C008431,-0.008207446396992552,0.001916344951729927,-0.009085472289360741,0.0026711467258582733,-0.010277726209031245,0.006094381081635769,-0.010961950608434775,0.008714573269211604
C007080,-0.015410566094300965,-0.00839755168996189,-0.016478829385092278,-0.009765361506201093,-0.018405112269877736,-0.0032244704177031235,-0.0164517599325393,-0.006517088452067526
C013418,-0.017734752475854605,-0.011409777662994024,-0.0184076714597407,-0.011473426125997126,-0.019266385931715445,-0.011459058715529144,-0.01937012713616719,-0.017235559027767685
C009320,0.011074553451026481,0.022868581478426034,0.010582165569205226,0.021434255362324725,0.010344556282531503,0.010593922225882253,0.0069290324426800245,0.01889601834180924
C012879,0.029000949039992275,0.03705186957009918,0.030374852230423216,0.04473676197198169,0.033427849599604514,0.02338338039755837,0.032592832470170294,0.04185071751645642
C006955,0.006737391059174162,0.022054540773472193,0.004912457801355265,0.024488965950735152,0.01483298062921665,0.022007570567533965,0.011221140393859748,0.036336819914645296
C001367,-0.004423338261205306,-0.004253381652589782,-0.003521805695506441,-0.00509738143477993,-0.0025357972767439687,-0.0003421221836320709,-0.0027682563200170608,-0.0012965011186114666
C005263,0.004521477311644453,-0.01235195010779905,0.004183448524100962,-0.011289140262376327,0.009898089958396724,-0.0027495871029990437,0.009931829032695414,-0.00435877762231503
C006732,0.0005107850149683439,-0.003000446510516106,0.00041231621797346163,-0.003621549935617529,0.0026624717093808982,5.870363358735016e-05,-0.00019308543382976225,0.0017886478780040987
C001937,-0.013854416991743194,0.024553334129953735,-0.01150803594105883,0.024183733053962594,-0.017134619983546956,-0.001593772578911442,-0.01495088564919236,0.003968101555246349
C009991,-0.01634700293963058,0.013044142038995711,-0.016814354131627927,0.015840449153730552,-0.01858929391245605,-0.0018410256117249286,-0.01924730044490019,-0.00028284235767871103
C010555,-0.005035584837499513,9.109321254895802e-05,-0.0038787321782670346,0.002014743968058142,-0.003642672167457417,0.00042782749840993245,-0.003027889746266168,0.0011689908163692122
C008397,-0.014300211636549208,-0.010429350147268878,-0.013806310316135781,-0.010456675473731943,-0.01632318910515607,-0.0094103046972456,-0.017421520814563662,-0.017525798942180208
C013149,-0.0093664820268348,-0.0026316083059378225,-0.00941682477201154,-0.004444782703418361,-0.009394055122261503,-0.001258110147435725,-0.01032947700505363,-0.002789301330407568
C004788,0.004094226167479866,0.009428470792988855,0.003426402552940136,0.009797843525352063,0.007753127821884722,0.005784958884610011,0.0047265833068049195,0.012314443982065342
C013056,-0.018039816273826222,-0.017013008697476784,-0.019282943613529908,-0.01751681351001514,-0.020510855698493643,-0.005107128114592767,-0.020233762776995873,-0.012990097083852134
C007289,0.0023553863451768486,-0.012890947140809881,0.00099725044751302,-0.012382230482168733,0.011023202395647332,-0.007485322095507288,0.008032069111079898,-0.0129690897523376
C006321,0.010915597259772423,-0.001524673024244463,0.011250767154662267,-0.0012141862680160988,0.014955768680707717,-0.001350539045050374,0.014390634963029458,-0.00015484288116910633
C006522,-0.015789823540875013,-0.02078704053956034,-0.01524982148178787,-0.020932723912059623,-0.015029617177173634,-0.010486698735294772,-0.015778226729821224,-0.018805212476290988
C002796,0.018791302762039365,0.01321582186354521,0.01926107555459638,0.013612726809786724,0.017641534448619992,0.0011643115424707251,0.01360400108892449,0.004787174699414875
C013632,0.03674658546652131,0.005056752663758973,0.040126461196288814,0.005520005134217686,0.03775079708058743,-0.00045500129207903236,0.03701426480162578,0.0006424174878556975
C000991,-0.00022429040181352368,-0.008570905650981874,-0.0006569858474282284,-0.00730273059915772,0.0010076174020042508,-0.0009265192862930657,0.0003696307222179754,-0.0018354293292359566
C011678,0.0026092306562457285,-0.004103270577682446,0.0021921477438822576,-0.003671837688920813,0.008666701659215684,-0.0027845927876866323,0.0066463146617273825,-0.003690481891216471
C007064,-0.007819968647506139,-0.007612153796344932,-0.007717914430653562,-0.0072562864988116975,-0.006844225401760425,-0.001975378371217786,-0.006784661191562529,-0.0037215420310185783
C010417,-0.005397595767887769,0.0006794860413837545,-0.004248371144853555,-0.0012147538981364695,-0.003924352781296802,-0.00019113666870390123,-0.002619819558305825,-0.0007167471033710576
C000915,-0.0017272564533208506,-0.016463652015823248,-0.0030776583655802965,-0.01590378366152452,8.247174731221565e-05,-0.007405969628890435,-0.0030441661780093803,-0.014377679765068872
C002824,-0.013755249632735611,-0.01460740244971161,-0.01318364919933881,-0.013498309476892815,-0.011425367711164447,-0.0021331563389133524,-0.011778796090419602,-0.007203018529924907
C005427,0.01052923057917774,0.014281323214501032,0.010883904620403955,0.015207399419200454,0.014436752893184473,0.012286195483796954,0.013739099843805174,0.019816777954231035
C013129,-0.012537401499724337,-0.0101853857972586,-0.01251569328188398,-0.008237560333081297,-0.012518320137601013,-0.002244331467818172,-0.0124404191284611,-0.0062946062926359835
C002877,-0.011598950468271528,-0.012311256925719329,-0.011454919679595275,-0.013009665464807297,-0.011061627885443173,-0.0029632526767899266,-0.010942921124366284,-0.007514721240619963
C009443,0.024752550961078174,0.011963226321874536,0.02497479766870173,0.01245313107020129,0.030311293539013497,0.002295236102801739,0.028562140060056487,0.008388252218857218
C001165,0.023159118899251277,-0.008490499576292788,0.024641666812237388,-0.005817836648580572,0.028094055048121572,-0.0023156101466790553,0.028318535862632315,-0.006907355185255997
C003086,0.03533646580501799,0.01398571273815926,0.028051861177463833,0.011839607907226369,0.033427170925601074,0.0003749131620283332,0.02615765743472571,0.002429014682432863
C003779,0.012214020550160513,-0.02123495954112452,0.013520549539516225,-0.018700845197002665,0.011110120015914155,-0.007701811314680812,0.011762750346437888,-0.014797756681397614
C000636,-0.0039028516021937794,-0.013068763375636765,-0.003224957190123414,-0.003292400369478302,-0.0020953396613567943,-3.854873638912585e-05,-0.0009830284815553797,0.0009698576754759304
C005542,0.033432680414684446,0.032862482522617094,0.03976936078628296,0.038687029530360476,0.03697840488527401,0.026177111444661345,0.04148044354175176,0.04136132110633122
C008606,-0.01757788783122271,-0.020454753110533082,-0.017196885962332417,-0.02052256828212516,-0.016529329513587224,-0.009158120467264134,-0.017630678779491524,-0.018390631688753642
C009668,0.003015367627113029,-0.0004425032678179418,0.0012503148099964375,0.0010411475660863378,0.008985059131406655,-0.0008026901689050954,0.00422853719355245,-0.0018345669974923703
C000632,0.002863446155623502,0.032726610621074,0.0029041135220087104,0.030678425649153,0.004166325004096368,0.0015175996031920156,0.0024814260332648194,0.009118710640870345
C001820,0.00962678443559973,0.011477619693073293,0.009873854846688183,0.008793758609452052,0.016238412650973397,0.003124704175936204,0.015432025865317089,0.005455316689876397
C000258,0.007077513748751338,0.023768494630695018,0.008029685561762163,0.024351533173537564,0.0036344122070283737,0.011406199152700889,0.004727271021389857,0.022738715931007562
C011797,-0.01395656813562694,-0.005948482658219389,-0.013283991204576033,-0.004314873999461599,-0.011602684748710733,-0.000357982105180063,-0.011834469772754468,-0.002012245536006533
C012040,0.008396696384170909,0.0075749224002995275,0.00786313685297221,0.007666364915187115,0.005021293869724366,0.00023801056876238458,0.0023764629313405517,0.003573964428332051
C013717,0.017261375536691083,0.019659562587223758,0.013706439914295076,0.02003336474814881,0.022758390299009185,0.0031645273109700816,0.016771056625214484,0.010015426707890409
C005813,-0.019759207791374776,-0.011259364397839415,-0.02128988296618592,-0.01081724570975093,-0.023824290993506924,-0.01290984906074317,-0.025907366142523112,-0.0190239714934841
C005501,-0.013870234916624096,-0.01765187924029789,-0.014029101532222222,-0.017099094667636625,-0.014666351932619302,-0.0040693658785909735,-0.014734077508254187,-0.010644427317926874
C003563,0.0015064929529142856,-0.007132506917521751,0.0010664863237519362,-0.006130990423074305,0.001118518438367796,0.00013279075404536245,0.0014852653646159164,-0.00024079244106247255
C001896,0.02710522764598481,0.032271612116752384,0.023910967976699928,0.03656719781604263,0.029833589583725003,0.008919049932222976,0.024767591561505573,0.02468022621645597
C004179,-7.160759434889933e-05,0.002342612088406125,-0.0015898548552004466,0.00460989398249725,0.0037898057418691987,0.001423694041223349,2.6342259885694663e-05,0.0031576342174050396
C012585,-0.0038881632024252706,-0.004367679810006361,-0.003122524397529372,-0.003651632209862156,-0.0035450134819283168,0.00016023773327983413,-0.0027693990851245004,0.0004140760732976795
C007656,0.013381404549510726,-0.02800115148978066,0.013312486779749371,-0.017074904573755652,0.00963532783743588,0.0005366654232272133,0.00729732846494899,0.0019061097901760377
C007543,0.016337237793194716,-0.00999915719935421,0.01233885886287474,-0.009069114258575336,0.021199099716481568,-0.0012758138982952904,0.014798909117411961,-0.003255467881250039
C002637,0.008995577543017013,0.011153572198390757,0.008739167963853678,0.012064242649398935,0.010853640179226702,0.011792676602647198,0.00995748710587885,0.018940871389392256
C010774,-0.013561824374336885,-0.011905542901656302,-0.014209197561843296,-0.012678628784757813,-0.01971533433612022,-0.0037661394339559883,-0.01867294556673156,-0.008936460423251667
C001320,0.032652747640379405,0.038529033613972724,0.03495651206973069,0.04669290661898133,0.036300334523184416,0.019740999534793743,0.036089622477060095,0.036915818998678664
C009866,0.003026711070295481,0.031310087273646925,0.0024252421607163775,0.03370878695030183,0.003273543419981073,0.009493796888968094,0.0025156702791995617,0.020429485048245724
C002316,0.021680032529409803,0.001275949307013061,0.014612195250865247,0.0004983727055033019,0.024665060550531206,5.4336624316373585e-05,0.01661457308541835,0.0007988131135403451
C010090,-0.011326986679976708,-0.012348593468739191,-0.011449010532886534,-0.011085398508901645,-0.010073669228307857,-0.0018353024574739923,-0.011549604603467703,-0.004709824608392113
C011877,0.006815557413570757,0.010477841449303029,0.0069760219691397205,0.008616780842358757,0.011015632832139159,0.0011791977511663974,0.008359831403101757,0.002947596777154031
C002632,-0.012645104784457717,-0.017727991567150672,-0.013519921230885029,-0.01780058499915097,-0.017440619677779875,-0.0077595122823725425,-0.01805237963782855,-0.015829628564515023
C004804,-0.007266138317152341,-0.0012308071201862416,-0.007943843854231643,-0.0015415451654674389,-0.005606458055368504,-0.0026031092518064665,-0.0059503651766760176,-0.001955264008024878
C007625,-0.018417799111259747,-0.011651662802241275,-0.019991250667549292,-0.012158345619275748,-0.02037224277047968,-0.009567064450649816,-0.020067429773770164,-0.015390303852011284
C013309,0.010846125472978424,-0.0007075187386597204,0.011228366251973263,-0.0003000686035046373,0.014668259755393754,-0.0015072419686966362,0.014180851453660128,-9.687315931544267e-05
C005453,0.04089342315068655,0.018447243452962506,0.04593014582533331,0.02035454231998385,0.03707079984169434,-0.000755687017728557,0.03492436640911169,0.0029319024388520425
C010264,-0.011452892967834877,-6.135804858192762e-07,-0.009476484100969403,0.0005689462672826693,-0.01244802896757611,0.0015195249620084256,-0.01144888743352142,0.0017396683028663828
C002965,-0.015276015179860446,-0.015225983656519407,-0.015595870687242174,-0.015049890586574173,-0.013485830138899861,-0.011728555676680267,-0.013522917443295819,-0.018161991299654776
C002299,0.007851125161061371,-0.008548998785986327,0.008013238233609523,-0.00824209526322772,0.010791386995343013,-0.0004071730610439026,0.010142288943060771,-0.0013867246557382235
C012233,0.012603810343371213,0.023066751807570878,0.012971444644035237,0.021723186499987564,0.016464471114852875,0.01080594388417085,0.015191538586769327,0.022164998608883858
C002105,-0.019379334057168157,0.0029861931925244567,-0.020517555551919288,0.0014979585723052943,-0.02246803961758912,0.002994758348504823,-0.023643740191789435,0.004847992684088796
C011426,-0.0038148135120976943,-0.005936654647612096,-0.0030810332206081033,-0.004878735492826666,-0.0034986380962941277,-0.00013319173626786442,-0.0027237126963446756,-0.0005750614074037493
C007171,0.017245411019790016,0.02901722624483173,0.013591378018238358,0.03189180689871731,0.02261686228189332,0.01009252051627858,0.01653472528070203,0.025268424254161707
C005661,0.004393441421856338,-0.02201223926580194,0.005017223063694489,-0.0207686028676594,0.0011656610248753842,-0.010375787758018847,0.0009918930108504544,-0.019333210925838465
C008855,-0.004599919456146849,0.01725067845943956,-0.004934991447675171,0.014134808886624767,-0.007155639737741616,0.007678653758267424,-0.006856612966958669,0.015337522946237225
C007971,-0.0037840193650979428,-0.007270627591973845,-0.0032159886008083145,-0.0044495926062620116,-0.0035852602834029125,-0.00031649111816437153,-0.0021853772209092324,-0.0010494861530257254
C009288,0.026295900344712457,0.01499351600334412,0.020575798973595093,0.012621698449801226,0.028339851776155632,0.0007661559198276279,0.021512569843006993,0.0026209078631903794
C006690,0.023431806768851263,0.01425662186056202,0.024286701137752203,0.01564113444396617,0.029139266455711983,0.012439889667698899,0.025627550470258716,0.016399443560039317
C006848,-0.0036439244938419497,-0.003172912361340733,-0.003147068538175316,-0.00417468839165024,-0.003017711560061877,-0.00020032015240282447,-0.003442152392335041,-0.0009619975127785262
C011893,-0.0032257158589761715,0.013603513669310053,-0.0032362399851720842,0.011149686687977502,-0.011047585643028369,0.0020514648049116914,-0.011212398572553768,0.006169936959063446
C009692,-0.0177748721071686,-0.01732002146307629,-0.018964515936598245,-0.017670374283730816,-0.02034845576708856,-0.005482399981835791,-0.02018318757108075,-0.013551511436619902
C000419,0.008968605652460925,0.032620795359117744,0.00904987013321634,0.03733797831757482,0.011837524036123792,0.01937860301016433,0.010124076475901064,0.038440980631721494
C008216,-0.008589809832676001,-0.007684115330368719,-0.008553900726060416,-0.007266704905011322,-0.008206955955530159,-0.002183502462008272,-0.008135015575350617,-0.003746173760890452
C006412,-0.014710813402851559,-0.007336764856996916,-0.01419898998938899,-0.006868266145398809,-0.020665038187356047,-0.0010651889761490378,-0.02117354043064872,-0.0028061800561023265
C012289,-0.0033976625392252396,-0.005823277913883477,-0.00307249279518978,-0.005146924619872205,-0.0017471745745016064,-0.0009846535882044186,-0.0028871492409100774,-0.0025483678306919256
C006481,0.016450974379034984,-0.006570688850852006,0.01647347681992927,-0.005931794145435505,0.022917474330577316,0.0010936147616132659,0.020092461785040962,-0.001366809056184745
C003810,-0.0061311798087830115,-0.010080676435453245,-0.006870952867669335,-0.010767845335367825,-0.006619404787228432,0.0006172127835284118,-0.008278011185658265,-0.001888624257364774
C012986,0.005348329842515166,-0.0038374796068582017,0.001999847399875752,-0.0032461961153724826,0.01180360067613715,0.00029561927025206736,0.006627985836581049,0.0018408091567980222
C003836,-0.009942994221844845,-0.01917463225497224,-0.009242609265361615,-0.019081375366654916,-0.009097429435413959,-0.007366042989767317,-0.009165189265858182,-0.01484924832710635
C000822,-0.008480967437662768,0.009632376285661624,-0.007944463398426204,0.005529801630085361,-0.006151692351929094,-0.002162428140216459,-0.0057876516190172355,-0.006076054472743551
C007818,-0.0002621173284860804,-0.010363028356719532,-0.0008735194158931822,-0.010176104560325526,0.0032616966426660776,0.0008695740190466017,0.0017930656480052698,-0.0004460078334688837
C001033,0.007102706807490984,0.02341938353689494,0.008335409406310225,0.024221620616938683,0.0017833804436845307,0.010334361015320093,0.003287272584326835,0.021992629057562888
C011731,-0.00025013666508134317,0.006964867104820938,-0.00037888093620752676,0.006852205643011927,0.002243031759266032,0.013676257715957107,0.0013706979718467402,0.017755127758548536
C011560,0.03730945248702263,0.036481413129137386,0.03351451640353983,0.03992981209533474,0.03529283546244292,0.002785111764177171,0.029886509536426277,0.011031701467889322
C011785,0.00016147738795427674,-0.008550066971824206,-0.0006168194730966947,-0.008049378936737872,0.0030794333271007323,0.0012816564671251042,0.0009133460712843208,0.0007113401217228613
C002768,0.0017717156179324527,-0.015601112827337229,0.002465565522263589,-0.014812981387659668,0.002208852365236828,-0.006183058447011426,0.002015626827317145,-0.010727719234034047
C002687,0.01696374958833736,0.00908877164527705,0.013677555156874566,0.009160073248670297,0.02276529563540865,0.0007624125844091625,0.01698121583811813,0.0029148390259550482
C005349,-0.012135934766782668,-0.006866189255782302,-0.012342739232252946,-0.006292033290565166,-0.01745796077302821,-0.0018848628619224453,-0.01842995805880813,-0.0039574900814553435
C012013,0.03992992556765405,0.001467315228583416,0.040035104605280196,0.002343627104425071,0.036106328594850745,0.0003578942734280223,0.032693763710903496,0.002007747579080108
C000681,0.009766257751336861,0.015288771251554128,0.009751307768646123,0.008482634840961997,0.01458612003154321,0.0013118421285565987,0.012612425746936122,-0.0030529843859843043
C002435,-0.0066041469119063004,0.004356364593033807,-0.007365132567762238,0.0007411222279863846,-0.004332857419327591,0.003183794515077487,-0.004611480968821493,0.004845009741247596
C006885,-0.0030226526793128883,0.02247307080936427,-0.0017067300322277249,0.022615730353860507,-0.0035920251783246337,0.008889218118469641,-0.002982543007607954,0.017740140258966877
C007537,0.033754328624200795,0.01196447623282811,0.03592304310136509,0.012708093347199224,0.036834171860763126,0.0023771504119685146,0.036255814757012464,0.004906975432923714
C013657,0.03174600973762503,0.0027161671959854807,0.024851828323656587,0.0019808802383073114,0.03139289246239399,6.936229323857945e-05,0.02414235312790085,0.001132033638364794
C003747,0.00453503394737424,0.008418052705742536,0.0034833502361630003,0.008260768004151584,0.0070891134201629576,0.0034548276377515514,0.004999838760825486,0.006245483722070331
C007966,-0.014808290932901053,-0.014259719835036974,-0.01611986136060602,-0.0128357359625379,-0.01884439580791714,-0.005374544926458122,-0.020077258280995127,-0.01022610430928585
C009128,0.01748716526341024,-0.009478507555977034,0.018240675823525457,-0.007884067277031871,0.022798835517060773,-0.00825719950412261,0.01916936800098337,-0.010550527793696895
C007838,-0.0037333163280933125,-0.0018408029998767238,-0.003070286552833974,-0.0028934458329146623,-0.0029139685767013497,0.00019876485146745604,-0.003111519032293608,0.0002263585350028368
C005568,0.008843539669678203,-0.014296645701877931,0.006692871993990848,-0.01353526805332926,0.016380938159570334,-0.0024378990776540233,0.0120937853061071,-0.008249159924676834
C005761,0.004744071767915154,0.008441074962285314,0.003930423763817935,0.009262572789925828,0.011643719951555607,0.016096064256907936,0.009668083793554678,0.022350356518642943
C013524,-0.004625329850403647,-0.010119787185742524,-0.0058045896086453995,-0.009525031271845575,5.016406056349454e-05,0.0009981727710918883,-0.00030891644315942144,-0.0013859225416125523
C005857,-0.015988276850545106,0.010781178932539522,-0.015464139453021032,0.009288241318459045,-0.01520506427483303,0.004762869708653051,-0.015989343768718085,0.008135937843788733
C005919,0.025920316430421808,-0.010104823161269299,0.028060697900281425,-0.007288582715968727,0.029914805762077896,-0.0035083199737633054,0.032554087132988935,-0.010464443640926566
C002385,-0.00405469952048768,-0.002745686809414455,-0.0032243233602496546,-0.003602934719040654,-0.0027475098383880903,-0.00014117729807942514,-0.0030593422025136834,-0.0006241834588396345
C000265,-0.014646972172011972,-0.01504319725565736,-0.013968757212453258,-0.015472830124129111,-0.01126093056824769,-0.008197881071620608,-0.01086898591018486,-0.015461087820674619
C009530,-0.0013793134685678465,0.010586007954186903,-0.0012940077273263467,0.008269751810011456,-0.002336169563657534,0.00040421974453856116,-0.0013542121659432743,0.0034008407290505
C002985,5.9809247008696526e-05,-0.016775884177748463,0.0009623393229618294,-0.015979564199771278,8.929024984198615e-05,-0.009667649406924357,0.00020834244856523807,-0.015220735285285827
C001705,-0.017953968206962635,-0.01518959026222663,-0.01836157425794659,-0.01597818486364906,-0.020550866930320134,-0.010203662692865824,-0.02133501701721828,-0.017783834854349673
C012682,0.010592461974027625,0.016853749215492694,0.010558512247720761,0.017071823378608256,0.015340351462020917,0.011589582125690579,0.013743648935477587,0.019682632443057017
C005494,0.0064364104583367185,-0.015011382776830203,0.00574985771734792,-0.014185378491577251,0.013483250431605498,-0.0018218518893375149,0.015032320681938821,-0.00690177336567238
C005374,-0.00258814790666631,-0.006328577807067617,-0.0022630461842476518,-0.005138871821461409,-0.0035904536369913203,-0.0003306874246155654,-0.0023064885577067044,-0.0010832745006289202
C005908,-0.00564599554961529,-0.0001454031713285039,-0.00481273896244786,-0.0028659640219324584,-0.0030886373781291816,0.0006223304480538662,-0.003996636491934044,-0.0001577094645651763
C003297,0.0032001250611798752,-0.009222166967598427,0.0031817179270265893,-0.006942689810043866,0.0018951758095284194,-0.0011048522978760824,0.0009788630679872896,-0.003397826661229219
C007302,-0.0023436020168031402,-0.006069168973603302,-0.0020749439879852623,-0.005233869023923309,-0.0033805884959841924,-0.0005442467399127152,-0.0021441467418953373,-0.0017065541061345674
C011815,-0.0037593249491894103,-0.002433794873090189,-0.0030496914057149245,-0.0020528544605822323,-0.0034587657663927222,0.0006333861946293196,-0.0026867139358886572,0.001599128750607805
C012897,-0.004886317672959339,-0.022628006091614826,-0.004658703630234629,-0.022293595930969436,-0.010690067851780125,-0.017034006105955832,-0.011070598566998687,-0.028479650505133142
C005864,-0.011198468072258888,-0.008510342224136175,-0.010686067919052945,-0.008736769463109622,-0.019893851100110996,0.0002642118439928612,-0.019687505331926668,-0.00037713933985572437
C012916,0.023196115502281865,-0.013169437979416165,0.021308642255486576,-0.012098851009353727,0.027866228387939257,3.421789649655352e-05,0.022961246197734552,-0.003971915841328102
C002770,0.010960020090029965,-0.005856249925873055,0.011008331979686292,-0.003928517207006766,0.01547296759595709,0.003609429935187003,0.014255727269525951,0.004745873747341624
C006627,-0.019029674038654153,-0.017313162016730985,-0.020565612257752906,-0.016625731327081898,-0.02337102445791731,-0.00840774762625192,-0.025481829951041958,-0.015969595623728492
C000083,-0.0010250203080875173,0.001781797971459925,0.0007204253825475758,0.002355643747447981,-0.0016402374007862155,0.002214913223969013,0.0013383462990615924,0.006535064357956691
C001297,0.008668102372885832,-0.008481506293377808,0.008459720063854691,-0.0084021625825454,0.015082444514183169,8.331507226872582e-05,0.01657736029982004,-0.0009652058596064122
C011749,-0.013832802531120354,-0.008776488036768344,-0.014756063568232614,-0.009212054391533348,-0.01532070048097574,-0.005355024950472157,-0.014137716460757576,-0.009021350773384357
C012094,-0.013626432074325885,-0.003213110164633489,-0.013122287949875968,-0.0058920894465547295,-0.011320629001243835,-0.002503457907740776,-0.011755559925568947,-0.006105420171571038
C011423,-0.0035885599144418307,-0.012834112760954745,-0.003366545567258043,-0.011314804729007604,-9.707525988664596e-05,-0.0016669157471979343,-0.0010437997887833555,-0.00378712951270699
C005931,0.02745358085729639,0.030912897681228867,0.02976305490271694,0.034694395676361275,0.0325607051726697,0.022553834993275033,0.03149227087448011,0.0352545623423865
C005578,-0.011698680563554671,-0.006291517274888732,-0.010497838341140717,-0.005774897627960586,-0.01847403242142927,-0.001578526899720104,-0.018549725692688156,-0.004239545411804285
C012071,0.010087344456841745,0.021241653814016864,0.009904213300836483,0.02086882543084196,0.006178884783402057,0.002781201816339145,0.004678078666270439,0.009923556042419587
C007089,-0.007319831332192097,-0.001898711927858278,-0.00575936550062591,2.3360576708975727e-05,-0.0025236020833118754,7.352076189139425e-05,-0.0006682518905425194,-0.00016816220559815842
C011179,-0.00720148912737324,-0.023398565054661962,-0.009108311532292256,-0.023326188894256493,-0.0094487196889295,-0.013046952989067256,-0.01204536202931898,-0.022430434839928473
C000251,0.02595570956837984,0.02257369808354348,0.028299288143230402,0.023874209736389703,0.030638155937259225,0.011688206646577388,0.03307790662187875,0.02294791443557866
C011613,0.033023175546027836,0.03956137351643521,0.03920426833316459,0.047504033233839664,0.036665261119594075,0.007685452311756167,0.04112987241491297,0.025358237579112555
C008363,0.016680527950959225,0.011282897688636457,0.015915728774628275,0.011428176575957329,0.013430190861193908,0.00047357200774090586,0.00961224553954635,0.0027817801671027194
C006312,-0.003217554919459034,0.004561555854539744,-0.004366182081055324,0.00487853907869325,-0.0029727565164747614,0.0035412589683499075,-0.004490337097692324,0.007943183388157977
C001558,-0.011757126204445988,-0.007946530027354903,-0.012846610290245643,-0.006645294559824564,-0.014596272271794376,-0.005567925749147293,-0.015572283491895003,-0.008642091220611943
C003947,0.000601699675633286,-0.02831686474632392,0.0003465987248620841,-0.02632341680452639,0.003997237465344495,-0.01602319484369447,0.0032801225957725224,-0.02863041196288295
C001831,0.021506078745698997,0.029612658512100397,0.023026738725334762,0.032138940207465744,0.025436279388011435,0.019124868120727435,0.02385657427547129,0.03498821224792112
C001513,-0.0034886820552157112,-0.006466145968153021,-0.003084555993047537,-0.005938645305264109,-0.0025578464696359034,-0.001013244193597911,-0.0031333986125906214,-0.0026754908374319107
C011791,-0.013674158833996157,0.015718311029540365,-0.014571874870949176,0.01325287666120991,-0.0150306485849783,0.00857130828172658,-0.01390027012618269,0.015730974957515256
C008419,0.005578851071228882,-0.01728855277813815,0.004767204144238132,-0.013628312037419807,0.01274161852219359,-0.004445102863047167,0.014237817625495268,-0.009966378913709453
C005969,-0.015705686769850635,-0.009488065282974628,-0.01685241643262914,-0.010482858143823007,-0.018310575695227274,-0.004552328992981048,-0.016456143574290764,-0.00927703913617833
C001511,-0.00039624482111617025,0.02307275009967297,-0.0003358094359196565,0.019228796693468848,0.0001655776606296925,0.0007195655351650231,-0.00021496888994889862,0.005103061047249304
C000506,-0.003300113892873154,0.013137331913116737,-0.003066026449513802,0.008527940525618508,-0.003973527983507185,0.0015727767894616184,-0.005842572220478187,0.005396117930099066
C003179,-0.01692771843200136,-0.005552971448960858,-0.01835133664843211,-0.005106234052010257,-0.021372206214497303,-0.00852506548530916,-0.023088924053412785,-0.012186624698021793
C007607,0.0072580026922397746,-0.011082027262887664,0.007326862874057154,-0.009440082582958467,0.011307560249158254,0.0011030862999427005,0.009342939668851826,0.0007655420796418247
C005624,-0.008216822613390448,0.006716121873996545,-0.0092345551110352,0.00791293592582619,-0.013114568866751974,0.009118492668667488,-0.013498233953832168,0.013628740003774984
C006676,-0.0061465987349043245,-0.003147719248267782,-0.004795483711051337,-0.0011084334766578957,-0.0034396607720152033,9.828106210765472e-07,-0.0019725288330953833,-0.0001272249520024043
C002333,-0.007135315295804631,-0.015596767551175313,-0.00736273441566666,-0.015661269394744565,-0.010102141477205038,-0.008878438759782635,-0.009411693190502904,-0.016983725667611572
C011929,-0.004539140591713241,-0.008177262955579835,-0.003923115256454803,-0.0074466743174061885,-0.003484427865593995,-0.0012149986525069926,-0.0040183808962924875,-0.0031453838775074836
C013086,0.010003977332478124,0.01178183697784875,0.010325879782991244,0.012570048830415466,0.013248553754542551,0.009645359685913523,0.012714483430111369,0.016198007657314707
C000219,-0.01268606902367471,-0.015051908139617822,-0.010737481387329703,-0.01411892385676081,-0.014533384471244002,-0.009764116338004059,-0.013201881043819029,-0.01653858562893143
C011658,-0.018609582387577525,-0.01979642524534943,-0.018903556301244625,-0.019345476352357373,-0.02033268620863501,-0.009914541908760588,-0.020684708976327647,-0.017489156475577104
C008373,-0.018322658375501396,0.009465087908314636,-0.018015524023416996,0.0071704682029635,-0.01719055077201823,0.0007706288182431849,-0.018390595574609654,0.0031850834891734726
C010372,-0.017615241888769215,-0.015673001569248824,-0.01895778076555481,-0.015926541434679163,-0.019265489410212125,-0.010346107209738463,-0.018972456532093347,-0.016376256171905756
C010030,-0.009506881391922229,-0.012567285209657407,-0.010497426043733877,-0.01332139627564648,-0.0068946580875227145,-0.00450008267455115,-0.0066331094230256855,-0.011017132421980885
C001083,0.015302805460863126,-0.007429593785201419,0.015126968519945671,-0.005602050215412567,0.017988230933220228,-0.0020993610404529046,0.015825898438582717,-0.00555089883287043
C000742,-0.018643113875013263,0.004440722030846882,-0.020219371352115087,0.0029333643765310897,-0.020781510131200095,-0.0016776907219627295,-0.020368854456464178,0.000152382972771323
C002790,0.003364038222023798,-0.01328550433172455,0.005453416626036469,-0.011876355119293193,0.004843211380802144,-0.008943117772697096,0.0045477182657545166,-0.013260285490454892
C011992,-0.007984333092933893,-0.00847870401796285,-0.009016140672608428,-0.006649963377912675,-0.0127713400467932,-0.006552897126804241,-0.013201112979036754,-0.00876809469555751
C008024,-0.007638743070306451,-0.004159587506497016,-0.008467793020869788,-0.006132518486129453,-0.008656672081561456,0.0004771385524128395,-0.010014200021711732,-0.0006623617020429473
C001099,0.02026273916449679,0.020355805060700418,0.02074181036561421,0.02080785173871629,0.02425214825833032,0.01077556202599466,0.02438157208507896,0.019208184076826305
C005481,-0.015518718310444886,0.006358176879845833,-0.01380469829817409,0.0031749509363760563,-0.017308334477602775,-0.0028203645559295777,-0.015386801095113187,-0.004601223334954153
C007132,0.027500860072479663,0.02882275434421121,0.023260391828850285,0.030145112661050927,0.029740781381840123,0.003626384315338169,0.0240143375017419,0.012976867626342772
C002016,0.027419587394477182,0.04209710050120551,0.022832707736933255,0.05604330247319304,0.029587666138712648,0.028652749185359715,0.023590745287724556,0.05724454442601594
C005071,0.0004078029123795077,-0.007456414981593834,-0.0001329155851977824,-0.0062642437359804026,0.0019608069575340285,-0.0006588049233604942,0.0009444941354089853,-0.0012151358658185802
C002326,-0.010158643471196875,-0.006295427744641112,-0.01072650218904633,-0.006656533370997644,-0.009571988569317185,-0.0040676903026060154,-0.00897272782254155,-0.006559197031824119
C000269,0.020323450719274237,0.029337033024391623,0.020533861342326425,0.032861801859354015,0.027039384256733717,0.019684021321358505,0.0252511455568529,0.034756240439323335
C007135,0.005550933235061087,-0.026893558154806128,0.005556215530325964,-0.02677464585888505,0.009190389807911273,-0.015144449651451408,0.006413769271545211,-0.023533595492236454
C012796,-0.012331619126833747,-0.001860077825886217,-0.012617307237067624,-0.000197167634960587,-0.020687581238452078,0.0009525823580308505,-0.020175505626306142,0.00017284624651724094
C005323,0.00912483637027155,0.016706218693377323,0.009073422113246169,0.015303123818293397,0.015334450206999042,0.011162738169168235,0.016765494884865693,0.019067301458982625
C000032,-0.004570472983918328,-0.005399542038457201,-0.003944898225976245,-0.005852887897409904,-0.0034872768465188803,-0.0001247317166326594,-0.004035126253841956,-0.0009572945836612399
C012345,0.012501176783152566,0.032317048858444684,0.012873261959403068,0.031884350180198306,0.01627317627754736,0.019373400163071007,0.015040519820861917,0.031508598916586424
C005716,0.002048704833786332,0.016026769895012994,0.00229286177893389,0.015699737478035495,-0.005887529782877337,0.003760327499043755,-0.006934795353536976,0.009357591342759564
C002378,0.025731250822338445,0.033485779502093124,0.026832228566311855,0.03709043257900487,0.031185449745778224,0.01350354492525263,0.028381787936624187,0.02652507282881337
C012649,-0.002814092318512023,-0.0005305303713981401,-0.0024306304406843506,-0.0033762654201633254,-0.002172740017322812,-0.0005304180943444569,-0.0030411135233346276,-0.0017609062396806024
C013844,0.01940713068737621,-0.01411708325237881,0.019840305237619784,-0.010411099098867052,0.023117773657084003,-0.00263942628438106,0.020657004122467747,-0.006828942295575165
C013857,0.019989023862253822,-0.014482300104580266,0.020858982077718937,-0.011363248952173834,0.024924454157013304,-0.0028143143349982423,0.023107855445616717,-0.008163340028831512
C003194,-0.006975077874546325,-0.002025697198607629,-0.005445108831178946,-0.0032146813704127387,-0.0024363665645026527,-7.553339492855385e-05,-0.0013727050115352887,-0.0006578298395330529
C001448,0.001208372661710306,-0.01987706515251407,0.0012020863244086163,-0.00740313934183008,-0.00032219533679729307,0.0003606756446105639,-0.000664935876482805,0.0019443618682539352
C013032,0.015863530666056926,-0.011558316284234935,0.01633737368182594,-0.009137389461750006,0.018143335233580433,-0.005379262818684124,0.013784274893405113,-0.010360342809937249
C002312,0.014417516508557477,-0.0021204342861153207,0.013393824853368801,-0.001482283460054331,0.02275419062627709,-0.002179015762451554,0.019826619883447597,-0.00129418257639361
C005647,0.02684958686657086,-0.00817313378696381,0.02812020563940688,-0.007115151263488011,0.03211869388089941,-0.006117131554467609,0.02976276215697167,-0.008071087053554022
C004456,-0.004468806635152294,-0.007807361305750354,-0.004316343304622003,-0.007817787233992556,-0.011614416155998328,-0.005501055003741658,-0.011601702191098935,-0.007494808038164273
C013663,0.004269809215209047,0.005868760996508223,0.003109555270685486,0.005834689230150476,0.00656400149470032,0.004629720876315615,0.004581969222196233,0.0069123055236554425
C003407,0.010606592716970875,-0.012554109319484646,0.010719712315469579,-0.011874924928773713,0.014706770607560869,0.0007031266042662261,0.014122718638884394,-0.0027078346311204572
C008199,0.003251453791139259,0.02896618348077333,0.0038644125907991928,0.023816951141005377,-0.00019803937892734754,-0.013724134426045373,-7.772782594674926e-05,-0.011248932888196601
C009381,0.005440260673969109,0.013883998904890378,0.005298824713523631,0.012938276860426456,0.004267369373926132,0.0008653827289161229,0.0028416475236231697,0.0034553839804623778
C001176,0.017504685525186085,-0.02781932506820349,0.017770787613873365,-0.017531110093567795,0.021577059195626927,0.0012694729286885544,0.020097386075227625,0.0020562384992249853
C002003,0.0008107660961220856,0.02355980734655315,0.0007861172459159776,0.02047722421451036,-0.00048130082254414883,0.0006740558477433112,-0.0008161422886601436,0.007785889463262605
C007804,0.013007623957146178,0.013931588895887564,0.012492656632062076,0.013501347059214715,0.01060258015539043,0.0008923363286503703,0.0074456346532388055,0.004089555112226757
C002311,0.00034025690631923287,-0.003841986380396586,-0.0005843929451333803,-0.005223800233904254,0.0036790122665135787,0.002571787028805666,0.0014974567670227438,0.0037179220017506064
C012535,-0.0011690526935507605,-0.0016377169546494142,-0.001115399019726071,-0.0016548520347395555,-0.0015878813253111434,-0.0003065111821470085,-0.0014192913823315365,-0.00163167540615924
C010705,-0.007437633483375825,-0.015090135455886295,-0.00798320194445335,-0.013826433211817084,-0.008897482431081561,-0.012436391310434702,-0.01054053615551711,-0.019546708538565383
C007384,0.006063465519443163,-0.0274317895621893,0.005661868483138826,-0.027331250669410525,0.008231004345131125,-0.02012298844746943,0.0067345452723028155,-0.030508345519960713
C011348,0.006380889526481858,-0.006129418918053627,0.005509027352272679,-0.006668658113047101,0.0075792405049498615,0.002585560029273999,0.00783335527546517,0.0009396700614314377
C005911,0.001933825528877629,0.006298351474761469,0.0015318406427191702,0.006425993768589295,0.006955258181980067,0.01494249067869421,0.006139528585490398,0.01950483499611818
C001761,-0.018531435288140927,-0.01183201406012675,-0.019977941404859346,-0.012505776451107087,-0.020761369256073237,-0.00993810124728524,-0.02027234817405727,-0.01570345310237001
C012471,0.0049792647756374065,0.0011290862228429737,0.00476779092600588,0.0014243509783481352,0.010122821314259607,0.006890475148314696,0.010087245364224551,0.008630408206455453
C007410,0.001194740559254087,0.020631992596786147,-6.35824759477944e-05,0.022353714204739007,0.009945259361891445,0.022603716433285816,0.00705591643618268,0.036228480136425996
C007696,-0.0072651092512483985,-0.0009925864297969773,-0.005705589651601398,-0.0032368077544450507,-0.0025699289647751642,-0.000166535224065578,-0.0007444271864658436,-0.0009099968684471972
C007349,-0.004600551977283888,-0.01400823992520198,-0.0053297581272420715,-0.013791524430022253,0.004603701628968015,-0.010469284767412115,0.0019104290584893771,-0.01663644393816671
C011935,-0.012677838249609356,-0.00795576529030928,-0.012620865051541374,-0.008766203416441699,-0.010810998991016457,-0.002384604726291264,-0.011637560775688923,-0.005970458680865105
C008509,-0.006891284701338487,-0.019594479340394134,-0.007436812187210906,-0.019744440272328075,0.001896792404338335,-0.004842944287319241,-0.00046647069317610833,-0.013147954714283617
C006723,-0.014072764672218794,-0.002639170498161238,-0.014961040377548265,-0.0015818442819999507,-0.018325502095324325,0.0010547985171787707,-0.018848981546341112,0.00013289413140105997
C006637,0.016903160605867253,-0.004866527721262641,0.013645993877296092,-0.004271085399591567,0.022735876802122173,-0.0014991744513477695,0.016976931874879985,-0.003937034403523726
C007745,-0.0031983464473168497,0.005066208296121135,-0.003974570307175381,0.003613022477095603,-0.0002678300495775792,0.00131653769143496,-0.00019871339172415183,0.00443353758935925
C012645,0.014715159849949627,0.034911712573580694,0.016146787013559684,0.03708265273374447,0.015078788973730037,0.022976799486991783,0.015042468964849407,0.03733226898489693
C008034,0.015311207502942913,-0.0010216801136287649,0.016750669768119376,0.0014876318790088328,0.0160599034104031,-0.003136653301403697,0.01585111045884517,-0.006371267229563304
C004985,0.0007166393060781937,-0.013539487825084072,0.0007641099446140827,-0.008796481225795658,0.000757762500720647,-0.000670083513475001,5.022575900659338e-05,-0.0021517863569401365
C004919,-0.010777224624129285,-0.0014343154688753487,-0.010652060301936675,0.0003094780060336066,-0.019785566782439794,-0.002273884003650123,-0.018884186724947082,-0.0035826218965964037
C008891,-0.012351200655082786,-0.00435555795636746,-0.013475274583947032,-0.0062082032657375065,-0.015445175016866364,-0.0005800693704845817,-0.01643394702687601,-0.002868423564685367
C006193,0.0003054676294821561,-0.006356315112031761,-0.0006000775702191949,-0.005219582437050316,0.0037159947616359715,0.0027197995427900197,0.0015767678254083295,0.0012845602280479533
C004175,0.0017825248264517536,-0.008506411478239644,0.004872978737941328,-0.006934816215827694,0.0045097163284778365,-0.003819177836207108,0.006321109649669612,-0.006818843269848275
C000220,-0.00032887891332985706,0.002470132969094534,-0.00036593581710760853,0.0020516147110993138,-0.002192068563158943,-0.0003002629051014973,-0.0016157036735829828,0.0001874962384472901
C001470,-0.0017999556114849586,-0.0025535094554517803,-0.0008663895578090164,-0.003010560164494255,-0.0036210563493135135,-0.0015590932519834824,-0.004466215588956212,-0.0025828246349576373
C012507,-0.004602163767122772,-0.004547578273113165,-0.0036916304547765077,-0.004317333949108626,-0.004307862114737127,-0.0002808482838861351,-0.002993508052068566,-0.0010822440353378583
C010621,0.019276511208013998,0.011284541932046808,0.019481258617452667,0.011713939057789472,0.016301953037731364,0.0005423844869390849,0.012388659336577346,0.0029516592672739006
C003824,-0.00235096899514178,-0.0093157599082227,-0.0024628446676746647,-0.007994247616862746,-0.0017800874199333271,-0.0005944297675372303,-0.0019840692475604775,-0.0017132508035050578
C013277,0.007182763435827617,0.02558710576452087,0.006616544838878128,0.025893709848401277,0.014073554681850604,0.018691242502440843,0.015633066550729765,0.02787701362201676
C012427,0.026766529208454168,-0.011571655747646467,0.027936011635306936,-0.010753826672358684,0.03184969074160568,-0.003382742698961436,0.0305568286775056,-0.006781857375064779
C012617,-0.0054346084101829974,-0.003651354051540201,-0.005115686792666318,-0.005658075978165473,-0.0027722296659117257,0.0011338478731525601,-0.003815856303444409,0.000780000997909096
C005771,0.0219619522164033,-0.003432227833158599,0.02223054655684773,-0.00310743815398017,0.028410978729335814,0.0015492017542058994,0.02691975580765583,8.045397511914146e-06
C013769,0.002224821545020523,0.03611214499098858,0.004451497230005132,0.04286537277746328,0.0032651857280246986,0.00449990606921202,0.003293113111741139,0.01843410178522251
C001960,-0.0056909460156950266,-0.005910871304931829,-0.0062366721800861166,-0.0065339051825412005,-0.003639673039289322,-0.007492197777515918,-0.004085446059201251,-0.010007868138001459
C000176,-0.010865019732750851,0.019283179033240932,-0.010894112797332463,0.019157003957368638,-0.009663691751841001,-0.0035146891459269564,-0.011210761340533875,-0.006604070972702959
C010502,0.0012104080947309213,-0.0004262370667090004,0.0008118285903955086,-0.00011013811540018875,0.0007853357271097454,0.00014870374425899767,0.0011968516584557876,0.001045659981967886
C002422,-0.0025244706834593343,0.0011806529407162561,-0.0017783288751132941,-0.0018170898219271728,-0.003348604253159619,-0.0003447800384710968,-0.004280842179522128,-0.0014684894722736157
C004599,-0.005430978867954648,-0.01496987865937423,-0.0038109901157039046,-0.013962829642008154,-0.006404728184628697,-0.007646980455623235,-0.005436765509695286,-0.012581758931694878
C005915,-0.002884570666886857,0.005377607022179122,-0.0025298690985828525,0.0036641000808920305,-0.0035524884908818715,7.418321149422487e-05,-0.0023748135542697984,0.0007846656010816273
C010447,0.012485038997316147,-0.03200718095847014,0.013397378322642848,-0.025911816851563577,0.0108708513323552,0.005330084293487383,0.009555625055172006,0.0011856871549679126
C001788,-0.016627197370470474,-0.02088815581819168,-0.016158762244991836,-0.021040242697211168,-0.015748306355269526,-0.010566278725319822,-0.016650808712290507,-0.019095481167563155
C007598,-0.0084695603019575,-0.011937365155383938,-0.008015944920838904,-0.010147593050710352,-0.006425654746160597,-0.0010010205184224604,-0.007792845019866079,-0.003774430328959505
C004996,0.0037239335227604335,0.0014540006323818416,0.0031001095512847286,0.001273838583201464,0.01046295268385631,0.01093658169642353,0.009074766764669659,0.012909365146110437
C005350,0.00026159511586298456,-0.0024677705757217405,-0.0005673573288875795,-0.003998515247179337,0.0032749063157102147,0.0022261514740257514,0.0011309443286185627,0.0036749818856004124
C011583,0.02185920722481119,0.02736350449883843,0.022969702143087425,0.02898638730520108,0.026471923196423802,0.012680056389565326,0.026060032247331666,0.0266775793909291
C000458,-0.005845090775167758,-0.01375789170518873,-0.006960698792444378,-0.012822400527556488,-0.00915558198929345,-0.007148669094007074,-0.010227561869096116,-0.012939994361205655
C006109,-0.013880507611616548,0.0004853856060158872,-0.013217296906259952,0.00041637666453561885,-0.013216856980599266,0.00035342442507939375,-0.01365013604040704,-0.0026396262282428386
C006653,0.01726283804610127,-0.008885476008338633,0.013699511823962037,-0.00800720522433537,0.02275004930374039,-0.0019765986083331057,0.016755307122693096,-0.004797916021529527
C003060,0.029968512188115054,0.005384203085220471,0.02191580444423913,0.004079520363281467,0.030084282992546986,0.00019818391568589974,0.021970528635458796,0.0016097651448510053
C004232,0.035810725906540074,0.03430455440159558,0.029062563736173552,0.034508319055484335,0.03375665899450668,0.0020238205634342875,0.026798335786673552,0.007721081524652658
C004543,2.0908510579511762e-05,-0.003616893519725515,0.0022946770298163323,-0.0023300380966027883,-0.0004232301220964291,-0.0003737997036181625,0.003236123891838482,0.0005895116104201603
C000866,-0.00803250055758365,-5.596616649258288e-05,-0.008320140891804936,-0.001038063878186091,-0.010900044308712465,-0.002150908935894361,-0.010249857215804417,-0.0028999969061785686
C013468,0.009530210892225326,0.0011934710620442371,0.00958330080156628,0.0019064703725041598,0.012684109500223724,0.00263226962723658,0.010835376700954675,0.003021858964281988
C003282,0.001937513054203031,0.007335713572997056,0.0010626051801856373,0.0009060148481010424,0.004769771717977406,0.0036897000210946757,0.0016792246725277915,0.001851434945464172
C007127,-0.004975810796070756,-0.004172956304286307,-0.0046960950089273415,-0.002580385838394781,-0.001946104620038486,0.0011747754873870824,-0.0027737228390576963,-0.00052388823532701
C010025,-0.013143186488629159,-0.008885635244322822,-0.01317408436496959,-0.008420393520566843,-0.019064861066997882,-0.0016431011357315103,-0.01989226709963917,-0.00371829896889671
C008041,-0.007265313431273489,0.01549711815504361,-0.005260268062536853,0.010758054104879818,-0.007385698349341271,-0.005289761226819635,-0.0075027485373890535,-0.006279896102598803
C009588,-0.00022423769660447673,0.013449826772934109,0.0007154189266461103,0.012557189249619835,-0.0002558083438322484,0.00804814536274653,-9.037738894327755e-05,0.01256655638852183
C008615,-0.000223441276776872,-0.018506761150487924,-0.0013963893589729226,-0.017682681991974897,-0.002362344960720288,-0.0039002301552454495,-0.003940612981343587,-0.006172678029807329
C012096,-0.008665520701491253,-0.0005263117374208569,-0.008977145723221634,-0.0018877635706044307,-0.010668213510011152,-0.006774534990090269,-0.010342966669980106,-0.008314834778489625
C009235,-0.0035764038616898502,0.024804716512503332,-0.0007366548777857554,0.023942450021751133,-0.005205272917892269,-0.006081699275134974,-0.003405030305442473,-0.0009064341248049699
C000590,-0.016615868527966662,-0.01809765467647222,-0.017100268879685084,-0.017056694285560385,-0.01897537192160916,-0.006899423645246149,-0.019678813174092175,-0.012991502887446443
C008082,-0.014808290932901053,-0.011399793087284974,-0.01611986136060602,-0.012461859066111207,-0.01884439580791714,-0.0036910361319690264,-0.020077258280995127,-0.009537101622612142
C002228,-0.0028450537847178824,-0.002176131639955007,-0.0024058661472050693,-0.0022064267150450232,0.0018015189838665722,-0.00011471968678275455,0.0016752784350192176,-0.0008930066219911954
C000940,-0.003847607255901624,0.023930119134003072,-0.003063214600462322,0.024259628477019485,-0.003057676987057571,-0.0017444735676252088,-0.0027605002140436074,0.001614595486309758
C001424,-0.012895064094148135,-0.005872056861033029,-0.013342137294580468,-0.0071215928957682785,-0.02014743548642647,0.00021927118841359632,-0.01935630538066762,-0.0013725825032462015
C002095,0.0046713675073494524,0.03588038303188054,0.0013083200026601585,0.04354048492676419,0.011279613681891842,0.005058596555234567,0.00626467031045504,0.020262257046294977
C001269,-0.005674291038773019,-0.004270059309202215,-0.004316203372747947,-0.004932965836507322,-0.0033220102695286223,-0.0002954160799649811,-0.0027777958016410565,-0.001202727459200711
C004239,0.00369447140400622,0.018337717416789065,0.003323192166994895,0.016430088675737687,0.00013231176746202354,0.0011959700409171275,-0.00043121227173988807,0.007518153779390687
C013733,0.003430654925371437,-0.0277446926440316,0.00328939126927839,-0.027850008110714922,0.006297040904210428,-0.01538150381445808,0.003369420590151494,-0.02488452591702424
C010999,0.03678057003486793,0.04768768408326884,0.0359078481870955,0.0711951689027,0.03540684063871172,0.03782215604806968,0.0314098133830656,0.07259608809539944
C000271,0.012937413546203702,-0.009014934895338316,0.011947466389911041,-0.008281107219380641,0.021399730456313267,-0.004962909990256253,0.018498903005779156,-0.008775226388549951
C013273,-0.001203005423194849,-0.004987685935006283,-0.0011545734486262129,-0.004357187825466103,-0.0021257588911999994,-0.0007648903295738814,-0.0011927152101009514,-0.0016196253065047515
C009987,0.0035392560452331963,-0.00708443176941157,0.003000897455561419,-0.006335459716386819,0.009355656482968797,0.004304575956434849,0.009346733471392974,0.0036977010880501634
C010314,-0.003925298937202283,-0.03159808944995865,-0.005799200650634767,-0.03353137026338355,-0.010070270371100271,-0.009590148093177996,-0.014735198315826054,-0.019062880208493487
C000253,-0.0038332564448553042,-0.006577466483993045,-0.0030914852422878987,-0.005755806813910363,-0.003511028975642578,-0.00033849032012673067,-0.002735630651758721,-0.001150032698748346
C009428,-0.004481025823255696,-0.005317254230066091,-0.0036145333914784634,-0.00012319585765611395,-0.004337285898079159,0.00010125806171867185,-0.0030148106050093553,0.0010677960905476583
C012408,-0.012049185980838732,-0.006727936026598563,-0.010085945152348723,-0.006187334932307318,-0.013903922426366806,-0.004437475878569043,-0.012527711814183183,-0.009736707845796893
C009196,-0.003066422304585949,0.031914116678218675,-0.0007024497647486469,0.03518174963181047,-0.004138364450012831,0.00510798703900466,-0.0031409703587379216,0.020168145194081753
C001608,-0.007498905086194631,0.0017032737350925781,-0.007743634419658663,0.0002737930103100028,-0.010455780256189822,-0.005520933940400694,-0.009758491146945455,-0.0059878303607625505
C009456,-0.01707451182374198,0.0029388593033037465,-0.01814979823559758,0.012116280609522967,-0.020006805289811816,0.004787294526917983,-0.019990110699932707,0.007538708524366337
C005906,0.010686108819034765,-0.008251887418194711,0.011064977207550897,-0.008117396132442818,0.014252406484212974,0.001138696868949547,0.013851348271171212,-0.0006928506042757199
C002368,-0.001547311746062041,-0.017227706423051655,-0.002476164913424216,-0.016660761684856168,0.0019627768312986036,-0.007329626446744671,0.0018285031709663721,-0.015143857808385038
C011111,-0.0024032713159177575,-0.0030251459452306484,-0.0019536445685699945,-0.0025473370509870308,-0.0044977066284686085,-0.002150767357959286,-0.003665418807556642,-0.002155798535030967
C000227,0.01184468735544579,-0.0166139608596648,0.009347051762620141,-0.015954831276756353,0.01850470739977,-0.0029535606775023693,0.013651842645451353,-0.008858154975332462
C013671,0.01072499383702066,-0.00553194833708053,0.011107381156061531,-0.005568684189712715,0.014350619928419192,0.00012953479800285197,0.013930593387345747,-0.0008525847299890128
C002338,0.008396920158198843,-0.006667238945235045,0.006313258129711147,-0.005404084540461493,0.016075355705333652,-0.004542826145021367,0.011915937746141112,-0.006267269892723569
C004328,0.022999911119809802,0.018017739197941418,0.02466154125256759,0.019271612694496586,0.02729992398847853,0.008532025889218822,0.026776096815154044,0.016322911388455305
C010629,-0.003361894068282358,0.007200982894773976,-0.0029715120825892353,0.002500288474180492,-0.0030054458816400078,9.039193446233136e-05,-0.0036106394976892233,-0.0007455644890287897
C007664,0.005508825142278029,-0.016074336684734652,0.004668716072760877,-0.010809217882040619,0.002967722289261863,-0.0004562527934917956,0.001163425597655805,-0.0017659031910852666
C005938,0.002245206588777054,-0.015464591357574047,0.00047583700877786017,-0.014664190426915696,0.007573461057432194,-0.005989858467030924,0.0032437500143451393,-0.011661364088661958
C010441,0.03434160484372434,0.032835390624717894,0.03633208370594964,0.03764023307890546,0.03697298963259775,0.01196607509982554,0.035786356451267834,0.025476887720524553
C002234,-0.004554766242374255,-0.002384347061399191,-0.003933859230976085,-0.0038936050390097022,-0.0034858400123383908,0.0002470080707952895,-0.004026698958368425,-5.859250372445626e-05
C003881,-0.014419448940418649,0.010799406659222495,-0.013783746726763864,0.009642766480590714,-0.01374333768047545,0.006432386994298758,-0.014260911228098017,0.009489538372195766
C003047,-0.018531527182567877,0.0012228689389861367,-0.029640357641222255,-0.003558588272763441,-0.019235359160769246,-0.006552061587313287,-0.03218981973812584,-0.013070125470710101
C013927,0.007030587956296605,0.023600789672604726,0.008028007803646134,0.015426333402847657,0.003282796967594571,-0.012658127315547465,0.004460764648845195,-0.011052348606912432
C008532,0.004383809228470482,-0.010666519401188705,0.00401751443365078,-0.010846304342933816,0.009826406264034315,0.0007990257253652762,0.009869072468609403,-0.0008884038081199136
C006564,-0.0013793134685678465,0.024888428142790898,-0.0012940077273263467,0.022717586710145583,-0.002336169563657534,0.0013194048500644515,-0.0013542121659432743,0.008709034032012598
C001089,-0.0016864542777236488,0.014784553530738013,-0.0017468399477671439,0.012986143470852196,-0.0010218405077188435,-0.0006906410110037194,-0.0008523856356590033,0.0016106658886832252
C003600,0.01877545108447594,-0.019178293532597056,0.01911978939886728,-0.01411579227817232,0.022000913725216745,-0.0023882487287692155,0.01899819116433707,-0.00624883186869231
C005433,-0.00787262358966705,-0.0011048696214193817,-0.006414668060730307,-0.0025372770279940247,-0.001816482897286185,-3.4859885912404125e-05,0.0008074721971910542,-0.0006863373425124318
C003899,-0.0017283658614705335,-0.01270875640395592,-0.0015740947844416773,-0.006672337483956987,-0.0018040321860340004,-0.0003839985105083029,-0.0014606347993109015,-0.0010081010125974198
C003170,-0.01290496938743693,-0.017139069839635913,-0.020118268098064565,-0.01664445367764182,-0.014952553662496215,-0.000668384753568681,-0.0224593496277323,-0.0036523978434460113
C008330,0.003302734035435752,0.005445067262024713,0.003011464337803773,0.0051994150444137684,-5.7435674295319946e-05,-0.0005833956616860672,-0.00048043964395803765,0.0003713192229096914
C008528,0.008937783520110851,0.023711181953654577,0.00834877341406184,0.022073930302269788,0.00936383501421948,0.0020582250266329085,0.005707517425068468,0.008284161124249338
C013814,0.01309263273582984,0.03133662321863054,0.012802364956341102,0.029136897232080572,0.014921538105741183,0.016536911934545824,0.011141210116633084,0.026461864782362517
C012448,-0.018896873200279263,-0.006631080895685621,-0.01900861929271915,-0.008441509294194008,-0.01847259589887286,-0.004297177880046302,-0.01930002261601377,-0.010042383639925758
C006270,-0.01714420016862592,-0.018103169479764408,-0.015802683945595763,-0.017785673051097156,-0.01829668794052691,-0.01225650029143874,-0.017579638793277598,-0.019954705261257095
C006124,-0.01678079251829083,-0.003861223364011887,-0.0158915478453105,-0.006265256669955917,-0.015626328790653156,-0.0019354388170080906,-0.014968718961511761,-0.007213582730465412
C010582,-0.0019530851186015294,-0.01969962123272097,-0.001836047666833574,-0.019594438797433708,0.0014846665009112564,-0.007531488572653558,0.0005417697551613641,-0.01449096391383119
C002518,-0.015253610928336249,-0.009975406277080807,-0.01629182730697215,-0.00980647355077275,-0.01855336358810978,-0.008547820445009171,-0.016628437716136712,-0.011734323622860632
C003238,0.013694464414807359,-0.012008382861762881,0.015104154625786128,-0.009141691134148072,0.013442729032521965,-0.007338225185981459,0.013700737740813318,-0.013989844996304129
C001848,-0.0039250265082488274,0.005278214128016056,-0.003142910581257793,0.003009459078329873,-0.00356614476274808,-0.0005782832312785093,-0.002790332615926975,-0.0008953380196132911
C002165,-0.004677525008775813,-0.0016852417360324347,-0.0038234996438399156,-0.0021844386356293906,-0.002138743665895084,-0.00010335091662800148,-0.0006097332562499883,-0.0008626037944861667
C011989,-0.004601372669969708,0.003939927876553325,-0.003967521061080688,0.000252290445849254,-0.0034898643699354005,0.0004337554367387218,-0.004052202262818634,-0.00046594856614516
C006176,-0.0029985858466431248,-0.003958601192496387,-0.002561427872773829,-0.005394378197764579,-0.0031853814192892294,-0.0008832034549358543,-0.0038756434029965274,-0.002529126837263433
C011796,-0.007165045581931326,0.021653540068439177,-0.005360238338915102,0.021423483098655983,-0.008428336745388374,0.0056478751652111825,-0.007238874290446774,0.014413635494893454
C004107,-0.000919179478427975,-0.014360436032513673,-0.0018959346581532077,-0.014942715229076118,0.0028292426702866574,-0.0032098589442323892,0.0026835865749998593,-0.009818133693833983
C006247,-0.018726219929349783,-0.019787846762444817,-0.01965849487054005,-0.019965249030216337,-0.021258885413135194,-0.006515561568126965,-0.02189236286225896,-0.01544465277365243
C001736,-0.010597398149346618,-0.00890495243606162,-0.01060212889904678,-0.008497921615958083,-0.012361906928403379,-0.00850210913328659,-0.0141072310788868,-0.013628963868532509
C009210,-0.0027823392631477926,0.013522596179236158,-0.00045263823037842836,0.012533047097931396,-0.0037935677295915216,0.0079161881215035,-0.002835404915042492,0.011153358868531405
C005642,-0.002241255122337509,-0.007872041584420574,-0.0021387245268549944,-0.006766335602714943,-0.0017755240589722961,-0.00047090837905469646,-0.0013686230596078775,-0.001479134822449888
C011673,-0.003993864016324302,-0.002481629287544779,-0.0013595830586466534,-0.0008407178637313012,-0.0029618196254387707,0.0006655837083089977,-0.001745377778145379,0.001992714059700499
C010692,-0.0026217328608531287,0.0007031111156668043,-0.0023714857763098072,5.950300945850747e-05,0.0007894075148929382,-0.00021923812212529544,-0.0006959082677240566,-0.0008760514955346313
C012909,-0.016121808131282316,-0.0014420073953831827,-0.014890410183302222,-0.0016888049310700166,-0.020893121803549585,-0.007012924577826646,-0.020701550967166492,-0.014106076919918976
C011418,-0.00011333958683588179,-0.004510953898723826,-0.0007562147478916533,-0.004981948715552348,0.002541487491646001,0.0023932417028432757,0.0004161360481810801,0.0034270378860902896
C000704,-0.0048964722671901925,0.017689478973844996,-0.00465199430163887,0.013160697263570833,-0.00981123727913848,0.0015401623353188372,-0.01055689286039571,0.008700326221213125
C013609,0.008984156606089757,-0.0060568560730345136,0.00896294107599157,-0.005601839269559088,0.015275601834938098,0.003965965756949734,0.013174621919212554,0.0029458027733443993
C011533,0.01082408105245113,-0.021348708211003087,0.010717552006029384,-0.014959196665394709,0.012951521877231873,-0.0010386705110044109,0.01215646816915687,-0.003135931215649989
C007869,-0.004975810796070756,-0.009929243965404724,-0.0046960950089273415,-0.009812706210815722,-0.001946104620038486,0.0006165792619373449,-0.0027737228390576963,-0.0010194868342857783
C004254,-0.014419448940418649,-0.0010717947594195804,-0.013783746726763864,-0.0019578448981645543,-0.01374333768047545,-0.00214545693842887,-0.014260911228098017,-0.0048481938102411335
C008148,-0.013275677759677388,-0.005392818391000159,-0.013853118874152652,-0.004391130140183918,-0.019813275189456657,-0.0008533188308203617,-0.018810887044177892,-0.002286726367485808
C010618,-0.005140353599680154,-0.01870093992637706,-0.00469510382546343,-0.018594587083374824,-0.0031732121978092402,-0.005948754789824492,-0.0034863513364335875,-0.01284565834386505
C008355,0.009371259452805397,-0.010180933863009597,0.009656745182957824,-0.009628439122299402,0.014772607523312078,0.0028647100330275593,0.015556974845728284,0.0023175047662432097
C002807,0.009549415539886991,0.0010332069998873485,0.009353058822186365,0.0022718316872453377,0.012359409803122301,0.006863766477745023,0.011342051810711401,0.010275301538179816
C002245,-0.011905078695040856,-0.011980249475316031,-0.011691230520184049,-0.010565920440554412,-0.011646402741351085,-0.0014914834313364703,-0.01306220901903724,-0.005333443903524158
C011380,-0.005007165196192689,0.0016251285626838969,-0.005662602461955154,0.0005723230245377914,-0.002714856332097016,0.00013748592683106013,-0.0024025986609556792,0.001673954166668815
C012759,0.011560664384634602,-0.005014770353015129,0.011150077725276583,-0.0032469517197096626,0.009084642744115743,-0.0011730603527871312,0.006718244588331446,-0.0034883047385246874
C004550,-0.014611774313897269,-0.011243745553627916,-0.015478432413087953,-0.012100023826576583,-0.014627610910099563,-0.005141022392455683,-0.014168976663640667,-0.011314047935297396
C013315,-0.006666498362462919,-0.009083865291307225,-0.006048666793441924,-0.008892784211397999,-0.005072765771386688,-0.0012103189886972432,-0.005672804384413799,-0.0032654265122834376
C008842,0.005596795591644946,0.02087823645246971,0.005400981541559956,0.019315911500670854,0.002191142197156841,0.001886275472458331,0.0013567777676825956,0.008324191782168531
C005397,0.0009141130172774845,-0.015570290930506443,0.001709891033340732,-0.014753862905056007,0.0011382344355375343,-0.006375646440585341,0.001111794791539575,-0.01092980469219757
C001277,-0.00802838031892789,0.03310589753979986,-0.00522983181310924,0.0376001968940949,-0.010293324488651041,0.0055228269681088385,-0.008560548661612731,0.020195260062747588
C006943,0.002264063397788221,0.009849085367749654,0.001194486197859259,0.004363256764730865,0.006593565478055277,0.006237184485926014,0.004535774211585836,0.007270992033695582
C006529,0.0077321476653000295,0.010179606026307499,0.007800847505867525,0.010888537589671714,0.012003163781824184,0.012008047399651374,0.010042634274962554,0.01946015757257308
C002172,-0.004468806635152294,-0.0058446350877272265,-0.004316343304622003,-0.0059936901658466405,-0.011614416155998328,-0.003923505630971346,-0.011601702191098935,-0.004815478749636594
C007228,-0.0033560102783583867,-0.005780404082789592,-0.0028378740432231458,-0.004450493455597164,-0.0041569941867552595,-0.00013490857281875704,-0.002765556750625606,-0.0005282487205478651
C005671,7.059691333431295e-05,-0.007917849405575515,-0.0006618093680128918,-0.007511050794968313,0.00290908126789496,0.001501347803346913,0.0007447889944651751,0.0011546783691057847
C007466,0.040607491232186994,0.02009779443495047,0.051438165094367515,0.022914300331461405,0.039620980359085706,0.002233687369908655,0.04718365217404417,0.008619362655066994
C012413,0.015614712443858193,-0.010646970904863995,0.01160864445745212,-0.009274955920695292,0.020461272926042256,-0.0006279451103009486,0.014040507668269144,-0.0015918530441403466
C012754,0.01396524494548922,0.023079538353512775,0.013726858990601595,0.023154139442364653,0.01466596012864806,0.0054173252645098565,0.012040918611272157,0.015297672961131305
C001201,0.010924346391566546,0.02064445024930604,0.014490966707495796,0.021041540356608334,0.011785724021530598,0.016345139229510298,0.017674860868046212,0.025961409681003342
C010740,0.027132305231029115,-0.007459051581951486,0.02205295481920877,-0.0064885899370227575,0.02920002949917863,-0.000520984865216668,0.02284101569104862,-0.0013241023447522406
C012559,-0.014186800613058114,-0.0019350683900301662,-0.013066977498185493,-0.0026935762344332094,-0.012898592752091624,-0.0004489693991344143,-0.013656347355846886,-0.0002431533122504142
C005783,-0.006262820831134704,-0.0010997996518324906,-0.005726221486812908,-0.003699761874234697,-0.00501212736551479,-5.6228167000873204e-05,-0.005646212238427008,-0.0010904782190191923
C007568,0.009530210892225326,0.03716045793353919,0.00958330080156628,0.04679293418599029,0.012684109500223724,0.02185802603104758,0.010835376700954675,0.04687508615538048
C007471,-0.0009395423302950965,0.011384671544474671,-0.0003023894965875265,0.011219119073791561,-0.010512861445994226,0.002404671337679295,-0.01084384669198385,0.007474180102816094
C009585,-0.0068717566870350535,0.0019470006686584914,-0.007694615984465373,-0.0013569191951732762,-0.007375500332570883,0.005149495837456576,-0.007629903122893399,0.005583124287888648
C007378,0.003379006877743999,-0.0260758601955566,0.002816016629719038,-0.026385617646811143,0.009894366869098841,-0.023435568875431644,0.008658589442933635,-0.03591220209765403
C009007,-0.015971441118849565,0.00682196314605357,-0.016402107599510017,0.004837205554036944,-0.018035107693241605,-0.0034020829757073754,-0.01861847180265494,-0.004738473002998334
C009949,0.0024578982362521117,-0.004282820137149449,0.0015496534620651275,-0.004651118946683359,0.004491737921693174,0.003166968455217739,0.0030880681048298286,0.005412335299555608
C010160,0.0004069166013216653,0.015814599711069428,0.0006867707474613789,0.012715183062546263,0.004149648166561489,0.000882318616873726,0.0024185656586455427,0.003380240990819667
C002067,-0.01143882136723776,-0.009944224664342815,-0.010666324851637632,-0.009057698428036783,-0.019680223471384137,-0.0023632067642172256,-0.019714104467165303,-0.005774253936718992
C002107,0.024069956510199133,0.03843144724499363,0.021990072621768816,0.04935675475647007,0.028318299119969664,0.03233015425913496,0.023336391286053818,0.05813940963736174
C006658,0.003349178700222848,0.0023128718878007767,0.003206948521350664,0.0021796473419628793,0.006189870471743386,0.004517232884136509,0.0032634413770058603,0.008808957618000336
C010803,-0.011510932882350191,-0.012030656289238616,-0.010643796361855262,-0.011740550337526055,-0.019467664529315507,-0.0015176756392108887,-0.019558610193372346,-0.00315950355167513
C006460,0.004853357019822096,-0.011559406308789315,0.004219675132432547,-0.01086593250255933,0.0119601438251948,-0.007627730070576242,0.009603345161414088,-0.012334794252914559
C003660,-0.017641273720447156,-0.019515627525268354,-0.018289001792374228,-0.01971576007892335,-0.01905997904131805,-0.007249362996484457,-0.019134487800947703,-0.016236272330677332
C010347,-0.011624607741570613,-0.019984168164495893,-0.011887781571852461,-0.0202424154131235,-0.0059069579640435126,-0.005850300235275031,-0.006715718942914903,-0.014442574865201736
C010695,-0.018155937752910203,-0.0077184515583725785,-0.01963344508241895,-0.00831254822893925,-0.02002343420908031,-0.010081870164043832,-0.019722972971013334,-0.013950643119197166
C000842,0.006611198660251973,-0.003855156131516195,0.007236625317725815,-0.001861092862311434,-0.0015639056028322032,-0.007193325851485399,-0.0015228744977083856,-0.007984574059773278
C005738,0.014628767228238611,0.00958514491890283,0.014412445199278059,0.009961475056135668,0.016504955523218644,0.0002912348840155007,0.01399236955985053,0.002467540317687555
C010048,0.016279089312248515,0.032800377778245064,0.016635404005210484,0.03157932734984187,0.021202222275658697,0.017887757202119083,0.018842520516845283,0.028802685197046162
C008542,0.02256909175704256,0.014338741157999069,0.020836562575270598,0.014944478640370646,0.02757657899630599,0.0016135699114565288,0.022803362474847842,0.007903917393097768
C011605,-0.01810611523305479,-0.003907488923561861,-0.019363437534634785,-0.002782953955268654,-0.020552267868056903,-0.002079582389517273,-0.020239546675889054,-0.0014834406779283694
C010419,-0.005711664242965467,-0.005475105144317205,-0.006276479416235648,-0.006056122626316604,-0.003206474890290906,-0.007695529199346589,-0.0038424423321574324,-0.009939192954605448
C006588,-0.007641877307687677,0.0066648251023752525,-0.010207102107549541,0.0044527064367682005,-0.011743718527278641,0.0028105780015876924,-0.01390280735266515,0.006056418210390598
C010218,-0.004869392271096953,-0.0037227582055160613,-0.0038621206396044026,-0.00568935322208767,-0.002311312987457043,-0.000505425145492983,-0.002426305308411953,-0.0017849427082487956
C003591,0.022773090262805176,-0.0013510208223222785,0.024407213332691358,0.0008074643674505122,0.026989565581481276,-0.0008624516491264234,0.026300226333260113,-0.004101674101270537
C010673,-0.01668673346634409,0.0011783159682052264,-0.01580523759344749,-0.0022519931749364263,-0.015399236034360895,-0.0012979586391681248,-0.014728703951445264,-0.005745888451810145
C003245,-0.0020888601126010436,-0.006260152724317844,-0.0018736230358422942,-0.005358064719342699,-0.0031361744719084943,-0.0005763836040182367,-0.0019624117948793735,-0.0017520483129716956
C013338,0.002136664850767064,0.010608276433763268,0.0021177917123120747,0.009403178895424911,0.001510888339443277,0.0005194989315439984,0.0005714984191314449,0.002123994382998506
C013918,0.026894786615068812,0.03557440645837033,0.01777709448552081,0.036102614386920744,0.028056878869670888,0.002357039399883262,0.019441534620431175,0.009458935624612017
C001580,-0.01072190745319056,-0.01245423964891629,-0.011319276487761426,-0.01299362788458463,-0.010362559523177607,-0.0035505336977161737,-0.009735691576528357,-0.01002456751911537
C001403,-0.01671345838255028,-0.020287294112163498,-0.017170752642636337,-0.020597757993544547,-0.016903561301548534,-0.007015305687359713,-0.01684066715254482,-0.01601377513283565
C013324,0.006737391059174162,-0.01584285991872877,0.004912457801355265,-0.015338658151416107,0.01483298062921665,-0.004616039092739433,0.011221140393859748,-0.010644099749415457
C007053,0.0038338235281425094,-0.00948261648000815,0.004842254135343136,-0.007185565887147539,-0.006303844938797998,-0.007979161974616247,-0.005461023984904505,-0.01009457072898405
C007950,-0.011732493379857007,-0.0001558564613406014,-0.010439504355008743,0.0005274205403772491,-0.018200917229313295,-0.0024173091121268077,-0.01821373205446958,-0.004851968246255509
C001261,0.02114451799318529,-0.01805169655892016,0.021835056411681916,-0.01367443139725123,0.023148696139619278,-0.002818200689557697,0.020054600079504038,-0.0073037124518854505
C006722,-0.016589728937333802,-0.018470094095144676,-0.015716883723045146,-0.01798176334319964,-0.01516708505689911,-0.009003171615719025,-0.014486556346292312,-0.015514559433432287
C005672,-0.013809043585135667,-0.01533236455964492,-0.013137045174528074,-0.01561057719850425,-0.009993376858882798,-0.007164876052282243,-0.009859287268049995,-0.01422223787707014
C004387,0.011152429360750803,0.024472654285684712,0.011676309176603087,0.02453426719451005,0.013125256510130261,0.01033420283123668,0.011474641194653001,0.019258674691182472
C009819,0.012582249545013168,-0.007147083711979981,0.01297634737094253,-0.005762418826348519,0.014928807088090568,-0.002261631405698996,0.012991983574183115,-0.0042098879039219736
C001892,0.0072775181214781584,0.02804099897978615,0.00687738911347108,0.026481943027889435,0.003486869702522545,0.0036761494565914128,0.0021612654775117444,0.014555181062412763
C013537,-0.011347531777454027,0.017065914687382378,-0.011310632995288474,0.01271209221655682,-0.011142338953710595,-0.004669457691245258,-0.012851965367251195,-0.010122482632140549
C012821,-0.00575836971801155,-0.003012444045454485,-0.006338178849339602,-0.005213370357141899,-0.003184688262687044,-0.00016250067131362073,-0.0038112169664471346,-0.0013818605951475035
C004714,0.004196486873026591,-0.00025988575755042176,0.003457455399078504,0.0003004286714940459,0.00516265602461441,0.0017213038057623364,0.0037023207111503507,0.0030874537631892336
C001121,-0.002362023047862439,0.010810974726132832,-0.002048623349503124,0.007971172803667747,-0.00035576522595085863,0.0004942608950397425,-0.00023945134287295188,0.0017547920109089899
C005060,0.010695126711002452,0.021229271551126486,0.011057368512993488,0.020939294861061858,0.014792947174506535,0.010147581070486553,0.01404369116363774,0.019089602120901442
C011288,-0.000890924481823794,-0.01396264800548217,-0.0008004860525480953,-0.008139769618006415,-3.885267221540638e-05,-0.000501412255120551,-0.0002744573678282614,-0.001410849173348716
C003775,0.026534745430272125,0.03637187062836788,0.023715121452411454,0.04446188829041778,0.02961040618400197,0.02002419219442721,0.024663407240738046,0.0419698238004502
C011816,0.003986123618645898,-0.0035041625687061884,0.0035576944233198667,-0.003037280080505701,0.0003108739825220778,-0.0015957793320065608,-0.00035697171560321886,-0.00309686194692217
C000261,-0.003894498925520082,0.009089949674469501,-0.0033112972104465516,0.004284636546817067,-0.0016359261272473385,-6.63256502534933e-08,-0.002363907492530412,-0.0005115593476507699
C001301,0.004230555289045248,-0.001618372941663364,0.004123620481791969,-6.292387896364909e-05,0.0024917947682891505,-0.0038739641045919017,-0.0010460220771229662,-0.010509306956033668
C011404,-0.0014722944499961977,-0.004600839530804308,-0.0012827434161376359,-0.004267457336053727,0.0017535093737042714,-0.0005237425118835703,-0.0003064320272849467,-0.0019029945330524217
C007499,-0.004862528731702395,-0.0022397353360008258,-0.0038562742355221645,-0.0038423368701031497,-0.002315410304939083,-0.0001964062296531808,-0.0024316157338753874,-0.0009004603507428205
C004043,-0.0058463228661891345,-0.019524261280360108,-0.0064797377364553856,-0.01975530911629577,0.0032218471044532858,-0.005441266459943606,0.0006653549665980133,-0.013629172224317334
C004838,-0.0019988937405041873,-0.005564927480032076,-0.001741304186364851,-0.00453621537269229,-0.0031912230524566852,-0.0005462090205670665,-0.002267728347114497,-0.0019493314219368742
C007895,0.01835465596336488,0.01852677642203787,0.019879426563044048,0.019825776516150494,0.02114616908235792,0.007764734902122173,0.02021671689531714,0.01689860456459317
C001465,0.0013873891202477984,0.007196486295250658,0.001380928816492616,0.006465873558386042,-0.0002756399118750959,9.704737443284459e-05,-0.0006056792841162392,0.001243036680074523
C000676,-0.0014484950922781408,-0.001877719178873809,-0.0017496232070360557,-0.0008552092951009387,0.00042052571306312085,-0.004057548288196767,-0.0013791050738473178,-0.007007323272412836
C005101,0.00227225791183882,-0.0004652233887679918,0.0015253676643393638,-0.00014759943529683302,0.008514313174811874,0.004139741494064523,0.008128064997011552,0.005639750743048393
C006373,-0.011289180921033062,-0.01666680466269501,-0.011104840286772295,-0.0158258296012495,-0.010566342949228574,-0.001840859170286446,-0.0104608850165565,-0.007493892333391072
C009416,0.02309897702517148,0.013369843569590735,0.023681321456932167,0.014370833690434513,0.028642290805631968,0.009843244477965906,0.025936233121081665,0.014276442609063213
C001142,0.00023389455831344962,-0.017044768404583827,-0.0013149495872050816,-0.016533270253226356,0.004335792475651289,-0.006268983141247772,0.0005585808489722424,-0.012585087178271974
C006733,-0.01742940868262184,-0.0132735218446639,-0.016212452094005025,-0.013340697699875179,-0.018380124228680732,-0.01038063951700832,-0.01776532028763478,-0.018079148372642892
C002297,0.012654517151801152,0.024282157831179423,0.012298910100571221,0.0226225456722209,0.013917589236552235,0.011815129061527499,0.010185022195326148,0.0208980593062538
C005759,0.007926201699735744,-0.010805118595225953,0.007567064027203891,-0.00937987306921144,0.006915384710204296,0.0006189308257481254,0.005762266484805902,-0.0010423526315977108
C012429,0.009811750861377602,-0.026341957561192616,0.009047379069823284,-0.01705232352972167,0.009996232110944072,0.0013142018419159617,0.008203223775778055,-0.0031883333857711197
C003735,-0.010695212846408585,-0.01131209402558582,-0.011613353901643668,-0.010823657264650247,-0.008706687448714308,-0.0005463943922546312,-0.008336360217696041,-0.004221879477148474
C006844,0.00024790234964863886,-0.00473734800655385,-0.0005735936926667053,-0.0037898282996306847,0.003247130286068772,0.0014679688429133702,0.0010987292153772626,0.0005571619183879433
C007541,-0.018597240460545915,-0.013555316721908765,-0.020103803632952298,-0.013473868208946669,-0.02077764768072826,-0.014031798567031763,-0.020309652044247777,-0.019269609146638812
C013827,-0.01750532726332181,-0.017336351017180042,-0.016562806690101517,-0.01739952493005677,-0.01764411378711853,-0.011740859468774739,-0.01713225856352532,-0.01985571084625188
C003370,-0.006022000032195726,-0.003478977300120397,-0.004708411421084161,-0.003626437421722109,-0.0035242780605832928,-0.0001412898300620835,-0.0020872860724921332,-0.0008671122209189697
C009689,-0.012507379347245046,0.003534867212733969,-0.011951854948980472,0.0006367967640606788,-0.01218088402478922,-0.0010721264677937326,-0.013240969510707835,-0.0017114206498745996
C003522,-0.014920779816919538,-0.006972058629186674,-0.014310027692518299,-0.006579393301227587,-0.020769572460228574,-0.0010331960079562278,-0.021234324792156024,-0.0027718487296234775
C000454,-0.014907705004452359,0.0073667505471060836,-0.013114652313504028,0.005397552930356464,-0.016546250371319494,0.0012578763410610373,-0.015418416086029577,0.0007697422197575274
C008436,0.011165449557479468,0.012276732783134401,0.01081833899992079,0.011981351432076348,0.013225410750445603,0.003101293684302496,0.011225125508768778,0.009291343159143034
C012550,0.002896415073061342,-0.014024218833591028,0.001290805667902105,-0.013037374943740375,0.008905188934431532,-0.003994586225490811,0.004061177074023722,-0.008299972125017282
C001141,-0.002927086010314378,-0.0027745472602554505,-0.002678373648640221,-0.002904143929507413,0.0006075129368446629,-0.0002259067469827931,-0.0007577389169050162,-0.000771694010460941
C006484,-0.001087488624773976,-0.003549062469745966,-0.001311186547772977,-0.0032182177082853234,-0.00021889560671681455,0.0017221063781570755,-0.00034196097513738033,0.0033932964816279047
C011905,-0.014866457455923108,-0.0009411272146296383,-0.015970986815551855,-0.002931644539324891,-0.017215978052018677,-0.004528936981247523,-0.015668904590601333,-0.004295295055284517
C009665,0.013338292607701047,-0.00992205727296112,0.010726298335502548,-0.009069971054780863,0.01975601144352184,-0.003951497528970827,0.014654344357891863,-0.007916962363812641
C003949,0.004578355326400149,-0.017019636943056592,0.003968436030473088,-0.016850187723073895,0.011572120179469987,-0.002529033813691842,0.009248032901926119,-0.008943486844355536
C006203,-0.0029245711104334948,0.017728433836908107,-0.005356289193095789,0.003985034288946636,-0.003978745961567812,-0.009558383585240443,-0.006637605126706916,-0.02117738313215069
C005455,-0.008469552848949149,-0.012948829077687787,-0.009511245313079654,-0.01268406651291039,-0.005322659107102831,-0.0027787921196396437,-0.005164630743095937,-0.0066292491139935406
C007086,-0.01854623248650872,-0.015475961303095713,-0.020004699866976755,-0.016081340204248187,-0.020765386541255183,-0.006405063710614797,-0.020277990638309665,-0.013787082380402764
C004301,-0.004886497096621514,-0.023668472886368894,-0.004642583407654666,-0.023403579234815005,-0.009671167150686076,-0.018212574887577326,-0.01047396986400864,-0.03034307065017098
C008222,0.015244645902545373,0.038188746609846363,0.015452728870575026,0.039497353281256774,0.013050408786525169,0.00817536932106295,0.009843736653196301,0.019348061621724782
C004393,-0.018092045173474233,0.008271351740965206,-0.01885686497783348,0.007980866314214713,-0.02002427836917066,0.004789775472101138,-0.020273663163327793,0.005907187070577429
C000800,0.008509729621832354,-6.433082030905474e-05,0.0064094244870916035,0.0013977076498802605,0.01615321742915674,-0.001921182220759608,0.011961307916199917,-0.00021229005384454494
C004891,0.009371259452805397,-0.008695491565198308,0.009656745182957824,-0.008567019471884152,0.014772607523312078,0.00028239777092282773,0.015556974845728284,-0.0009293387624167376
C013372,-0.014297273440538138,-0.015483270437367637,-0.013410317108104315,-0.013952141162852785,-0.012070897800285661,-0.0020452452011659374,-0.01208921820475311,-0.0076738957254361174
C006772,0.0236520411876889,-0.012471001984252527,0.02391922007975813,-0.011144158224729878,0.029627098242468567,-0.004403354099912209,0.028081725849792193,-0.008417990566591853
C010693,-0.008466162665636857,-0.02034197697551264,-0.007811807617711014,-0.02042365776294094,-0.007390940136957039,-0.012021246086847064,-0.007457203018533381,-0.019544739339113756
C001023,-0.0031248148729644777,-0.002571187447203267,-0.004282995772827315,-0.003540510480306712,-0.002829564336670718,-0.0013717324903566397,-0.004346822151906362,-0.0024192838549381575
C006665,0.004703499425481699,0.0041012549890098535,0.003921795915433044,0.0011144466772078294,0.01167046431886663,0.0015664898809434006,0.009756513050197558,0.0015380084666004232
C001355,-0.006713627708174448,0.0030880547276800757,-0.005172491719777591,-0.0012009113137607483,-0.002623427940002928,-0.00038438766100257584,-0.0017390008904807559,-0.0015260659619928815
C006671,0.033739243660324054,0.017788204573831835,0.03425726048936609,0.018385783907380965,0.03524065185073204,-0.0002848205562915759,0.03172987543430908,0.004248809404713276
C003010,-0.004753630633648736,-0.004527334602415814,-0.003602193702444884,-0.004560192989141893,-0.0031434726426468862,-0.00018690520353341464,-0.002800553692829821,-0.0007569009463065685
C007502,0.011035263679122175,-0.01673922356596661,0.010076181885953366,-0.016100875736709173,0.019482810120850787,-0.006083172691297508,0.01667508987070231,-0.012405781380804283
C006152,0.0071265043459572555,-0.024428606699872218,0.0067497314267003375,-0.012874775026577065,0.003333816798396673,0.00043425443546123437,0.0020622471970372074,0.0015213833522793702
C001674,-0.001287432000302061,-0.030023601963153693,-0.0006644550833140983,-0.027213233556828035,-0.01096403520212622,-0.009478488912810452,-0.011292391587018025,-0.018844785177014083
C001029,-0.0005191898837811017,0.008653044534142212,-0.0006028736790038485,0.005006379740321084,0.0017186870564775917,0.000941165102844326,0.0007590891348249916,0.0022921820671473344
C011007,-0.009506881391922229,-0.01034495617323306,-0.010497426043733877,-0.009790669510486969,-0.0068946580875227145,4.984758524616214e-05,-0.0066331094230256855,-0.0031646153097993706
C007459,-0.00292965009784162,-0.0036161709484819936,-0.002507318131274034,-0.005228734722671297,-0.0030941795369819735,-0.0007921237382843461,-0.003800258812423224,-0.002363988410619129
C004539,-0.015200533009224493,0.002384002791684807,-0.01611195099998942,0.001011671462422168,-0.018958676641698365,-0.0018369755125070871,-0.019351659269284834,-0.0006157875032189851
C007451,0.0027431982170745316,0.0019024495275123644,0.0017402678281494938,0.0023625219157888226,0.006689573026485587,0.0068544312477622936,0.005540452821615824,0.007693186081965587
C008318,-0.01366689787000775,-0.004511522220605503,-0.014352577133623973,-0.0035130874982435283,-0.019691015769718757,-0.00012909522295547575,-0.018622675715564845,-0.0024834433980623536
C012455,0.011989790623453485,0.015266102941512736,0.012399845293513687,0.010936345479430388,0.018060069584359306,0.0041336094120237935,0.016423230954157302,0.00457623422025523
C000297,-0.01549679215816431,-0.002981419970678332,-0.014593039128628726,-0.0030197917816076314,-0.020953153504862508,-0.001599631704902031,-0.021231090313433065,-0.004029388195209448
C010574,-0.013968801961115043,0.0023378037534415434,-0.014858038186275666,0.004326238679598327,-0.01826589696150668,0.0031083072029821713,-0.01879898449969751,0.007900291601327335
C012130,0.00032949154992995987,-0.0038959025647922812,-0.0005462865425864373,-0.004981030459173509,0.0033990700799068456,0.0025725697743876797,0.0013001464254959768,0.0038421213990255027
C001590,0.0024707125436823824,0.01543615025655725,0.001879240989742444,0.01353366740584597,-0.0005150899809835954,0.0015961474668233062,-0.0007445112236466496,0.007786797451448236
C000864,0.016259186155226524,0.023636301584712412,0.01605109832801673,0.024617260073038855,0.02059468302293965,0.016899777332696972,0.016795642915633884,0.027552667833040306
C000937,0.03744717542545212,0.005065879014151654,0.03538054910437417,0.004312708739613013,0.03576772805452586,6.962887711771055e-06,0.03117808908764893,0.0008662341365950249
C005450,0.003769174941023589,0.0092376502438402,0.003137773492546046,0.009610025778472624,0.010532938094328134,0.01380103740585227,0.009123284945831207,0.019052331365806027
C008056,-0.006649041215875162,-0.002896161262320599,-0.00517038152232115,-0.0032670261929871637,-0.003082271453375181,-0.00010136822061456333,-0.0015025605916629608,-0.0007678224754866618
C012299,0.014797616746634967,-0.022961761421152947,0.014877616769724615,-0.01682010830956801,0.01879618721272124,-0.0011515633590149748,0.017297272373361972,-0.0037619513123907985
C011718,-0.003238269979190885,-0.007152054801100047,-0.0028510741274268125,-0.006163874543089804,-0.002755021085177786,-0.00024717841569824457,-0.00250883034362258,-0.000933739235265707
C005357,0.00690565645828967,0.0039188544481850605,0.006560783939655123,0.004000000678460925,0.0031244278134756765,-0.0010879037122283278,0.0019302102983834433,-0.0011398733720288218
C009750,-0.011845742754338584,-0.007380812474424661,-0.010111802271335563,-0.007304576751460092,-0.01584019083798223,0.000791848811948227,-0.01473654380036164,0.0023127549604343854
C001687,-0.015758295574029527,-0.020368905627759396,-0.01409335949982684,-0.02014039089338739,-0.017272020801459377,-0.012565616545985488,-0.016259164615348994,-0.01931303688619162
C001054,-0.015758295574029527,0.012696875069970994,-0.01409335949982684,0.01046311449505101,-0.017272020801459377,-0.0008893083858222807,-0.016259164615348994,0.0007925183134876712
C005412,0.014117689308318278,0.023280275400669043,0.014050312950963928,0.022674313469085872,0.01760702961255457,0.007932432410377778,0.01623859883044394,0.018788007736960405
C002847,0.03566364079729444,0.04354504194524995,0.02873936052750448,0.053204897916479525,0.033649228340661363,0.004594089665089827,0.026591838414175548,0.01852583842117126
C003645,0.004427464173592552,-0.007534578931800008,0.003696868669343452,-0.006902504870117077,0.0055247110189081475,0.001684960157676866,0.003974826322907106,0.0021838320656435315
C013683,0.008242091679371072,-0.0017026522150372725,0.008203864832722311,-0.0012504515127104271,0.013611186042769301,0.007093529381819915,0.0126473253729934,0.008404822155243838
C005694,0.009216209880335982,-0.006344881675506978,0.009201423268667169,-0.005781294841191457,0.01537850882974757,-0.0014314783410099314,0.01678787707991108,-0.0010735049428976045
C001303,0.002903209505048327,0.012394073424815688,0.0029233292260236665,0.011174716718265547,0.004462247752529468,0.0031214539029738443,0.002608709108397894,0.007770032763666491
C000090,0.011578363834594003,0.015121677587525821,0.011804760745838597,0.007635325672014592,0.01679086731348913,0.0011444749816501142,0.0153501401638218,-0.002054794544191377
C010161,-0.0035649330836400655,0.0027255522190547613,-0.003141481427128083,6.993014858077719e-07,-0.0028076704247666823,0.0008243514994618882,-0.0031281927359059175,0.0009722816985369583
C007062,0.007742662885646469,0.021748916600405642,0.008309905598300683,0.017010259481597588,0.00668938964615166,-0.005422767246176407,0.007100950008341444,-0.0025044078866127404
C011219,-0.018483278636304803,-0.003565129991324509,-0.018213308207441537,-0.005328176884530591,-0.01734920073237096,-0.0031297535750843377,-0.018546896106516643,-0.007635564430987118
C010384,0.009447758807962958,-0.01369390438326393,0.009452606893103897,-0.011791005534231553,0.01425665445952773,-0.0013272824930961036,0.012279458908373685,-0.002188126922325766
C008004,0.03308652532555322,0.02207541471412839,0.031090258647263634,0.02165360815144842,0.03369449932697138,0.0013528982540732312,0.029481370562380885,0.005907381964719014
C004630,-0.0035054532732286103,-0.027164412444331806,-0.003265628464977597,-0.027287406560037145,-0.0044920235246612055,-0.02211922115936554,-0.006357033964740168,-0.03592446452803838
C002967,0.03355438845339729,0.0361698175557068,0.03077384322962327,0.041560160576243226,0.033790700834582854,0.005351020161078778,0.02904766599711843,0.019295102204661397
C005210,0.0013466646856553327,-0.0006780671968165807,0.0018381312191216503,0.0007095773362078833,-0.0018835800390542754,-0.004894763374631804,-0.0014754888122001978,-0.007990814823193613
C011667,-0.019621460300532207,-0.016416391808058782,-0.02085345017457702,-0.016752394012934345,-0.022934761815849615,-0.013319017696999908,-0.02436329033302659,-0.021250159810642176
C012924,0.017431432487303916,0.02946150933635714,0.0076469678691649615,0.026485766847588712,0.022458937171555608,0.0014092522441808378,0.014648839960555935,0.005732685293722271
C011413,0.009617960912176817,-0.015090129963858542,0.009861318706641546,-0.007318205487796437,0.015342676855613852,-0.0009905607000988174,0.016461365456975022,-0.0032355050650452947
C001692,-0.003358858425758367,-0.009356506427989521,-0.0031109525561758894,-0.00860490055508873,-0.000862530941213301,-0.00014385737841580753,-0.001991231230387961,-0.0013354369210595044
C012474,-0.00992535063205876,-0.01673978033485862,-0.009565569522893017,-0.016143849296093582,-0.008303387517122651,-0.0027122921528144116,-0.00834408633313534,-0.00835016891053517
C012542,-0.001694349490887016,0.016189874335207233,-0.001211405182093306,0.015494947999998789,-0.011127042151232884,0.003890854924076648,-0.011567007473899753,0.008381290499938885
C005533,-0.00546591541423008,-0.0022200484332115557,-0.005034239682498732,-0.0032928326134206874,-0.005895967549135282,-0.0012663713807187606,-0.006169394041304452,-0.0019843058312180744
C006496,0.015132405433953807,0.022548479506785634,0.012275949060810795,0.024761272297105723,0.021388684791718803,0.011342853260016227,0.01600739986773157,0.023875478008639178
C013066,0.005960657443428048,-0.01674304356901299,0.005046086957014104,-0.016083612385229158,0.006894629847318751,-0.004163844861191342,0.007161888095631832,-0.010717078783407915
C003519,0.03716840663193326,0.028665217005012282,0.04037323701537756,0.032926874093504366,0.03749260883947243,0.00518869261091897,0.036090782909978386,0.015039202446056794
C005052,-0.013270527011029709,-0.008423847818890511,-0.013274111831026638,-0.007892374077095367,-0.019242572906818897,-0.0015412207709212243,-0.020047616276468748,-0.0036177923128041193
C002599,0.027403292535208408,-0.00833151389659271,0.02277348275209512,-0.007232893807703642,0.02956248326854833,-0.0005634172760827793,0.023532743806606006,-0.0015889651360078
C001011,-0.0002095954469596685,-0.013277371345046782,-0.000843670052403656,-0.012302498645494401,0.0033195585001720164,-0.0013697439777350282,0.0018298770813690785,-0.003638680003086768
C002121,-0.01715598219954166,-0.012849188073043423,-0.016238260718891312,-0.013402796064215428,-0.016572975196641682,-0.009237767440812152,-0.01597952776509999,-0.01693015407284416
C005961,0.0057762550892825485,0.005400797312050066,0.005264139340592144,0.0018767921513897353,0.0101896025347873,0.0018757634899723274,0.007435850348050369,0.0010037578426606887
C001077,-0.01422795547610562,-0.0013888444671454733,-0.013571594604431836,-0.0048972458474031335,-0.010605081544026326,-0.0011127409049100706,-0.010334114897258473,-0.005825936375158384
C009696,-0.0019340995263023792,-0.0025831555393576577,-0.0020359114996368996,-0.0031418249583254633,-0.0009670469462070865,0.0016500512579744886,-0.0017017010326165441,0.0027999273068696796
C007575,-0.003426375906651174,-0.0011069816180003461,-0.0030696752864081468,-0.0028297388164126892,-0.0020097862950376444,0.0011654911252617249,-0.0030103094100803855,0.0015676049332964937
C005334,-0.018004940859457325,-0.019770059501935004,-0.01874835263106962,-0.019974676820180424,-0.019844624420696774,-0.006598062997858783,-0.020053940314434315,-0.015561186129530242
C001921,0.0029373102071537497,0.021488642460296473,0.0038463405842375314,0.018875171612816384,-0.0070813834590363845,0.002029020816982342,-0.00652668607186625,0.008264056609935908
C011475,-0.0023584918378740296,0.006041109549553705,-0.0021034247970754204,0.005019322955108757,0.0009708765780919221,-0.00010976969959622218,-0.0006323661101597036,-0.0003634800688121713
C005797,-0.005113185472289213,-0.004733995360385076,-0.003937132630669113,-0.004268661317254254,-0.0036202940352514424,-0.0001638692491414281,-0.0030152428044960735,-0.0007408310291527434
C010301,-0.002383792977536466,0.03421970412738076,-0.0020655643577893136,0.03209651124073967,-0.0003602360135421786,-5.0516039562997425e-06,-0.00023645258518476968,0.007702989166581509
C006049,-0.003513045336877579,0.0028398288313014686,-0.003125808532871802,4.938008210946962e-05,-0.002668780443622601,0.0008615673496829622,-0.003140773085735954,0.0010282651568806179
C004221,-0.019267123355276604,-0.009244254665143144,-0.02080718416028836,-0.010544999428796333,-0.023546747633612815,-0.00611739829429351,-0.025676497786101614,-0.0122425744411552
C008443,-0.012805875954577989,-0.0023844662579217287,-0.013217475735808495,-0.000987345445559339,-0.02025601218025081,0.002626229674825634,-0.019554785973897763,0.0017060717268668868
C008336,-0.018520910612822464,-0.014663640581080368,-0.020135313223048602,-0.014670658434867765,-0.02051194057381143,-0.014402196883585046,-0.020210028548797304,-0.02043767640223978
C012999,0.009843706512378557,-0.024821339997352542,0.010156582134881725,-0.023106809232129377,0.01286639354598234,-0.006179733265400656,0.012382534217021594,-0.011203182776678136
C010170,-0.015703915730566093,-0.010458670202471466,-0.01684296102387421,-0.010622899953500025,-0.01830969474169103,-0.007943084798759848,-0.016417730853820603,-0.012042795617226196
C013364,0.016685983257532802,-0.013399412324933387,0.013514373163859634,-0.012376378140959548,0.022608165662320177,-0.003717134047821374,0.01692933039458219,-0.0074273353510730875
C002108,-0.012860032470399829,-0.009763323303698128,-0.013292447791687052,-0.0104986264785425,-0.020190868082088972,-0.0014631986050235462,-0.019436654356861104,-0.004896453788726465
C000404,-0.00635889671424879,-0.0025580646334904715,-0.005605586223992914,-0.004678157349855744,-0.00304608316496194,0.0005756452180915317,-0.0036320128762611288,-0.0003564172940765832
C013873,-0.009027703392231213,-0.01694366070567555,-0.009932905925984711,-0.01637349621317945,-0.010628797385747225,-0.0059503675142439936,-0.01177550923192756,-0.010905042150439493
C002428,-0.005821579638236939,-0.0035299908179510253,-0.004452373819805583,-0.0051272587062821005,-0.00253502902088612,-0.0003279020906267635,-0.0020835801260538182,-0.0012921197388532446
C008287,0.0012357134202575619,-0.01656569981227846,0.001267090557057674,-0.009886104232521032,0.0010463864597068633,-0.0006407045428164637,0.00021710996619144697,-0.0015538461537938065
C009096,0.008288926843815247,-0.03277213421198091,0.008345493901267353,-0.03215603208246799,0.012359079304956617,-0.0017517721550248202,0.012058012560326991,-0.010247729843007784
C013576,-0.016363281966037757,-0.01070922136508995,-0.01587205141343846,-0.010466254303787635,-0.015528073730763712,-0.008267366384493886,-0.016381163676929544,-0.014381191695299106
C010997,0.011727247677993723,3.3358270356145784e-05,0.012196817699137554,0.0012703524347020241,0.013846613922509054,0.0031570737500260515,0.012079650688704799,0.00246002868357648
C004492,-0.018525671265782872,-0.019726367695396915,-0.01883790805149886,-0.019318046395445786,-0.020496483750666424,-0.009386130870954716,-0.020895231158950863,-0.01697587755852628
C001605,-0.0033696327404094534,-0.003531886514332057,-0.0031002006541160877,-0.004533081584570935,-0.0009751686829308145,0.0013183747150492151,-0.002120934019358688,0.0016295440785536646
C008257,-0.013461763959374927,-0.015285431961665104,-0.013567815559754193,-0.013426352401392436,-0.013994987500767421,-0.0031154007885963926,-0.014000836186642752,-0.008299040583742302
C011186,-0.004259050572672268,0.009807899473002821,-0.003946345496089413,0.004533583673309267,-0.004525759330188489,-0.00035286049259819767,-0.005024243182107841,-0.0028101899322094458
C001568,-0.01338207671066059,-0.0015946223628942693,-0.013002100304829275,-0.0017532086642016043,-0.01533210306280844,-0.0008577361494951982,-0.01670208271105691,-0.0011208311081509251
C013789,0.02244037935021294,-0.02409950014288368,0.024050098935034757,-0.019305804233641765,0.02657927231761636,-0.002503811629249833,0.02564683580165361,-0.006333662922373754
C008064,0.004926772725584094,-0.01433806538906728,0.004799479937413084,-0.0103797350097386,0.0019298934246438145,-0.001169393597552134,0.0012295454828009944,-0.0034912872013561596
C006557,0.0017431560552334765,0.012592305438777016,0.0007888822789368729,0.010733434960937155,0.0005581426597267425,0.007779457197693137,0.0006198286193888061,0.014152406748611648
C001213,-0.0014160133135704312,0.01649632751112825,-0.0008116722505615259,0.01586040429087201,-0.011097926555735002,0.004049387456734242,-0.011446674523548077,0.008554191832448066
C002167,-0.001943699340991983,0.014306217492256803,-0.001702014976426943,0.013818547658640955,0.0013006845768433392,9.189965782374868e-05,-0.0005029336116666399,0.002160256279844924
C004701,0.0024864655734681425,-0.021271078918762294,0.0023531365727162625,-0.007838654873058949,-0.00022571260668773793,0.0008471654373982714,-0.00045784254228759853,0.0025668379716985838
C012904,0.01601221010293229,0.01004623260937148,0.015674101463702052,0.010282738940266828,0.01216876954073758,0.0002661811573274605,0.00933005939337519,0.0021050749315994085
C004168,-0.009349162028518584,-0.01098944122973877,-0.006543079513174287,-0.009550243636746765,-0.011974097992582571,-0.009540354384909874,-0.010015857918293698,-0.012638371730506678
C001581,-0.009013665821691953,-0.00860849270631578,-0.00976496461809046,-0.008922994994915218,-0.012091086929643655,-0.0049387312383665375,-0.01294646550567066,-0.007839995081713036
C001237,0.008532649890237349,0.022702823689357908,0.008779657958731315,0.021253962596475356,0.01245923074144915,0.008241601466239644,0.012200976744782478,0.015737959896502774
C002060,-0.005664517619070802,-0.003935745418031236,-0.004553568572388473,-0.003409266328927828,-0.0030521879371411386,-0.0001300110594771074,-0.0011999359335077239,-0.0008880206745299145
C008609,0.01033732569939827,-0.02783535477577239,0.011602051356418022,-0.02458211266290405,0.008251056792734112,0.003175726356139155,0.009238748265250936,-0.0008096216956484134
C013648,0.022055097911066718,0.02924419525375401,0.01502261905055022,0.028335183130954258,0.024949046411426576,0.001987533757057392,0.01691828944009345,0.008092316382624089
C013638,0.001274925074397722,0.014902295842938224,0.000929766654027653,0.011653561531860502,-0.005146064711611616,0.0014834851707833186,-0.005381000543016212,0.004682958127252788
C009670,-0.016162484521317615,0.012539774440310602,-0.02581238200799238,0.0053644866568718,-0.017760817428157133,-0.010286150985470366,-0.028064782997949046,-0.016565364342678978
C005866,-0.011919783318703686,-0.009385474526471687,-0.011710909915649388,-0.00907647225838602,-0.013774707059153816,-0.008746980473248019,-0.01541247390181359,-0.014879203842748849
C003394,-0.01701580350511271,-0.012647813415003118,-0.01808508134746489,-0.0132411669328336,-0.019978442908409284,-0.008828945114569275,-0.019971079146493015,-0.014620045484213222
C010720,0.0245222986542422,0.01749814705189704,0.026754802274577206,0.018795111088237754,0.029386108690268888,0.011151259824032287,0.03185042638522659,0.01795445670389597
C002229,0.0006104427451408608,-0.007569381752531205,0.0006864334515890061,-0.0054716316907106564,0.0018614179968551403,-0.0005579761564195805,0.0010244035414139314,-0.0022223002441976074
C012811,-0.00837440051208809,0.0037469427679495872,-0.008322186203757029,-0.0009856242427960509,-0.007780562166813067,-0.0011730157066500446,-0.007573007019836474,-0.0036894806098023885
C012070,-0.00808235618393359,-0.0014285901653893196,-0.008373097351735338,-0.0024312111089278693,-0.010933025299077517,0.004913114313701059,-0.010290961101451269,0.005033901702723368
C008747,0.006415780083158859,-0.0016159782291516717,0.006134149609472677,-0.0010618677395021834,0.002719994994744024,-0.0014865929046970615,0.001678649242197067,-0.002966763030895325
C010591,0.00919168057283408,-0.00840821241463212,0.009490674984170772,-0.00844589218247114,0.01447627909128246,0.0028330761606877035,0.015116847211521834,0.002294020016559374
C010752,-0.002831891538428942,-0.009310291705044582,-0.002397008202358791,-0.00582559287990665,-0.0019825109778743065,-0.0004575023334976974,-0.001357041256548847,-0.001502323656758257
C000788,-0.015500408195737423,0.002149664795411762,-0.014748603211783576,-0.00155173976454569,-0.012806981771241559,-0.0018448333694971986,-0.012205283133272278,-0.006506859155302081
C000684,-0.0028014798762117047,0.0033595921833152404,-0.0021187565310796523,-0.0004446683925990548,-0.0037297929443850107,-0.0002346245998054106,-0.004578454149939307,-0.0013253047010211901
C009791,0.01269810128166508,-0.021897688445434705,0.012952087759213533,-0.01749420744796768,0.016428374180345512,-0.002058680634052782,0.01476705850156212,-0.006557850791616805
C005005,-0.015220868053251603,-0.018300370300298033,-0.016377033366955486,-0.018158837867393977,-0.01778509134634152,-0.016096731507331177,-0.016136372797448905,-0.026501215502493413
C009771,-0.0076523510258575365,0.011663541638035268,-0.007041671853990853,0.014589728308624825,-0.005332294441134298,0.000749292040593788,-0.005494778466341908,0.0033796691758934353
C006554,-0.0035211559078665265,-0.0077039683113843726,-0.0031371712598497366,-0.00714626578006798,-0.0027038613761648823,-0.0009417437052765052,-0.003140380825900033,-0.0026578066076939884
C000115,0.009057999545369289,-0.009878438638931524,0.00921605276617238,-0.008915519662446665,0.015285733312008712,-0.0006563711196156832,0.014740887806410927,-0.003130021998846948
C004641,-0.009754954767765943,-0.017184695642393274,-0.006963310131052609,-0.016402878611206692,-0.012487899927754327,-0.01189359344620141,-0.010468713228240738,-0.017052492434175587
C001293,0.010849559942369186,-0.02120819502610808,0.01110340394516579,-0.011883548862329101,0.014943585275614353,3.576997546581877e-05,0.014349658385002984,-0.0027897049000156376
C003387,0.016949990938550662,0.013793821776700917,0.00995712606139179,0.010723851274410758,0.021360822401384975,0.0005314321583598511,0.013529853650873534,0.0023499508859953786
C000303,-0.00578340911072158,-0.0011758474077779612,-0.006369148322072242,-0.0008219683803908467,-0.003198120455915481,-0.0016378147922149382,-0.0038087364273913333,-0.0007556912931525997
C009415,0.00391151788397462,-0.010579283404882294,0.0024437583724111057,-0.009517562510130195,0.012448520073376813,-0.006798779300401143,0.009355617663431187,-0.009855992584265888
C012646,0.009221615555865797,0.002428019291212689,0.009499999437164052,0.003936060134421245,0.011302881115985305,0.0022832194909145555,0.011008373384215365,0.006149119120505527
C002179,0.01875886024318425,0.03994212200623513,0.018728520393818563,0.04594019099239781,0.02305915835334062,0.02556217613226801,0.021957717045976325,0.05102122147118747
C002837,-0.005362320877314032,-0.011596776775862586,-0.00286226528558753,-0.01002569031185968,-0.004916577208328585,-0.003123871818098091,-0.004238021141368928,-0.007567891357225365
C000038,0.006035096598608739,0.03392447555119441,0.005354611040401256,0.033790085333951406,0.0023031979504678597,0.012792798563150567,0.000807975913467015,0.02530436103262531
C006327,0.038879915530032984,0.03060872766457664,0.039367762108327854,0.03408025994937403,0.03532368044439086,0.000811548988867798,0.03179464893880585,0.0075350652840582765
C006859,0.005926416822937399,-0.014561143442352988,0.00574582621364565,-0.010281440782530482,0.004335719268045565,-0.001202750439298429,0.0030449486077462782,-0.003605438120035111
C005336,-0.005190324720832223,0.012171014912461458,-0.007922605974148534,0.0085340030492436,-0.008297483896780556,-0.0024283984165867495,-0.010821549763628386,-0.0045160902380929355
C000766,0.018416658476044973,0.0391577206960617,0.018580941629701656,0.04251190040563347,0.023046853483465465,0.01861600922647515,0.02097463964646587,0.031612765068417474
C006282,0.0018018551230603635,-0.0037932305598709633,0.0010429108874100462,-0.004120323746690027,0.0038641336378981567,0.00284426546064527,0.0024586838102790497,0.005240766256934664
C004316,0.028565366356069443,0.02982814578864895,0.03018629903791058,0.03314088618786782,0.033473191337493595,0.018756103690586123,0.03190843848314659,0.030096787694155712
C010134,-0.011786306673470727,0.00670238025267503,-0.010283481356590874,0.007420575853571856,-0.017459610845245745,-0.004918530930926135,-0.01716517951698198,-0.007974686853602619
C000580,-0.0016109825411095506,-0.0060480126312104174,-0.0016917718607217854,-0.005071218989477894,-0.0009208682980240951,0.0006366093591827091,-0.0007845519146988098,0.0008302379701459274
C013894,-0.01465953935231714,-0.0022915181802072647,-0.013533868115792934,-0.0030662240176707687,-0.013288354997686911,-0.0004632712096237182,-0.013964494684827083,-0.00036807909141576444
C000939,0.023644418832316858,0.016137106843279292,0.02429928663352348,0.017119893588469486,0.029176057690028886,0.011089281396353285,0.026661394774840214,0.01680828079945399
C013726,-0.008346292821579261,0.0016014788911552218,-0.007805503169530802,-0.002262642047110757,-0.005953017896326781,-0.0006297585129474256,-0.005663309022892379,-0.0029104012683867286
C005856,0.014563612376019457,0.020264224775844854,0.01544141985901599,0.02105526102573288,0.016542426281123696,0.012943064874430248,0.013910284605669591,0.021005586763836296
C008879,-0.008652990446067878,0.01982599612030349,-0.007746930331151556,0.01168573495126992,0.0007250973807329733,0.0006564725968004332,0.003366155615398308,0.001810269023947255
C006711,-0.009721564657083724,-0.010278061392819173,-0.007777822936188294,-0.009175891410147425,-0.011406735106384968,-0.00605616690846534,-0.010008736310658588,-0.011487371549578176
C003458,0.016279938415441498,0.024485555993723332,0.017087648737593865,0.025407372544455017,0.02137218624018961,0.016886247866345,0.017921455397759623,0.025145488538038104
C007905,-0.014965302253700755,-0.015383825388719085,-0.015865493898584465,-0.015435938689785584,-0.01518649087816198,-0.012214613258243735,-0.014724114387246029,-0.018779610448588068
C011115,0.002921170320334904,-0.004981671736564317,0.0011036568898272932,-0.0035913782576409265,0.008710752252025852,-0.0013566348770984401,0.0040943832380415076,-0.004084977218182665
C000426,0.008505669104036776,0.015599702342695598,0.008562926639733431,0.01473468584827774,0.0130830913627017,0.005482983834619388,0.011105655576760447,0.010672705548954798
C005289,0.003618652526749923,-0.009446300060742067,0.003952724506682468,-0.007170188342007118,-0.0039117152209456,-0.006304918702321136,-0.0037840696527537327,-0.007187822985857396
C011666,-0.00519248789078734,0.00023304864280894816,-0.004204867134359758,-0.0010215368019382734,-0.003224163598728186,-8.531598594071979e-05,-0.0015017572291922666,-0.0004914584325952228
C013531,-0.0008100941309534278,3.103204395281226e-05,-0.002121937218764515,-0.003103289138671595,0.0009388102393255354,0.002654877983839981,-0.0008062533463969764,0.001849615188829039
C011823,0.007897171091242616,-0.007527215516523368,0.008789312115668538,-0.004589009310887318,0.009442942137001153,-0.005159755314519625,0.009599473846472615,-0.005822033173346367
C000846,-0.014986867857793813,0.002091808633796409,-0.013719807232609103,-0.001463434378170851,-0.0140013473532692,-0.002916869000625877,-0.013055445669017942,-0.006456334086256636
C003731,-0.011729929614109603,-0.0007590544526530476,-0.010444117574879435,-0.00015690167994142072,-0.018221847672376855,-0.0022275327023363535,-0.018239922869020438,-0.004625027907907689
C010995,-0.0033819039354805935,-0.00363937605037697,-0.0029274470392079534,-0.003423415734423594,-0.0036077528041653308,-0.0002897362935706794,-0.00230758418924165,-0.00142339656137541
C013702,-0.014954556951848037,-0.009034001344142742,-0.01607654834737627,-0.009508171959602147,-0.017367607140198194,-0.005911509289443747,-0.01579273568560413,-0.00821107224969014
C007447,0.0366223773340146,0.002827635782830851,0.03581672119407977,0.0023905390933854995,0.035338282911817134,-9.521953075653316e-05,0.0313320152014086,0.0002992103908467151
C009959,-0.014773248440706092,-0.009378312066527752,-0.01586005652331135,-0.009805946088970202,-0.017049222866350335,-0.005859584315727508,-0.015533706878582916,-0.009836705235212087
C002926,-0.003649875509975551,0.007721754237841449,-0.0031674103961279497,0.003581938985477092,-0.0030542910854748258,0.00024675517235477735,-0.0034583026966781695,-0.0006108961237326796
C001517,0.006900783712776272,0.00811276122342856,0.00614607622046922,0.0080679354149382,0.003517932151778337,-0.00036244773802374786,0.0018941460197532025,0.0027390935571787785
C005020,-0.01188441185766977,-0.019824014462297854,-0.00991918902296583,-0.019573006157568296,-0.013736729213814889,-0.013072007525620292,-0.012352077865775211,-0.01908573489045646
C007219,0.015784592538195658,0.017844033979232243,0.016620796378136685,0.01899825559169191,0.0207757274945291,0.016036379571617205,0.01741112090441559,0.02213060648391413
C013452,-0.013163907656344146,-0.003351932435196907,-0.013711673452809405,-0.002217232376919918,-0.019883951431375117,0.002913861488781567,-0.018904576748171212,0.001794523893640487
C006984,0.007670916596386432,0.009061994007560366,0.007443137158913141,0.010163502937430567,0.013118422436105136,0.013453560439534044,0.0106456823574551,0.020508187198094347
C012392,0.0027147631342137922,-0.01594402492299276,0.0009022755571180524,-0.015224393175055488,0.008330120096146428,-0.005141372877966875,0.003811255155619324,-0.010015019429171183
C005410,-0.013419418936339148,-0.009329974171527141,-0.013385579244461956,-0.008957482549326322,-0.01944238435528968,-0.0014487222979385772,-0.020219943276504747,-0.0033528664363024524
C007911,-0.0037629780403247333,-0.017895053047201282,-0.003517374350771937,-0.017480649099960437,-0.00517727222512852,-0.014077345588621608,-0.007016775993709601,-0.023170408674869587
C006048,0.0023460589348145607,-0.013878798491008294,0.002974179168760148,-0.013000539217917656,0.002934042010088753,-0.007532823366637755,0.00262093025048646,-0.012558503295609225
C004050,-0.009740323284077925,0.005890187792298424,-0.009364618755962083,0.004423085670096615,-0.007992490801561778,-0.002901959090526201,-0.008074159291096221,-0.004929439210280715
C012926,-0.005512170413204211,-0.009192626394522938,-0.006670189156569969,-0.006084289053855973,-0.001095349233920053,-0.004274694288743177,-0.0013327568055412366,-0.0073059172139756335
C012866,0.014448929955372572,0.01132246656414129,0.015375731497626458,0.012585668343363188,0.014780383719417695,-0.0008654336585119723,0.012507538838099552,0.0044495127453382495
C012324,0.005037352699253532,-0.01166089839992812,0.0044415591428247905,-0.010847717543330842,0.009102371692043372,-0.003944105314171796,0.006233394382736386,-0.007332672532576542
C001219,0.002653254385906848,-0.0008189122756300575,0.002030964583837061,-0.0005012405014505513,-0.00036361053268499165,-0.0015013648669030656,-0.0007177568224767881,-0.0016834261040416583
C008763,0.011707718594337436,-0.012838951597643361,0.012174779781040338,-0.011135620574382615,0.01804175594690014,-0.0014809256138975531,0.01684463441580419,-0.003450193227210312
C008224,0.0005026249361865252,-0.008423621995383886,0.00018486399120734204,-0.007704167835811346,0.004290412104054964,7.917776885134536e-05,0.0012375587068122712,0.00014630877244227564
C013956,-0.00046104800461611634,-0.0032839661446080735,-0.0011854036729674134,-0.004041710207300631,-0.0022852546777628754,0.003333283302706039,-0.0022421236733027945,0.003010816346715711
C005301,-0.014375670077222052,-0.006151146465494834,-0.013873795929835937,-0.007496481213325262,-0.016406156600645788,3.8053224181082596e-05,-0.017477398016094922,-0.00026418723837179136
C010987,-0.00041221165327651773,0.004861269426924447,-0.0008044304469725674,0.0038801739498516025,0.0007305660077428402,0.0006001935760985389,0.0002098789239463136,0.0016685052318671676
C009728,-0.0036019099371903717,-0.00677749578408465,-0.0029640293534008875,-0.006108036089716551,-0.0033280354808069793,-0.0004315125130570661,-0.00257498208686687,-0.0013176807000875356
C003428,-0.01159587363831128,0.003019863095157964,-0.010595575424656237,0.00415656825586762,-0.019026844052143922,-0.005508262848564781,-0.019152003105769665,-0.008772679946481947
C000022,0.004695994952858895,0.007970183882705649,0.0044017435202214185,0.007736603261090751,0.009992143316906732,0.0032265673166932446,0.0100049249361915,0.00592661995339509
C007222,0.0017717156179324527,-0.018447292475883146,0.002465565522263589,-0.01790979012475956,0.002208852365236828,-0.009150913384208209,0.002015626827317145,-0.01427329392244913
C009823,-0.004488636395933908,0.005658513147030804,-0.0037595610822723814,0.003201580868750506,-0.0007078791909834989,0.00016479213363703975,0.0003337262078074106,0.0003957352256312549
C011787,-0.006099175519247541,-0.008567737661960539,-0.005593324521485496,-0.008494475063857114,-0.0049830911649578116,-0.001040823244323645,-0.005581231878450529,-0.0029836390257390643
C005888,0.004056159165802071,-0.010651176476783302,0.0028507034942983605,-0.00979151460848141,0.00626413167399571,-0.0005638482000711408,0.004345912759597229,-0.001913259156636351
C008428,-0.006221330815439118,-0.00503093190028039,-0.0049508664072957865,-0.002854878791525293,-0.0028244563477081543,-0.0001260764469529621,-0.0008381220675657432,-0.0007201355260901973
C004440,-0.0016775227348112133,0.009267833357720693,-0.0014995460872335629,0.006910900637759771,-0.0002296499881769077,0.0004015675789111057,-0.0002981451884630852,0.001383981028276149
C003782,-0.004756283385194157,-0.002729700876605107,-0.0036653830195936842,-0.002413611830226693,-0.0037045760764295083,0.00015511866295523144,-0.003034994485442449,0.0004890725283231746
C004837,-0.006214620428233192,0.005483446202727438,-0.007350530531501456,0.00435148103189833,-0.0020446940132382335,-0.00023669492153016922,-0.0021790354372631794,0.0007148887575003851
C003280,-0.015409716990874494,-0.006269678203095183,-0.014554633070503973,-0.007367877348363889,-0.020936350784004184,0.0009709968453402412,-0.021247226253782392,0.0021567440202156095
C013211,-0.007057176401136261,0.00011438685689911742,-0.007282385346436405,-0.0008071370127044099,-0.010021136326012656,-0.005541518044703382,-0.009336760680762855,-0.0063798116358355726
C005650,0.03198112844675744,-0.0012774714608295788,0.030582134496731944,-0.001826596020508887,0.03328736963164623,-0.0006081499629333764,0.029111473987235893,-0.0014154023286347462
C000679,0.011137727632386886,-0.022587404762128713,0.009088708768685849,-0.02421929561431629,0.014959349526820988,-0.014534733319276074,0.0072529250292771175,-0.029877085092625034
C006810,-0.001660801031080246,0.009939731251739107,-0.002641266533469589,0.010216852249548183,0.007377618649630066,0.012508021317064532,0.00462053362832459,0.017641489376142298
C008758,-0.018794484343365135,-0.012002549694744829,-0.01903391962494736,-0.013116875423911918,-0.01958284449262304,-0.008578757737862682,-0.019965746929009792,-0.015955406967342375
C009240,-0.012759971610262464,5.813203184220033e-05,-0.013636832517875359,0.0012364350716317853,-0.01751777493828225,0.004023697974000548,-0.018126289955031908,0.004603396770088224
C007639,-0.013626432074325885,-0.004272319988777042,-0.013122287949875968,-0.006511009284999513,-0.011320629001243835,-0.0025326855585016106,-0.011755559925568947,-0.006314693621983252
C000481,0.003403450377010059,0.00622342313203279,0.003386399641716151,0.005708904734494861,0.0019198366407872048,-0.0001312440011469989,0.001036192507912959,0.0001310229132492861
C011633,0.02950947395319166,0.02021532240052387,0.021240158356275504,0.016950027816751596,0.029774907919857915,0.0007800286239181639,0.021519939079159073,0.0032555077768067135
C000509,-0.0019940011623909995,0.006118859151883149,-0.001148955309308999,0.0016561846149813458,-0.0040564939162476485,-0.00038365926843433754,-0.0046680302761452665,-0.0012935010718161753
C013575,0.0026613781541864234,0.019912064825600824,0.0027962149149167986,0.01735366358101004,-0.004883851895989531,0.003822405149863137,-0.006103095360976639,0.010786113438534795
C003454,-0.0011040849986660448,-0.01801851111018701,-0.0021392924995338905,-0.018025865662847515,0.007871619961700627,-0.005090939669427602,0.005107377178060876,-0.012623051369795003
C001999,-0.0022516403777126767,0.002996765000830864,-0.0019955456915882646,0.0030052123572649136,0.00104955698627211,0.0016232283967555505,-0.0006015426569369968,0.006496704442095653
C002281,0.017422247196942554,-0.013306708606529726,0.016292806349690193,-0.013177337647239697,0.025132519014083726,0.0002163673105158335,0.021772144700514827,-0.00489461322601088
C002898,-0.00046178045076035034,-0.014410100656447496,-0.00046539308505447755,-0.005548253272266899,-0.002274374417453253,-3.000721840170236e-05,-0.001673323177136397,0.0005633266642475866
C008993,0.031086517014636304,0.02354421058370772,0.033252417479658035,0.025755680766793954,0.035307764449167695,0.013237063118357728,0.03478755458136509,0.021073639649187122
C001766,0.004535026273162864,-0.02545407216536042,0.003629326033389388,-0.02530028302732751,0.011127896997825647,-0.02225514064094985,0.0090821122144875,-0.03389496811286237
C001287,-0.018039169398338707,-0.01055249966151224,-0.019522531793507072,-0.011780372413085029,-0.02251034022296454,-0.005569484467937349,-0.024460291803112277,-0.012129224191830596
C008733,-0.006359291609521275,-0.02052939883248847,-0.007077002624551333,-0.01946224006197974,-0.006002288908467276,-0.02095804318292059,-0.006165957350403341,-0.032364407265600914
C010067,-0.011934782462810578,-0.005019306678343688,-0.011708698395336455,-0.005042350745405893,-0.011672011179399805,-0.00019708762812135281,-0.013073070668522141,-0.0013142837923089728
C012533,-0.014530311427996682,0.012897239494976892,-0.013494047078366348,0.008601440775963391,-0.012612000422518865,-0.005219493458701683,-0.012351570919612101,-0.008855720463343287
C013561,-0.0026153846373139335,0.006157127562935171,-0.0024289038400072765,0.005747645315826147,-0.0024140522398909702,0.010800140666856884,-0.004183859753150735,0.014054831604246277
C012534,0.028091052621343114,0.009476747664467327,0.027848971571896333,0.009520521520787589,0.03189045480610213,-0.0007537317192124423,0.02870509727596455,0.0026413167829123225
C011098,0.005515209320404683,0.021668476773810834,0.006318261484388747,0.022005161812810297,-0.0035525457379554236,0.007747906228467385,-0.003088071853472027,0.017358046608070887
C009534,-0.015391365219417544,-0.008642829117931508,-0.016456966607800147,-0.009977339059999972,-0.01841724504046073,-0.003226160214432233,-0.016468849907270204,-0.006672496657082099
C002265,0.004272133401692298,-0.011566245577614424,0.003533196986895803,-0.007581485363804599,0.005282376874737475,0.00039724101884402503,0.003791470460065749,0.0004091297040807687
C011879,0.017264677868998705,0.025079558582920946,0.013683924175959912,0.026559665330543828,0.022731194292282094,0.006415831215083826,0.016722186411922014,0.017632111183992733
C012546,0.015107872034378253,0.0009769165905522653,0.015250147545089186,0.001427169710020481,0.01937698753808619,-0.0010377555836072053,0.017766068228409874,-0.0017134343342026642
C008594,0.0005335496184544646,0.00703067675542919,0.0002928832492867841,0.00606750595028729,-0.0016409075930690661,0.0001513126034335595,-0.0012299057219818943,0.0022027472734481644
C011661,-0.009474519285621994,0.009024034182965945,-0.009180918763727423,0.00610397826956433,-0.006507162514417136,-0.002935083037154639,-0.008345394422606886,-0.006228280411701521
C008925,0.017256883040833414,0.0314682511154176,0.013718342899486069,0.03627880009301388,0.022773495672813785,0.01644991323464854,0.01680183194832013,0.03507981096403527
C010653,0.009659911915537299,-0.014886393466240702,0.011007052227794134,-0.013613831468202777,0.01310568887887037,-0.007490631635894704,0.011208223478357385,-0.012531633878570923
C004521,-0.018558930728645267,-0.015555306136688556,-0.020185988652876435,-0.015791393764325146,-0.020566933940294425,-0.004110808514687306,-0.02026495533759152,-0.010903493829466225
C012330,-0.004209377047778249,-0.005893727344616487,-0.004909942586951382,-0.00614295994040486,-0.001636935207457449,-0.002647128637215448,-0.0014255731375422476,-0.0038266816030064267
C007275,0.033525585692870855,0.005628597556593027,0.029519964447866004,0.004005496026626929,0.03348400711354536,-0.0001080956485000067,0.027926675782960788,0.000179929200613028
C006719,0.016444991505520395,0.032742805685045444,0.01727436504474412,0.03620057827412135,0.019546626535871695,0.02592977602426211,0.016983641585240076,0.044936105089659846
C002483,-0.017480423780564996,-0.016458569467350283,-0.0189308834683145,-0.015472708895788717,-0.02195611902275533,-0.0058259228636787196,-0.023792330858696715,-0.012304362894545989
C003615,-0.007188316048475549,-0.0008045908735294942,-0.005699984874954006,-0.0025295680297886735,-0.0023385282384164063,-8.71662542738015e-05,-4.0955951088098506e-05,-0.0006765492170739205
C010273,0.037383609156940924,0.04087249004916015,0.033920056691581275,0.0487834771978246,0.03544398015905252,0.004420357102205991,0.030183367920914098,0.01746112887143339
C008433,0.015788115396405126,0.02737692953534281,0.01177762874432772,0.02852592083181379,0.020629711852964805,0.004384960677952796,0.014211715263057218,0.014950102561481828
C002256,0.003933870429480697,0.004438413687549883,0.0032527430026286957,0.0022326270036701584,0.007526844571865793,0.00022800992049665215,0.004480037845715345,0.00013368205505159283
C010235,-0.015513774031114752,-0.01400683310645423,-0.016599337943695374,-0.013420232011295814,-0.01835110609593371,-0.012574365478522415,-0.01637550172986756,-0.02028336786697906
C008783,0.01171993666023307,-0.022409201568537096,0.011892448261041246,-0.015506907744633565,0.014641611697815747,-0.0010038752382945503,0.0137395445490048,-0.003120703473074227
C012016,0.037896644555735215,0.02072207436265166,0.038578166994106045,0.021740953181380283,0.03529164880477527,-0.0011189050253699066,0.03112251843139866,0.002202820796282497
C012588,0.011875068015794781,0.02334986214651484,0.011759059323843054,0.021662312549324384,0.0147607589330483,0.014060097928455941,0.012784817961407595,0.025027486757456124
C004625,0.0009141130172774845,-0.018895363701197366,0.001709891033340732,-0.018317695452133305,0.0011382344355375343,-0.010944636753758133,0.001111794791539575,-0.01661788006227614
C003983,-0.0028256061911450807,0.015261734450089246,-0.0033116874084178805,0.012386398980698982,-0.005114701467354122,0.0071238369524633804,-0.0049763244491618265,0.014378342426620562
C010181,-0.01072646665920348,-0.015101592889107104,-0.010048429579600617,-0.01409561396032145,-0.006632127048645433,-0.001053655953338829,-0.007570894296050524,-0.006048320416915511
C001241,0.006660203847288575,-0.015340823283801024,0.006008855592763146,-0.014182170449656955,0.013666406421556714,-0.002166956846815241,0.015220955251593404,-0.0072134522850030615
C013753,-0.01742940868262184,-0.018592564595340425,-0.016212452094005025,-0.018360182593654618,-0.018380124228680732,-0.012409672884176484,-0.01776532028763478,-0.019796534184139306
C006096,0.025463981652094462,0.03160356306491416,0.027945631163163173,0.035134564145882584,0.030074158065086384,0.022059769855892128,0.032122043949896775,0.04009677840772221
C009884,0.0026613781541864234,-0.028536115752859848,0.0027962149149167986,-0.02546950597742967,-0.004883851895989531,-0.008673215352472783,-0.006103095360976639,-0.016373691644635015
C005000,-0.019079365864540575,-0.00530118131277511,-0.02061683913065699,-0.0068886598465226325,-0.02340901555377525,-0.00206342250880384,-0.02552623416734383,-0.006082690587375564
C002541,0.03650076666578701,0.04750575363717438,0.030752151133981095,0.06771163683129547,0.034319405568533946,0.013277040781173694,0.027929742165061812,0.04321333379272753
C002304,0.0031659092556249793,0.008452660523217836,0.0026364022044098145,0.008954793791507381,0.009508476825990217,0.01653552278340946,0.008349053108679984,0.022125024446445814
C006119,-0.0019396706866486007,-0.0014613707843361722,-0.0010691420612060217,-0.0026198242928208073,-0.003915584039557697,-0.0012257040716035874,-0.004615778627428237,-0.002146178561179558
C010926,-0.003646991191124578,0.0036853398111885804,-0.0031091058143284515,0.0002991449026445984,-0.0028613413522855036,0.0001657953035401211,-0.0033774954265496275,-0.00019154405424403082
C000699,-0.00023172260361682386,-0.0011501561531380273,-0.001538399404130208,-0.002125294976466886,0.001943561367133788,-0.0021066650394528114,9.213977338930611e-05,-0.002717230852872116
C006099,-0.008479128742824658,0.0005296741445550221,-0.009355647392121193,-0.0024429096733258222,-0.010856887881591514,0.004611742473444905,-0.011637894199880983,0.004929150183088057
C011431,-0.0008481743326800528,-0.0014135654407956468,-0.0007036904471998509,-0.0014977642594118182,0.0012882947882061225,-0.0001883243158670182,0.0007854259889853118,-0.001197371220639172
C013699,-0.0007082081260875478,-0.010068005237075748,-0.0017002258266742766,-0.01081570023703731,0.0031274584911779473,0.0005517816363115015,0.0029919918217339555,-0.003806190310233812
C009709,-0.011826832743841584,0.0026689359138526137,-0.01008798862420312,0.0022095759517758917,-0.016071807374330182,-0.0012645200329445517,-0.015128741454870684,-0.0033469782290010026
C009574,-0.005580349040443018,0.02409403574557594,-0.0058404894767924405,0.02196560769037905,-0.00832176003168471,0.01585931213912131,-0.007861030670408574,0.02515724386859013
C007012,0.0009055311934622761,0.01865823817243657,0.0013485993238725783,0.016670199090784033,-0.0077111015938440665,0.0038134089853264675,-0.008447603744797484,0.009476351728440375
C009501,0.007458424951838167,-0.006273792315770867,0.006964206214663129,-0.006006866248482987,0.005904553094134331,-0.0008140243885861321,0.0045340366064022825,-0.0019153260823936823
C001041,0.004033342613160411,0.006443978519795807,0.0030413698324370637,0.007158114084858999,0.010120865807744652,0.014035943457375147,0.007966959581199135,0.019345436308425522
C003483,0.0018996911624749673,-0.030327880581920878,0.0021697820836584438,-0.024790613797710054,-0.006130036763021556,-0.0012835133157323441,-0.007135438327101816,-0.009054826707507931
C000633,0.03543574824614394,0.015720516094959017,0.035074511972233484,0.015352641430149982,0.03525168564148699,-0.0006879297362608534,0.03095439072966928,0.0015488686719671789
C010845,0.009194825902170715,-0.017673108618639934,0.008598137712968117,-0.013331440798695096,0.00911013064159898,-0.0007771662743475109,0.00754818463923325,-0.0034125944947741393
C009594,-0.014628559773915835,0.007285173314425388,-0.013534497699256099,0.002383990401980637,-0.012878960015880776,-0.004761590650849484,-0.01248200510136672,-0.009152701866802716
C005264,-0.011314833077981446,-0.002828580036568229,-0.01221256881469538,-0.0013226069468656927,-0.016472102569662497,-2.996246924770289e-06,-0.017034580494026633,-0.00023406416510374014
C005335,0.00036276143432957607,0.0005506542166620657,-0.0005541242855428253,0.0016522477400310277,0.003511118124061503,-0.0008976889878940053,0.0014475510900756419,-0.0018318703239287107
C000875,0.012392640759410791,0.028382505891665324,0.011411484266217431,0.032350467207763994,0.02087219526970959,0.024774754403696142,0.01799263071815581,0.041917106321305894
C007592,0.010086999603329731,0.009573726068433092,0.010115950734685535,0.009710725542747038,0.01353496742619756,0.006707645690743927,0.011549007902210296,0.010904181784317823
C010044,-0.01403632225698347,-0.01769544059759124,-0.015296364733724664,-0.017637026911531593,-0.017813320697313294,-0.009636753197671835,-0.018928410802333123,-0.015715347844030027
C004728,-0.004428761953191677,0.004659341978282291,-0.0033819883168236214,0.007854375723322838,-0.0031714859038714472,0.00022645680552575798,-0.002846639638002004,0.00013682034994227482
C008392,-0.015041796324294341,0.0018242182204631604,-0.016054258751167737,-0.0006191456767402865,-0.018812655199807,-0.0017702049736008573,-0.016958162425910483,0.00045755770205386544
C002867,-0.011980182564646693,-0.010447452239252506,-0.01267081475972264,-0.01078751209463946,-0.01221630625495052,-0.004067510181381796,-0.01147634005569037,-0.00802666479120102
C012128,-0.008900949846282006,-0.00745787894339775,-0.009442283251132668,-0.008027946804917314,-0.007868915799342789,-0.0034973614625649465,-0.007328350776832208,-0.005301032282507813
C004624,-0.008056219972847879,-0.009043519489074933,-0.007978572351393588,-0.007290626226552635,-0.0071886599892230394,-0.0022866115262874026,-0.006965394904150078,-0.0037273931016632484
C011651,0.0035811237013907964,0.008744852983689209,0.0029829170029173602,0.008851094784189951,0.010236152825879868,0.009964809948455968,0.008913599639062597,0.014868763427386673
C002631,0.012596102762460253,-0.009253845748813258,0.012799980881336404,-0.008807421084662008,0.016220373447459337,-0.0008435665696191905,0.0144933965587475,-0.004306691842681053
C009563,0.0034816487244679834,0.007536226021390951,0.002901433275291356,0.007355049722114424,0.010070669819465776,0.0032821683320051046,0.008792963705225481,0.008237634541360438
C011501,-0.015084116198723812,-0.017749461131201915,-0.013088616977846445,-0.016826851294310798,-0.01773578074331006,-0.0063241972742378895,-0.01569379892488945,-0.013284443999173591
C010928,-0.010474428146289268,-0.00359781225671982,-0.009888779819422466,-0.006536377277438958,-0.00646309750836875,-0.0009297197825165423,-0.007581564189664659,-0.0039621883413491505
C009002,-0.0020778074080615868,0.003825668841775432,-0.0013047383646516857,0.0003473091564226055,-0.004228319800955143,-0.0005690282910204274,-0.004700971760361125,-0.0011929291999936737
C012541,0.01865230656348245,-0.01379464947215145,0.0193720266732436,-0.012556391084928216,0.024143133067313204,-0.006369318320729603,0.020372611854637408,-0.010325999287406849
C002184,0.00711565161885169,0.01978756611490199,0.0068903715525667165,0.017664245414784025,0.004850824915946227,0.005371435288058351,0.004823820994905502,0.011369710533662907
C007491,-0.0009089922085914561,-0.004308582903131732,-0.0008923470335721449,-0.0034648585959612234,-0.0014588636033908621,-0.0004535258685535205,-0.0013715010565469787,-0.0021290505834790827
C005171,0.021332285043291564,0.025228454793637417,0.021734714194050958,0.026521900352743114,0.026737873636989998,0.015232088561139138,0.02358215720801109,0.025535175234342778
C007617,-0.003627799855508834,-0.0015888221351995136,-0.0031266361690334447,-0.001990853174498175,0.0005812423266773698,-8.857033725218642e-05,0.0010119175972841882,-0.0008458694318206014
C003259,0.0014909504660181188,-0.012521684366077732,0.0007307555357825498,-0.011422678968720394,0.006385871999811095,-0.0024101145738460294,0.002362698628790679,-0.005575531701358399
C011946,-0.010354716310712412,-0.006097747888787321,-0.010250527969888092,-0.007541071716882659,-0.009128509047292252,-0.0011499189850825854,-0.010377893620373235,-0.003440334801064342
C001727,0.015157450121800121,-0.020830000351613056,0.015357502636241353,-0.015029971785528208,0.0128545361429372,-0.0018186341700180476,0.00968659379039245,-0.004864786434888137
C008469,-0.015293771330024361,-0.006426214469043995,-0.016339288885092968,-0.006353636627602751,-0.018507215226626524,-0.000570518100372631,-0.01657661328489969,-0.003872647435550874
C010792,-0.01158635928958277,-0.012519644455007735,-0.01060406185173121,-0.011812850768209857,-0.019085870711382492,-0.0020695049483317944,-0.019210164241754236,-0.004522767698793803
C012514,-0.012258996975149221,-0.011248445505848009,-0.011886138559902013,-0.01014365334329697,-0.011953685074859152,-0.0016552811069781926,-0.013181469318707801,-0.005211844659510173
C010045,-0.013756878727622601,-0.017917020740516522,-0.01401872529636024,-0.017968387855912146,-0.010240749776342406,-0.00944062279231423,-0.010405807977241386,-0.0174336659320446
C007736,-0.003902701849687727,-0.002093120155002635,-0.0030969539906285848,-0.0032229134267981064,-0.0028568807484108537,-0.000864554013052011,-0.003120745477731262,-0.0025019413029897814
C003501,0.02747073368752039,0.000408873192548248,0.02305613488887022,-0.00034173208421563005,0.029673806904231506,-0.0004025481251322335,0.0238111181743328,-0.0012284175705302156
C012632,-0.005811021081899094,-0.021120510461412157,-0.00640222829474914,-0.020399344434950693,-0.0032195949442845656,-0.021070749167602845,-0.00381138473310544,-0.032694493481820235
C012464,0.00034025690631923287,-0.007998334922314809,-0.0005843929451333803,-0.00803325673633824,0.0036790122665135787,0.002098950487373434,0.0014974567670227438,0.001727248752075049
C002135,0.003612037967657561,-0.0176596009594346,0.00216584349751291,-0.017413515375505353,0.01217918357886279,-0.0035051768632763936,0.009100929472351771,-0.010659028676800783
C013201,0.0015064929529142856,-0.006711862081994419,0.0010664863237519362,-0.005822545003550696,0.001118518438367796,-0.0015129324917737832,0.0014852653646159164,-0.0025866533056672575
C004176,0.022717819206675115,-0.004513053425373753,0.015764875035847878,-0.0031642627392935597,0.025454086508591222,0.00036726085061688623,0.01749700208956616,0.0015568856898747745
C005104,-0.006376568462824975,-0.0002679360937611185,-0.007095453918372044,-0.00017540426138200351,-0.003980196778545245,0.0010037778603878605,-0.004256867482425587,0.002003816336744399
C001885,0.016260235113721905,-0.01136743341248579,0.016605687939315945,-0.009668537404521137,0.021181913508499756,-0.0019251872195650429,0.018850455140084613,-0.0065289757402115164
C011627,-0.00355306847867235,-0.007844370774499098,-0.0031407996881011846,-0.007331623237639926,-0.0027912336491315,-0.0008771370794555827,-0.0031308815786966933,-0.0025758772149106477
C003422,0.010953862577883298,-0.008828498875852193,0.011310732343721947,-0.0059625901478646106,0.015353316295953944,0.000744333606753708,0.014500185148995924,0.0023145094747180337
C007902,0.003630455353441624,-0.006184633032128327,0.002398912273655093,-0.006273219850867356,0.005723324606202285,0.003182157898988156,0.003999499868965033,0.0044607192309125045
C002799,-0.012745512215169253,-0.009552747137278706,-0.013544515613672101,-0.009293262988069767,-0.011774268334426465,-0.004748030816008907,-0.011313213560001433,-0.00868551883421032
C005784,-0.005466013977804044,0.010982673850424873,-0.00417752556022285,0.006586685232955629,-0.003449543816341972,-0.0008184871258961187,-0.0028948312514874616,-0.001267080861892613
C013513,-0.01855460653111349,0.008912390682476654,-0.018860725060835703,0.0068582097406231675,-0.02044768491979438,-0.0028275209262499782,-0.020827806868580167,-0.002194308733199525
C004905,0.02716728542301918,0.03217057109597705,0.029428207869152713,0.03608743347149137,0.03233087683309257,0.020532428607453947,0.031171066102864232,0.03312005658810051
C004360,0.009731176252106061,-0.015220635466992434,0.009507269125018957,-0.014079094868923874,0.013473555481520879,-0.000756368852392932,0.013022384639346272,-0.005381850443476595
C008323,0.001105481112981148,0.011077252992902454,0.0010964854403849493,0.009715696778250509,-0.00035650822279760096,0.0005321815292782856,-0.0007028256033425368,0.0027615986345212156
C000932,-0.00601296309101236,-0.003502667741656458,-0.004702020485321267,-0.0036231728648452575,-0.0035305132738004483,-0.00014028966380380108,-0.0020955790779193305,-0.0008639618388196547
C000281,0.008237851449225038,-0.009293788594232017,0.007906831911091072,-0.00985446716417298,0.01481591323474083,0.003152172208435978,0.016342828392637475,0.000542069867245291
C010580,-0.0071835277520373286,-0.013845325462275928,-0.007984832468736778,-0.01386761754254207,-0.008028056369025184,-0.0038629218739919926,-0.00947038636668737,-0.007619415355253749
C007488,0.008237449495950608,-0.011602797522088424,0.007700839921431586,-0.009109871443567265,0.004642902180661509,-0.001639186346825202,0.003039920129387439,-0.004601419448792898
C012043,-0.0038739575370952445,-0.013280115281621166,-0.0036161027243693925,-0.01202800188578167,-0.0002667325225984443,-0.0015345594534143534,-0.0011763094399644988,-0.004003332593284905
C010835,-0.015171664608698097,-0.00842946783965763,-0.016195498432416598,-0.00824025286222577,-0.018652240518826416,-0.006214177172686797,-0.016746154705079234,-0.008489354887327376
C000669,-0.018892805397706734,-0.0073582633991065485,-0.018939659637872003,-0.007097307763270622,-0.018194889362468204,-0.004807812931908556,-0.019152930004162218,-0.010396019707930684
C006520,0.0020237060991757714,0.02575161337805643,0.001977116130450719,0.023316304051668468,-0.00021204672163619535,0.0017598807553096773,-0.00046122507858763445,0.011021856038352313
C007281,-0.010128293029596771,-0.020063212340519748,-0.010441774516531199,-0.02042566117743283,-0.0031141796094575885,-0.006523204101272783,-0.004519502877874338,-0.015143055885684587
C012021,0.008237449495950608,-0.021271338937621,0.007700839921431586,-0.014113069894917691,0.004642902180661509,-0.0008449779392070074,0.003039920129387439,-0.002311867006799273
C002068,-0.004310377367672394,-0.0139308857125623,-0.0040182610373400325,-0.012565817800417848,-0.000731000193224877,-0.001898519251433549,-0.0015487204803347815,-0.004495611034203001
C001249,-0.009832643955338604,0.0007855006528569447,-0.009464447957251777,-0.0019077648230523953,-0.008147786423756331,-0.0016823205509184974,-0.00820748882898998,-0.0038757886926368912
C002742,0.03461280212345923,0.0232186385484522,0.034685204145690145,0.024334104719438643,0.03523862937204575,0.00046601494394152477,0.03105693560932312,0.006707355385460543
C009154,0.014000176791426646,0.02674186896487816,0.014037590973813496,0.027045238308645927,0.010578012441322775,0.005127708729362639,0.00793777278442599,0.015731464301040655
C012709,-0.0037393269269893315,0.006228156399178763,-0.0031964053102152305,0.002390073306833353,-0.0024915760831842504,0.00012913000350494143,-0.003146553535950885,-0.0003497375685879952
C006818,-0.016024160443202946,-0.013342497947863304,-0.017060129754537773,-0.013704572567878982,-0.016859393316061302,-0.009433276903930166,-0.016433178138089463,-0.01697480758807271
C003430,-0.0007273765859220607,-0.005054990037191148,-0.0007014972637448809,-0.004593526642700217,0.0025648036189616728,-0.0007209253539906209,0.00013154678388761814,-0.002521691805939861
C005987,0.036995751136933076,0.02079845081251968,0.03803333009442861,0.022224673794452962,0.035847560144800006,-0.0010637580106223985,0.03141531840197295,0.0033263626867251093
C003114,0.004183714961010172,-0.02167758453509875,0.004005365423144908,-0.019753041323641765,0.007914131051806569,-0.0030555549454088417,0.007044095415711984,-0.006365846231544422
C001487,-0.002085987459964555,-0.0028449090504375453,-0.0018436920428295763,-0.002621892376141842,-0.001898606462055192,-0.00025826464729691986,-0.0014500478350956579,-0.00159224241891324
C008074,-0.0028372794460311567,-0.002558718925556455,-0.0025377131965523703,-0.002667403949077095,-0.002540613043056884,-0.0004757407907207394,-0.0019252106196076316,-0.0008967473123814712
C013684,-0.00510269268321476,0.014694315616022217,-0.004582845146155196,0.008896658895386747,-0.005661775432169577,-0.002146649361961393,-0.006009862493569641,-0.006989169554723519
C004975,-0.0013185905414946858,-0.01123984704432146,-0.0012403010595244172,-0.00700836826110769,-0.0016588876179486995,-0.0005143396301372008,-0.0014394548547241016,-0.0016756400048835397
C011332,0.015788115396405126,-0.010685199467032886,0.01177762874432772,-0.009511435077532479,0.020629711852964805,-0.0010975340749451274,0.014211715263057218,-0.0026811062013776545
C011762,-0.0185875927834656,-0.021035902619023997,-0.018351871626348996,-0.021112946094168594,-0.017464584962069766,-0.011079630492054683,-0.018648123423124476,-0.019721971623008407
C001338,0.01997339094249543,0.010019619637523444,0.02086612875719177,0.010849943521402054,0.024834918905136432,0.002893146206312442,0.022903948341399586,0.005717718385843989
C002194,0.039833092890043026,0.021870543039478284,0.04003111405203451,0.021684702045038716,0.03600481486593279,-0.00012723377714737028,0.03262750479580814,0.002171937377343971
C001010,-0.015247985959981955,-0.015275197999357669,-0.013501932420451241,-0.01460692870969607,-0.016838035153911503,-0.010604295741764443,-0.015754425363591604,-0.018182074461424225
C002526,-0.018558930728645267,-0.007963127401556771,-0.020185988652876435,-0.007704235316008159,-0.020566933940294425,-0.005068420941630359,-0.02026495533759152,-0.007882731964210334
C000266,0.03656642742386678,0.03612659554104332,0.03578358779695349,0.04186115572051552,0.03531600782412163,0.0039992067971641706,0.03130941056164772,0.016668279535905203
C010153,-0.001981513088335839,-0.014678540754540866,-0.0033137092662448952,-0.01419793780755401,-0.0006016419657838942,-0.003028830162835041,-0.003534106655256754,-0.008721945319200959
C007258,-0.015045667726466061,-0.006873948441712101,-0.01437471905289332,-0.007806718478041419,-0.020823020304176234,0.0008100400767840375,-0.021255376353161073,0.0016963475745898425
C009725,-0.007496422786121007,-0.002034414690591094,-0.006095589589467732,-0.0014500589075866993,-0.0076795475503938756,0.0018546654828915285,-0.008493355944450602,0.0034874957717490693
C000399,-0.005686195067341226,0.0015127397764189492,-0.006238949896636564,0.0017658997016482738,-0.0033448451393831473,0.011078119804041275,-0.003918570865646706,0.012504261592155232
C013848,-0.01947465796003811,-0.0030366040273429556,-0.021014622020125395,-0.0046937725061327144,-0.023682658737250447,-0.001560198755644523,-0.025808831018690404,-0.004041562126842359
C004794,0.005260059431972751,0.02004788693462197,0.006107700251817525,0.020333524743580158,-0.003988652432867632,0.005714557612413529,-0.003444099941660966,0.015012325293060562
C009691,0.010098700173409714,0.0096083087487607,0.006535664661320381,0.007638405044918967,0.015825740305334658,0.0003148557462010903,0.009613735775539582,0.0012344352976495973
C002783,0.023780642852657227,-0.01051205262153523,0.02404468600665478,-0.01023281487466245,0.02971139263312934,0.0012522856583736422,0.028148356958202454,-0.0026241645400463306
C013049,-0.005343812693792216,-0.018630477461956424,-0.0056190813287252984,-0.01855962084433649,-0.008037782422087242,-0.01176535238379962,-0.007621806838173626,-0.02144015573458707
C012390,-0.016729023419727512,0.0033418610375341613,-0.018144097514435395,0.007021806164509312,-0.021156030793658787,-0.0023805127115611186,-0.02282540797310324,-0.002016964055822834
C011561,0.0023507602672906223,-0.01413586894581512,0.0017788726720062511,-0.008586631517931306,-0.000609763626840323,-0.00033616463985466216,-0.000760379505090132,-0.0009795876565733468
C004161,-0.013832802531120354,-0.011287953097735039,-0.014756063568232614,-0.011611444565233782,-0.01532070048097574,-0.0040482617860008625,-0.014137716460757576,-0.009591958983436117
C002049,-0.013219871549030078,-0.004542384286639597,-0.013234977844263555,-0.004054702919728431,-0.01917269655550744,-0.0015183898783780075,-0.019986910275521037,-0.0031242111155806046
C003043,-0.013705856259763621,0.003921748685752879,-0.013158903682203637,0.006166868880484983,-0.011383317715800012,0.00038542131228596607,-0.011769148751735093,0.0016058616199930487
C006023,-0.011784847122977789,-0.01080246540200244,-0.010230677700219784,-0.010061701880112859,-0.017248080456296364,-0.0007750694414521609,-0.01685434995794621,-0.0020500082762053367
C000079,-0.006769304853943362,-0.00803012739131187,-0.0060128991093850335,-0.00839403088122566,-0.00322933869660533,-8.380407583315597e-05,-0.003785600262419828,-0.0015492666138460201
C009372,-0.004627895185111975,-0.005013354486294341,-0.0037076878819727863,-0.00424811945873312,-0.0043003675084033076,-0.00022751118593150588,-0.0029878920266641833,-0.0009731191592176597
C012932,0.00699355729620719,-0.018501099014110584,0.00623425969879599,-0.01289241482499778,0.00366841539201617,-0.0008116631857536052,0.002047902913474176,-0.0026996815196908865
C004921,-0.011661075471215707,0.0018689874351307378,-0.010938962894416697,0.001934797189122772,-0.010952072424969348,0.0009960961033775868,-0.011120862426544954,-0.0010561784920739522
C004931,-0.0039457026287751055,-0.02779571715968578,-0.003697077601698153,-0.02775133545830442,-0.005688913587499586,-0.021726717319730256,-0.00749196394445,-0.035546926109108076
C011695,-0.004081156693470072,0.001911617059939473,-0.0032475752285107324,-0.00013379753710663392,-0.0027284467639675757,0.00015651037527288853,-0.00304125710451268,0.00012822688310788784
C010289,0.009221615555865797,-0.006049195737483007,0.009499999437164052,-0.0034182119976169365,0.011302881115985305,-0.001228809909963394,0.011008373384215365,0.00038370341292405996
C012641,-0.01824190876829187,-0.01348924005828665,-0.01860465003624824,-0.014454779133402477,-0.02067220254227438,-0.008930555278565793,-0.02129827031521371,-0.01641962069467247
C006289,0.02431808898596238,-0.0044363636082646925,0.017718762626799098,-0.003761520767305201,0.026661829515420964,-0.00014267039428794584,0.019087289970161764,0.00019310300564499852
C009051,-0.017054935566455456,-0.006343775505298423,-0.018284471033059566,-0.0017602991648020426,-0.01844521373702132,-0.003976420102469956,-0.018116633902987553,-0.005841156781661374
C006208,0.007620148303264632,0.013005482290208285,0.008545103467335892,0.013198128742766442,0.008797939876492397,0.011115739779574686,0.007851293738874714,0.014886613379075124
C010283,-0.015168692524663454,-0.00782021480079322,-0.013216640871376764,-0.007297906315418545,-0.01772051625901031,-0.007662100799967046,-0.015697932910989424,-0.012170412993263803
C006130,-0.01278658496042484,-0.014542227537610287,-0.013944164332069275,-0.013297228658420545,-0.016064834764116468,-0.0021969456854834084,-0.01707564828784484,-0.006807426184409894
C006714,-0.007905579860709751,-0.018608056884558324,-0.008775127796966938,-0.016963897117041597,-0.009634800050182041,-0.018658193542470013,-0.010175301082122758,-0.029191611576776667
C000335,0.0076453856595463535,-0.026779915445500034,0.006541703723454565,-0.018703772820893746,0.005219103844599955,0.00030265565428934924,0.0036364978840537,-0.0053737368049540666
C006518,-0.019875339282996327,-0.018193455076976346,-0.021235570493541234,-0.018221286978986496,-0.023469291818058652,-0.012667346543287288,-0.025234743400042777,-0.021612065452637635
C002132,-0.0052063126463222755,-0.007359134126230084,-0.00585132688452027,-0.008037478079111697,-0.002980363236261085,-0.0019495865369745103,-0.002648042755593546,-0.003404242886246872
C007826,0.00023389455831344962,-0.010499798997042984,-0.0013149495872050816,-0.010055504451109193,0.004335792475651289,-0.0014012948329906385,0.0005585808489722424,-0.005021704242122053
C005634,0.017127586228452535,-0.003453761656491982,0.013737827054332684,-0.002627501754279637,0.022816692043278724,0.0004124099188558097,0.016949493223864017,0.0007516091529259703
C013604,-0.010809308348686653,-0.01632421759487136,-0.01172782994294131,-0.016397248661041995,-0.016060523709885963,-0.003798821874133783,-0.016568843698323066,-0.011157549676582139
C005441,0.00334502848619551,0.018064055774624964,0.0027748398283245095,0.017771106363012226,0.009240568166398429,0.008914521828475947,0.009191790365099883,0.013847331726473289
C008832,-0.002106307427246913,0.019608298841261956,-0.0018362235972023263,0.015890142499397374,-0.0032412376547967885,0.00017858056250756455,-0.0022955348270445376,0.005001935212241877
C012430,0.03675682437526259,0.014675318120096682,0.03147086048496508,0.012439032243787888,0.03455330931357929,0.00031231607739177147,0.028427446381550158,0.001994708796916528
C013014,0.003873197950745238,-0.022263558680355063,0.0034241292881559767,-0.020654002678557045,0.00785406408506854,-0.002640347407118339,0.007014414391277589,-0.005448110078088292
C005030,0.0005871281740754492,-0.013119271071997935,-0.00037496304754935385,-0.01316828079356178,0.006959893831540089,-0.00306340059626293,0.006171674757768012,-0.006546624630618353
C012703,-0.0015320950763384556,-0.010728742748960556,-0.001332591621444658,-0.009548382896628772,0.0016926212948466279,-0.0003521985940544384,-0.000336301106837668,-0.0005213919805271794
C007766,0.01718898018220931,-0.01246103049569018,0.013481770404713602,-0.011184952009681568,0.02246820492026681,-0.0013784269801737912,0.016318402614693497,-0.0036149940641627535
C009934,0.0024564251307655923,-0.02815601222621337,0.0020077217735391356,-0.02744551860420601,0.008101836622638772,-0.020634688037158483,0.007149013773771887,-0.033383032359394264
C000298,0.021875556481052046,-0.008407766185818757,0.02263015720883789,-0.0070172048097674015,0.02762238690612649,-0.007241591075132463,0.02384591521239552,-0.009202125033014966
C001456,-0.004270008256148005,-0.006352993965180315,-0.005455794914769912,-0.005768467346728716,0.0004944111134240222,0.0012152546836012457,9.357872788088868e-05,4.7028856467326575e-05
C012948,0.012310284765880452,0.016574417102592918,0.01191717859082993,0.016683793480759712,0.013130604455850878,0.00520387675567162,0.009453573454721595,0.012605585099387098
C000929,0.002921170320334904,-0.014221140604609318,0.0011036568898272932,-0.01352963175584143,0.008710752252025852,-0.0031519620028152406,0.0040943832380415076,-0.007024049852766699
C003800,-0.004443138420660148,0.0014990838272192083,-0.003945303387264402,0.001670543036391358,-0.004145591483354097,-0.0013888592430007767,-0.004536193215677859,-0.0019223337710194085
C013646,0.008880681935718981,-0.007730739862698963,0.008430015075026814,-0.008085011596686226,0.011992048235341923,0.001768856971276473,0.011742423977579235,-0.0004296714488346301
C008845,0.004625028378915309,-0.001347065288175471,0.004551666201278498,-0.0007675805714836787,0.0039871172737369455,-0.0006795599716896175,0.0024735445626539597,-0.0021523795281703116
C013072,-0.005590888236800495,-0.0032665641744800285,-0.004762265185748632,-0.002042549760293147,-0.003102596289057334,-0.000955481768012212,-0.0040461730984066415,-0.001968461113533888
C000488,0.010061726862380745,0.004393842395316768,0.006503122198416308,0.003049992892532522,0.015794416947571645,8.506526519986254e-05,0.009589856128313631,0.0004120842988631704
C004845,-0.0002867490581478073,0.022925726012996597,0.000337635478629033,0.017836016457364733,-0.009524797964257559,-0.0005205757874543196,-0.009965881293404978,0.008373755823325254
C005474,0.002231075286739047,-0.01196127433010562,0.0016789225476751073,-0.008382679088931377,-0.0006991271074014368,-0.00036416196469179026,-0.0007739634024406619,-0.0012046005700439874
C011976,-0.004488368455636181,-0.0032708290323113626,-0.003482655997254566,-0.0028319195939918167,-0.0037276761507421007,0.00015873940059227251,-0.002996319936122893,0.0004870829442418247
C005509,0.00434663883051503,-0.010194659217483904,0.002842799318765013,-0.00909739675739346,0.01283406205839025,-0.006584047333723369,0.0097177717762076,-0.00946943076363536
C013847,0.01665401786542172,-0.009140034372914442,0.012702224505520126,-0.008321000275167975,0.02156325874724883,-0.0013105686183258096,0.01523600857880981,-0.0034798475199423477
C011899,-0.0007082081260875478,-0.015610628054761795,-0.0017002258266742766,-0.015742136144229354,0.0031274584911779473,-0.004881577277716162,0.0029919918217339555,-0.012007836211579817
C009525,-0.00014075524888304693,-0.00041535458365005737,-0.0007710502920777522,6.797175017344177e-06,0.002484729940796669,0.0008637066496185922,0.00036455354739976743,0.00029951410523576354
C008437,-0.014808290932901053,-0.013960502258519485,-0.01611986136060602,-0.012495436860536481,-0.01884439580791714,-0.0058505173232676535,-0.020077258280995127,-0.01062299006057243
C001749,-0.004738011086238752,0.006868374434642204,-0.004175493605528874,0.001668582424680297,-0.005510655168493092,-0.0006511435321700723,-0.0058667431319296545,-0.0024957393522362864
C006856,0.01947791577232486,0.029185725277906135,0.01826156626876707,0.03374542355535477,0.026342706515843674,0.02199043583253276,0.02242068183044767,0.03929423880833308
C002943,-0.0006422060834039824,0.015377782288459343,0.0013274015652540282,0.012727408098383899,-0.0012521578150263251,0.005277949036996488,0.0020675916901059764,0.01163781633902054
C001618,0.009616496495837443,0.014772020475724845,0.009427601594236884,0.01594900986155593,0.01252345537612954,0.014047756074313805,0.011498430461705947,0.022477140773003536
C009804,0.02284347285052917,0.040553306558273716,0.023122316772742277,0.0525018121026123,0.02906894285393371,0.030788199052166454,0.027597283232969838,0.05857454715765216
C000569,0.0058392112370722424,0.0005746699778625259,0.005617124409654241,0.0008464392905012508,0.0023250790553459065,-0.001232071033198743,0.001439089348411884,-0.0022696056298933
C010765,0.0022882915747294836,0.01605266083399142,0.0005128503375124446,0.017854544325347596,0.007641004230516514,0.011117565293855427,0.0032950048989258936,0.019869000901215083
C010842,0.015649459249633384,-0.009271366901223084,0.011642507192497334,-0.008372882879837467,0.020494849176400733,-0.0009879940147851439,0.014074814368444388,-0.002652495059868186
C010869,-0.005661130811387439,0.014304709534455933,-0.005217585634661258,0.011980823783721135,-0.004894213198399915,-0.0019404292636474646,-0.005335652693610008,-0.005384924120747251
C009396,-0.008881295269631367,-0.013550660801647081,-0.008512416018714698,-0.012255868666703744,-0.006683036905484646,-0.001836269281998,-0.008400985775981744,-0.004876761940248082
C005295,0.005085140503093146,-0.014315328077238764,0.006971895298820275,-0.012976976832287037,0.0071727367602554375,-0.008499594839567809,0.006419855717161254,-0.013371032573298948
C007200,0.031169288594830563,-0.0029785613596439308,0.030052091564994495,-0.003320270320281992,0.03293419212907798,-0.00031634420114142603,0.028650734563223555,-0.0014575865657283679
C013716,-0.00937343479345607,-0.013710391778229707,-0.009068816455062537,-0.012403100545887726,-0.006560640942586137,-0.001343215253866853,-0.00841048730410836,-0.004785391044187179
C003871,0.009577536805925794,0.024643307749447663,0.009837125696724769,0.021355336560803007,0.004318391128186189,0.0024165127944705015,0.002888028097748685,0.00927224657343341
C008903,0.031376727212494425,0.03738013277716118,0.03262721412772889,0.045435270095636006,0.03474479808847853,0.021012605845450175,0.03315540251490523,0.03989387939137727
C013343,0.004571833312744758,0.009050417841778714,0.0039368408091245075,0.008987932240857628,0.008431168231580896,0.003483709423959427,0.005476398061870978,0.008825323031460788
C009027,0.0014198947722444438,0.014876723531451102,0.0004964379774408689,0.012645184391329825,0.00012788487938330468,0.009125461101091255,0.000173192525079142,0.016705823583047154
C006800,0.001620244198108853,-0.0035858677024551895,0.0008945570026834505,-0.0038825984506063406,0.003662353037244919,0.002634281994003425,0.0022587488204492186,0.0051099026315932885
C009773,0.009498445770159777,0.012735897356725631,0.009577088108651086,0.013315031157957714,0.016084833103017334,0.009101351330647448,0.014352215524894208,0.016970880394959195
C002130,-0.008175902453179406,0.0019606490067157404,-0.009053404298480096,0.002715462090466585,-0.01021055076449635,0.006394245912771379,-0.01087965943264059,0.008999628963795817
C000517,-0.004933970926325206,-0.00424961901980265,-0.0037976327316132964,-0.00471927426564556,-0.0036675716381679413,-0.0003967763064716762,-0.0030360252738935323,-0.0013493414193248108
C007986,-0.01497320287321571,0.002174106355843366,-0.01443130487640354,-0.0035327429158964214,-0.014985732430148653,-0.002271636100705205,-0.015137539864844285,-0.007525696748444297
C004362,0.0010455883559684859,-0.014403678457284654,0.000708009326962679,-0.007396800009589168,-0.001342115953443762,-0.0002347720867991178,-0.0009978422699396664,-0.00035624964399392443
C007254,0.0017525180454979667,-0.030195029179387642,0.0020486492212004846,-0.02528625594839916,-0.006369156951478132,-0.0028532832637079685,-0.007333148602688774,-0.010729167714708302
C001746,0.02755596457170744,-0.0007195616911737031,0.02741679826685863,0.0003279354404053232,0.031698466834673075,-0.00043757800742343913,0.02881331422423004,-0.0005562624303170493
C004713,-0.018888340434303142,0.005170750205619302,-0.018918046188453844,0.00255943652165251,-0.018136705988415654,-0.0008061242692357384,-0.019119003059566268,-0.0016237213329448536
C001768,2.412533656846662e-05,-0.013281017546518606,-0.0007233391062733622,-0.011708278608407747,0.003561312882831553,-0.0007912561164602548,0.0018612557624388454,-0.0031478142554880527
C011930,-0.014965200985518205,0.0050222770614277885,-0.01590764933352851,0.000476207689865768,-0.016871939713265848,-0.0017995488766761867,-0.017873221461024682,-0.005205115701137619
C010887,0.015275442359955189,0.020783082659966798,0.015265853356103644,0.021393804162452058,0.02137801784620354,0.012372971048381315,0.018457018407037156,0.022396407211796695
C001030,-0.010973363219098427,-0.0009837272489503553,-0.010662477120316365,0.0006861279155548948,-0.019871308359131753,-0.0033217914096352096,-0.019353902635364295,-0.00501400868293064
C006120,0.003990857687035871,0.022893309710254956,0.0049949984283865715,0.02126056715078462,-0.006057419080053555,0.00580112611801473,-0.00523230245988571,0.012614996670499168
C006535,-0.0045086315337512315,-0.00932334833037472,-0.003901355521069666,-0.00858049848639614,-0.0034808102593136786,-0.0010281663912462221,-0.0040019522725913675,-0.0029613316707640465
C013607,0.008390357631948614,-0.017730847599068324,0.007833668619594262,-0.016174676743488544,0.011084523110988075,-0.0028634686378826144,0.010979777129947571,-0.00879677057133785
C006566,0.008287417760361572,-0.02176438407330152,0.00770929778605974,-0.01762607055123734,0.010895375290751378,-0.003964830121125227,0.010818960257016697,-0.010044227339274648
C009729,0.033185945950930565,0.0033082602793084058,0.028187974906221526,0.002112546975399884,0.0328595357068166,-0.00010885113436770593,0.026791304770772396,0.00038222230745147496
C010800,-0.002421614301754655,-0.015219002201216547,-0.0029914091303273804,-0.014264641644248016,-0.001017355446920612,-0.003379706095053214,-0.003336432672237054,-0.006695442268340488
C005432,0.012182070119825621,0.024570002082078112,0.011945523592848445,0.024494170084457728,0.008326900831976545,0.003491109868054641,0.006478985472039633,0.011994674801572151
C005444,-0.013877763773295975,-0.0028878485129985565,-0.01324839448827609,-0.001260045425065303,-0.011534038834972987,-0.00016346223126195283,-0.01181027284863928,-0.0008528442545210368
C007969,-0.007688106736505246,-0.018184631091504845,-0.008243267083743894,-0.01787084865749558,-0.006245625701560621,-0.011070089545335584,-0.005768223384712073,-0.020323299727549395
C009553,-0.006450368658293642,-0.0006990319316357931,-0.0062165563293825245,-0.003706495212556546,-0.0054121938169777225,-1.923845571562905e-05,-0.007626496762689482,-0.0012766675311899455
C007931,0.0037698233083799317,-0.007341463298864418,0.0025352531474608438,-0.007164453873692755,0.005895576092830142,0.0024422680126896766,0.004093719109640836,0.0028909910389996025
C008206,-0.015439154265089185,-0.014833853558404064,-0.016370584117133172,-0.015357091684846837,-0.019098011677710053,-0.006214621488939215,-0.019448581480111155,-0.012678101621042232
C001640,0.03801367645009043,0.01516851052073288,0.03864730698483923,0.015302772849642989,0.035246523714022815,-0.0010880129653364774,0.031157516734032588,0.0007617180362213282
C008432,0.00774981475766525,0.0307097329137795,0.008716376482637013,0.03219324770929091,0.005795626807812034,0.021681364508916265,0.007032675025416584,0.03685400200786837
C013512,-0.0023049045704245747,-0.006269334705123752,-0.002183200898014328,-0.005154330982397604,-0.001864382042938385,0.0002562441976788726,-0.0014289883546294419,0.00015489617254484345
C000798,0.03746368489339017,0.017941629982693937,0.03473595889325075,0.015770559359767188,0.03568700457932211,0.00035912985086548237,0.03074537474753762,0.0021280022662718383
C011926,-0.010930628786610039,-0.010806536475137468,-0.010979684848650743,-0.009435997181063067,-0.01082265435457343,-0.001647756965483927,-0.01267662157611789,-0.00430091840809052
C007176,0.04353326875648042,0.03287159366034709,0.05118798868103583,0.04007853147340944,0.038258200938176626,-0.0011774284861878002,0.03774789601170212,0.006424142660253533
C013928,-0.0002814070381181125,-0.007544404485524666,-0.0003116763378285623,-0.005639547618916882,-0.0010973427918020506,-0.0006773946679731294,-0.0012048742326126979,-0.002426695372645583
C009520,0.0062627746314015895,-0.004472810465516202,0.0029571233350754113,-0.003296165984360506,0.012547965070756123,0.0007077164436228498,0.0071718413551102676,0.0029308939158264606
C008744,-0.006099175519247541,-0.006905944792805593,-0.005593324521485496,-0.005437786160190048,-0.0049830911649578116,-0.001747282684314483,-0.005581231878450529,-0.0032335111187972894
C008434,0.007662490706863685,0.010337531119559602,0.007913731852467097,0.0075864367710513515,0.012252562923900336,0.0010310117963651432,0.00974760693752449,0.0013138532321283404
C003007,0.03030092297966743,0.03893378016477084,0.03561077101640598,0.04587059312547049,0.03442255643364443,0.0004999487447217613,0.03849871181882562,0.016746471607517462
C006245,0.008051912141390512,-0.02392581448769303,0.008550834605225793,-0.021624600288037255,0.010905371088510765,-0.0012853325049993441,0.010627762166319594,-0.005299830259852198
C013832,0.0007799494565922329,0.012535485317491388,-0.000818692000606761,0.01410364081592309,0.005259605671896673,0.009058420435951597,0.0014209906644559835,0.01625900242288339
C012972,-0.013213150227530456,-0.01060436256811444,-0.01296206317993389,-0.010609300166915279,-0.01107519731000959,-0.0024333288175752456,-0.011679127467273303,-0.006978398355305393
C005098,0.0030874773210650503,-0.020914068734009802,0.0031255132703748643,-0.012047965692225963,0.0032090685297527497,-0.0005164593413057563,0.0017996314803436885,-0.0007172234423932929
C005807,-0.008140138730571624,-0.00012945214713823482,-0.007717312353800404,-0.002824402119737349,-0.005419429008793038,-0.0008633487152481603,-0.006167978758886921,-0.002585529340032017
C006532,-0.006721900842969867,0.013339120579769648,-0.004514337452053353,0.011021468778591384,-0.006783595659947116,0.004272130294911514,-0.0065995717713477255,0.009271216516285962
C009189,-0.0030867578080076485,0.003263091240354163,-0.0028079428304426932,0.005844142166571848,-0.002641889875872314,0.00011232655208623137,-0.0024300112443627685,-0.00011877182749855105
C008358,-0.0016788680899605102,0.016026262195918912,-0.001267026130795057,0.015340319766051111,-0.010935908336674604,0.003969588949255342,-0.011390999357066228,0.008550945445378499
C011841,-0.007383587723219482,0.025093659087948486,-0.009422129736048066,0.023889787161643427,-0.00907024403480517,0.015908214654215266,-0.011972942862125366,0.02503641376137603
C004767,0.0013590926605762663,0.024234483864948735,0.0013843988452935845,0.021092025759761008,0.0011101567890586517,0.0008077294136620747,0.0002603663855816282,0.0065898221527818214
C011857,0.0074974468893342,0.0048815638126038065,0.008181691021022154,0.0061567416560589115,0.005682079199405512,-0.0014424862946381687,0.006297184883263774,0.0028240141075025664
C012544,0.0042980864091596484,0.006657334860237959,0.00359249550714198,0.007223200455656459,0.011274650104558961,0.01602539047505335,0.009606644637958312,0.021337948325850547
C004308,-0.004796268149186145,0.039699918882717976,-0.01316196484418639,0.04441332912844984,-0.004110315329843402,0.023278145419309105,-0.019204439360873567,0.04843021524993365
C013516,-0.006905763613352097,-0.0033231079153374092,-0.0076493350912643894,-0.0038594908052580284,-0.004867413711136472,-0.007373361892829329,-0.00517871229335348,-0.008106943359568486
C001347,0.011957653579772775,-0.01780494662970064,0.012879872735072694,-0.016195507520684785,0.012373057265398677,-0.00927455077688968,0.010132319290239439,-0.019406352064573487
C013225,-0.0013150039677792302,-0.01353350994954703,-0.0018076102142317435,-0.012838901898785888,0.0018850945191070262,-0.001767902825606639,0.00010055579781888237,-0.0043180340628662574
C002595,-0.017129964938042645,0.006217792670509119,-0.018375463282079143,0.004685827613537478,-0.018558807404631523,0.00011065751572268142,-0.018234998264087376,0.002010026165838083
C000003,-0.018654284223743763,-0.013327522833169887,-0.020281477634899566,-0.013942655516133806,-0.020752181908149456,-0.008760987125587932,-0.020389441681325265,-0.015336361695478272
C007523,-0.018039816273826222,-0.0034377114367067805,-0.019282943613529908,-0.0010962069862306173,-0.020510855698493643,-0.003508326723218644,-0.020233762776995873,-0.0025241242557374694
C000065,-0.017734752475854605,-0.020280891738689206,-0.0184076714597407,-0.020603235568344182,-0.019266385931715445,-0.007920261010260247,-0.01937012713616719,-0.017131482046412183
C002808,-0.006064378255796795,0.0002930212587127274,-0.00469636605996852,-0.0011970152644738587,-0.0023500724169840358,1.9241208911938575e-05,-0.0018455814854802257,-0.00015989554039837122
C009404,-0.008663062051894602,-0.020286238227671224,-0.008975134003064154,-0.020062351724040552,-0.010718434857299224,-0.016480570829699694,-0.010376794723306815,-0.028198089885210394
C004196,-0.0126259461389622,0.004434102972005464,-0.011277638379756635,0.00313286094524589,-0.012800285078684996,0.0013625432337872503,-0.012738622544998458,0.0022636913403694192
C013055,-0.002788370938980175,-0.007150347498841679,-0.003600684549505428,-0.00773458518543509,0.00028555350741489197,-0.0016026311025188296,0.0002949453429657418,-0.002807923636137525
C002910,-0.0014849282203360096,-0.005849452965236954,-0.001989280731638191,-0.007123648824508263,0.001530397750742208,0.0027446972584080236,-0.0003764137398109265,0.0029435582419934923
C002443,0.03158463834199093,0.04104649036303197,0.024559934633469525,0.04853303159000468,0.03126575190482982,0.0050025891041830224,0.023915489804521625,0.01986337817226272
C010149,0.0021688820903240803,0.011117911812194552,0.0010760675020402841,0.00929240496565998,0.008401882867427655,0.005771560417684472,0.008943898327858324,0.011336841288442983
C013797,0.027227752139585774,0.03390284683415825,0.027145723198064287,0.04023245734112863,0.031566381786834956,0.020508206693475015,0.028858307988518957,0.03898637820803099
C009587,-0.017129964938042645,-0.009631174184483636,-0.018375463282079143,-0.009808412735457387,-0.018558807404631523,-0.005948291032108179,-0.018234998264087376,-0.010226989205844823
C009861,0.035462428824242796,0.02357326619018764,0.03922721289092962,0.026428761321668697,0.03792571421327787,0.008450562203099372,0.03867885540701021,0.016014311002730486
C003597,0.008423265116661477,0.013710685929637383,0.008428352692495956,0.013588905532147356,0.014009193405635126,0.005654544999710409,0.013165682465975562,0.012917062344762224
C000025,-0.007869420196824083,-0.019740145232073025,-0.008738219896767206,-0.017994200039432327,-0.009557266458123827,-0.021122930314710332,-0.010082501099550977,-0.0320244627659075
C010148,0.02500121093021024,0.03434433557383098,0.025872465756536143,0.03956731117691811,0.03041160099990647,0.020030841339599786,0.028437641334463734,0.03566472509926293
C003990,-0.006124437863690106,-0.0026455785828762212,-0.004642622590452617,-0.004350704566101415,-0.0030241549053169714,-0.00032408559969911675,-0.0024062703067445246,-0.0013528515831817787
C004068,-0.003885415596444912,0.007272060712644196,-0.003638325756226044,0.006687565526031301,-0.005518754359704586,0.008939847068080348,-0.007335843660707041,0.011842226800483344
C012309,0.01716530148958684,0.028392191198808994,0.013745219470635688,0.03150876134971057,0.02281829202967261,0.011907539437350474,0.016929926562724143,0.027551242926066713
C012883,0.040103116799724045,0.00902839658750098,0.03992337411836377,0.008746640335930983,0.03630328450043766,2.7679088875901268e-05,0.032796640544538916,0.0015778363738658558
C001660,0.008913618822184373,0.012202444483357857,0.009040605751569005,0.009322772659116657,0.01501506764281622,0.003419313670279169,0.014439425240814494,0.005874173282264817
C013835,0.006076769737226159,0.00898439380156777,0.006149509108353772,0.0059683363681957945,0.009952437884908412,0.0004400749640898699,0.007216313733695182,5.598188392170262e-05
C012486,0.000744605145077743,-0.0005543090609915789,0.000790845880862137,-0.0005300402232491188,0.0007735400430291673,-0.00033328212122315083,5.863969802399274e-05,-0.0016459064673932568
C002953,6.169935820329125e-05,-0.002878740509958652,-0.00042167765934044007,-0.0028421558011726476,0.0014385226886803031,0.002019561926735751,0.0006227561056593047,0.004403008993031154
C003672,-0.01240209669851809,-0.009297314519186153,-0.012564368635402067,-0.008996283091899801,-0.01791765604500077,-0.0021330030785893894,-0.01885273835661205,-0.0043457879071033025
C006175,-0.015417056771005138,-0.007408347606258503,-0.014297720500481979,-0.008248249214734535,-0.01390730639466695,-0.0036027698415774874,-0.014462373285034767,-0.00869751032011353
C002893,-0.010854004870863576,0.00011056150182311479,-0.010641298686125216,0.0020823260927000406,-0.019828314711316523,-0.006666088639709336,-0.019093812164244276,-0.00896296937987828
C003795,-0.011393420208839605,0.009947066349005945,-0.016329595873586865,0.004951016034030726,-0.01470998215023554,-0.0047544124293392555,-0.019414202667844195,-0.0091640795646356
C000581,-0.011866842158343027,-0.004638404044806038,-0.010145186548502756,-0.004755394079893876,-0.015594533199702327,-0.00046206598492738325,-0.014282863294337311,-0.0018463712295553958
C008043,0.00014469827759411473,-0.015347996959439067,0.00022164515446266068,-0.009332853833211821,0.0016529127058962328,-0.0005934628511915257,0.0009240033573675152,-0.00158654249987221
C000346,-0.010731152970978632,0.005186591029518145,-0.010790933634975037,1.5658456885799255e-05,-0.010684779331996857,-0.002552400531296842,-0.012581702949001836,-0.005722397047928623
C002533,-0.012499997468473453,-0.0065395519580696984,-0.011286817995320698,-0.006825849062869717,-0.0119098333715156,0.00021693224819921455,-0.008335695617558269,0.001221975678987648
C011784,0.00037751966052514325,0.0046677956286584445,0.0006586942352521033,0.003346877138068485,0.004136611542502677,0.0001461836284743776,0.002413669028187133,0.0002761745926770519
C012912,0.006321675154684761,-0.011562794203911517,0.005616933340745874,-0.012289114762505948,0.013387027509649105,0.001997958153103962,0.014932380679973855,-0.0020622776363510204
C006275,0.004952348309583743,0.013837578854899548,0.004950032062236007,0.014418783750249202,-0.0005633538700304495,0.0063276667581053095,-0.0005172040537191204,0.013658271191668469
C009131,0.010792706611411454,-0.0033484609098395637,0.011178842852305358,-0.003141493678225962,0.01452440531599295,-0.0010884717567366945,0.014068461469974087,-0.001056294299637126
C005049,-0.005979656217799458,-0.010196358221938772,-0.005159521698980079,-0.009728597741162049,-0.003038701248939669,-0.0008364571254012347,-0.0036956485944166346,-0.0027613948010065397
C011902,-0.009398370367204726,0.0025554116116525256,-0.009153087337784381,0.0008067225921051241,-0.011440951820304858,0.0015255135887851377,-0.011587159523863062,0.0040075611222914155
C013185,-0.001571677861851698,-0.0016383399257750527,-0.002081503404218645,-0.0005484257111203505,0.0013240076718858823,0.003089576580075341,-0.0006522888015094321,0.0015075857973504097
C001088,0.016414396685202195,-0.014290050161357483,0.013322748215466924,-0.013276231275254307,0.022420371983092723,-0.003925748357807025,0.01682115654393105,-0.007786234609062235
C011446,0.005270554940816855,0.030218110672501214,0.006081544563780299,0.02884210268295768,0.005519690783382206,0.012688277044799414,0.006045067083151466,0.022031671889896923
C013189,0.01269810128166508,-0.025413379913315368,0.012952087759213533,-0.01440663803293244,0.016428374180345512,0.0019338191014939942,0.01476705850156212,-0.000406734569055517
C000610,-0.0074914629049596185,-0.008711013457246343,-0.011791188141089433,-0.007688060555809743,-0.008722525671323584,0.0026262135266286266,-0.01323201605419299,0.002129398525896814
C009912,-0.013345433237355118,-0.009360053544998604,-0.01333074317320053,-0.009515057320535116,-0.019344038682324226,-0.0007211317866578068,-0.020135589708809975,-0.0017036935959320529
C007739,-0.001985267299142911,-0.0019768277985140847,-0.0011351876379498795,-0.002755938727766932,-0.00403431016533025,-0.00139404004756414,-0.004659491160275127,-0.00226502061727124
C008044,-0.0038881632024252706,-0.0030014133821523936,-0.003122524397529372,-0.002594743521366689,-0.0035450134819283168,0.00046043641892879876,-0.0027693990851245004,0.001215688661568837
C002823,-0.013755249632735611,0.017043912533551857,-0.01318364919933881,0.014406379412531471,-0.011425367711164447,-0.004428264296649914,-0.011778796090419602,-0.007214970880144664
C003527,-0.005718703743629713,-0.014525915698820759,-0.005616446707151529,-0.014017225783666125,-0.004515399858415061,-0.009344371500352687,-0.0068982996042700265,-0.014812230934567086
C008716,-0.005131904009286843,-0.0047292697655095545,-0.003843558367025865,-0.005376626248177581,-0.0029920895484055747,-0.0003129367253645695,-0.002617951109061343,-0.0012127418293450124
C013957,0.023644418832316858,0.00836767769579351,0.02429928663352348,0.009273970703173014,0.029176057690028886,0.006987790601451816,0.026661394774840214,0.009191877984692115
C003914,-0.006730234323324364,-0.010428351761956446,-0.005976448363959989,-0.010095117265543933,-0.003200136641741042,-0.0008640176050146004,-0.003768060717439796,-0.0029090792231993667
C000078,0.008715578470518733,-0.022954354810725795,0.009066631580856022,-0.022224325991027357,0.013807358563066183,-0.012366352274540368,0.01154190153068959,-0.018515375949607962
C009960,0.00930570837010412,0.02103382882636188,0.010532619500794885,0.02201916236965299,0.004610434170167107,0.0064460287938792205,0.005306915926040485,0.01762244166997833
C010006,0.024187319294717725,0.023017471147002963,0.02207990797800152,0.024702705722212878,0.028380703404458328,0.005735362223053817,0.023398010609600624,0.01629232821583161
C005012,-0.004874402800280236,-0.0282879585352099,-0.004630333614911002,-0.02331714369525103,-0.009527910578226552,-0.006824809841714357,-0.010388869501602291,-0.017312966809963165
C005370,0.009770586454115299,-0.019146876045811646,0.009960550802989453,-0.012923257335636769,0.012064165380382156,-0.0009718420999453778,0.011666566740507913,-0.003208531668820165
C007693,0.010220491207184157,0.015621084270600027,0.010166430708863765,0.014361391614327755,0.01421011572094519,0.010224098362554748,0.013684766479584009,0.019846869763860082
C012423,-0.002025828949194279,-0.008528981114038083,-0.001783769726313917,-0.005703654575345154,-0.00029015685523425995,-0.00045874651782697813,-0.0002766348050742103,-0.0017992937814827047
C002248,-0.0006350335637654149,0.0044267222957942165,-0.001444646932748896,0.004266019806269193,0.0016010497632536543,0.0029595216936519,-0.0014086319337779244,0.007582644076941103
C011940,0.00793604655254436,-0.016202206307188046,0.005922233566057826,-0.015591526742176485,0.015749855499953475,-0.0016103992489594474,0.011732025458327244,-0.007993340743482513
C006468,-0.003390963032243364,-0.010239615134180395,-0.003077118321851765,-0.008995413988950502,-0.001466307283936169,-0.0012390809486865632,-0.0026515444265382175,-0.0029804971680002807
C003381,0.0037422174971906874,0.022770698157412728,0.003209710028114775,0.024368113947570415,0.01036650004673315,0.02018809124086662,0.008153495438838119,0.03250661355326776
C009763,-0.012728918856607447,-0.014020391910373131,-0.013125265019716779,-0.014333046840671514,-0.020342979372015506,-0.008979534035799428,-0.019699234274170994,-0.015405211857678442
C003878,-0.007047518305721759,0.005011049614487162,-0.008143371529690744,0.006560800078152363,-0.011279343373568564,0.006759317275850068,-0.011950037565296343,0.010472126377745796
C000884,0.020438893958507356,-0.025918891457878516,0.02179334693844388,-0.021338922310514787,0.024093816030983976,-0.001263306712121333,0.021987505049786325,-0.004065063835958158
C005840,-0.004946847851927307,0.0030469785917543978,-0.003720541212114305,0.00022599599670842233,-0.0030742275138699957,-0.0007578316996656285,-0.002722055109888072,-0.00218887304992841
C004988,0.017827653291805436,0.028273443046928706,0.018483944447062833,0.02865497703638391,0.021449885784074918,0.01570633729434065,0.017694027218994757,0.026448866433726143
C005821,-0.003586759155478896,-0.0007992613909665503,-0.003141530995205874,-0.0012462458070311737,-0.0028340061374340785,-0.0009723822319117788,-0.0031236806682089268,-0.0024290084206920488
C013747,-0.018483563266043817,-0.005399826512697667,-0.01989366987366178,-0.005264901032214116,-0.02074480702463143,-0.0009487157269175845,-0.0202592662593699,-0.0020508350945667242
C011313,-0.004332824976829878,0.005291716709645491,-0.004074675434660622,0.004668988340145939,-0.006860961271861949,0.007492053787601326,-0.008512514411327271,0.010349615548067204
C007101,0.0026092306562457285,0.02058427375283399,0.0021921477438822576,0.021575318619651073,0.008666701659215684,0.018231740358913295,0.0066463146617273825,0.02881532374060729
C005492,-0.011784847122977789,-0.0028552577033482394,-0.010230677700219784,-0.0028203764192271034,-0.017248080456296364,-0.0012142962973666028,-0.01685434995794621,-0.003463315929983826
C012902,-0.0009188182754740282,0.01344248201710933,0.0008981801462532249,0.011133971224612436,-0.0015262664302909746,0.005248483098570336,0.001552357006141283,0.011518187311745729
C004495,-0.0030296830663246034,-0.007508911837821901,-0.0027897512783212515,-0.006458113978952551,-0.0025910325528308215,-0.00027002689294605806,-0.0023987655801055736,-0.001000474258884465
C003327,-0.0072407259602966,-0.007895997005138537,-0.005215668202891063,-0.006651025252428655,-0.0073585816688806985,-0.0013176260763428102,-0.007452948594608443,-0.003180050736541871
C008413,-0.004581561506571105,-0.003330447074097353,-0.00377444777762829,-0.003224436615042893,-0.0034204879382057412,-0.00018775989711910778,-0.0018227429376289222,-0.001055951563196792
C013758,0.033388466824175206,-0.0038186298506007977,0.028883584811010235,-0.0026704475738093952,0.03321915285789146,0.00020358225783107396,0.027393320794082177,0.0006843600212704609
C010380,-0.001620209119824698,-1.3029274646542549e-05,-0.0006192297921269616,-0.0021996610394193986,-0.003321525066212203,-0.0008345479314802184,-0.004254918678330348,-0.0018962172562686417
C003265,0.02915554776317482,0.013430562352444476,0.020735841135062848,0.010674247942094277,0.029538262344006264,0.0004189192096427515,0.021194377230847355,0.002158805619537275
C008229,0.0012270124069654821,-0.009104044852786503,0.000595873253561784,-0.00814009573566175,0.005783342755220754,-0.001633401799730572,0.002050722684720679,-0.004637993894856679
C011985,0.011269471187288186,-0.005453674074382563,0.007541727379893821,-0.004968272690765881,0.016770114847838885,-0.00023237411180910514,0.01038358350257212,-0.0004067133917428239
C002746,-0.005236351300029649,-0.014218776279975072,-0.004933947132484618,-0.012741897530840048,-0.00241837932886847,-0.0016540319319050542,-0.0033507987557215534,-0.004461032176824612
C008602,-0.002421614301754655,0.004454857381291179,-0.0029914091303273804,0.004951571648445147,-0.001017355446920612,-0.00012537580891751663,-0.003336432672237054,-0.0001524742056332487
C013496,-0.012390420050975038,-0.01038856246964327,-0.012697561783717781,-0.010954805020385523,-0.020649783613700564,-0.0019434192247502805,-0.02012593107369423,-0.005533028678202905
C005341,0.040779818522198225,0.0168297709414629,0.04293588020716051,0.017619692153804104,0.036134468709296846,-0.0008978005678402849,0.03307204337227994,0.0012344699654730407
C007891,0.0026675636776562904,0.02271623127196823,0.0026443321696477885,0.020216289714735262,0.0017444988303590304,0.0011633318531225692,0.0007941133995462135,0.0069227901112807145
C007692,-0.015571527956811661,0.01144581900301638,-0.013975426908696194,0.007511314117387631,-0.016917726526083098,-0.006015410347036978,-0.015070690549776304,-0.00760573578659076
C003048,-0.007194716028255261,-0.002856252869483846,-0.008057608703252856,-0.0023958449050037927,-0.008117142486422977,-0.003335368036347236,-0.00845300313550917,-0.0036553213069197925
C013863,0.005985592199470867,0.001050215760825224,0.005812140608278616,0.0014387377139456702,0.005969590699268045,-0.00039809833403779585,0.0037767078415552563,-0.001313727186201607
C004947,-0.0003089443358928474,0.01168834139886102,-0.001048181883370695,0.009686466795851965,-0.0020941676339938957,0.006423019798630435,-0.002052222677075432,0.01197568099485104
C007172,-0.00019288016151433593,-0.00026382225793071534,-0.0002632425692473351,-0.0003697371282106638,-0.0021080235942203887,-0.0006544439729356381,-0.0015553197455387068,-0.0010381813227558923
C013469,-0.0035235183488211046,-0.012742187491068369,-0.003315080011867909,-0.011244405639527704,-0.00011607508771385891,-0.001638590429065543,-0.0010580745423025796,-0.003723930608235724
C007924,0.009659937210532777,-0.0013538600335903884,0.00614700521869202,-0.001720788331230442,0.015454247054063546,-4.7305531086831876e-05,0.009330752939662788,4.590948393216521e-05
C001697,-0.003836126505867516,-0.0008696145501046254,-0.0032377727765186487,-0.0028370638596094196,-0.0023671218949186,-0.0001940317914604858,-0.0030115059498392487,-0.0008188344302344388
C012278,0.0034872799942547634,0.01093339091543715,0.00347016969595687,0.01010922282841347,0.0019206127206576923,0.000499645986536999,0.00105906051263129,0.0023987896150960237
C009101,0.007225016874658069,0.02218207744754966,0.006667268988593724,0.020563640683203946,0.005477817275329458,0.008796708559162574,0.003991677159157753,0.019856103400326227
C003595,0.017228871499618666,-0.011185123610965268,0.013554047501220537,-0.009874701478857117,0.02256678726629424,-0.0007022936376605779,0.016458810966427432,-0.002263975700598101
C000107,-0.019933422878416172,-0.01834949357868704,-0.0213845774718723,-0.01827622054937449,-0.023744189616778048,-0.011500481904302067,-0.025680943689074368,-0.020326049010942805
C012354,-0.0016103716925235656,0.009656534592998596,-0.0012705218741768782,0.009602407233662031,-0.010711035724110227,0.0030344046731535426,-0.011172341276739287,0.007893861773900633
C003211,-0.0068532631990697946,-0.0024356578142797685,-0.007603847539454659,-0.0026286867382621366,-0.004769618192294071,-0.005652563951301723,-0.005076405257471781,-0.005403088306480137
C004864,0.015296821054390324,0.01261446355613623,0.015263734507508137,0.012705954370607073,0.011410518951198358,0.0006741954562801818,0.008818039687805777,0.0035615827091560457
C002797,-0.01987367782764588,-0.017537206542955666,-0.021380070312904308,-0.017310467555694056,-0.023840924663672408,-0.012347402161310117,-0.025873696206834357,-0.020958005243272227
C011447,0.019420814100686155,-0.01483640062688558,0.020868688888304076,-0.012146350026890972,0.022896839725873055,-0.006433953615381029,0.02216138335604201,-0.014584319756966745
C000917,0.003193754010473879,-0.0053756712393828775,0.0020732151080508497,-0.005610103993797089,0.005201846819567746,0.003305223621976379,0.003704182484852294,0.005052369681982613
C012492,0.03126695857204197,0.03831273689844406,0.036842044732753786,0.044869797679109195,0.03524692203069474,0.006436901076258625,0.03947638524722913,0.02288799988182051
C007679,0.00279122748986655,-0.010804428084380509,0.0028366015503631455,-0.007602317691490631,0.004127389567304266,-0.0007406870282706317,0.0024574640625535634,-0.002521798544181563
C004967,0.016313367202447148,-0.024153955447337942,0.01676595026770455,-0.01885281771825545,0.02115450644932751,-0.0017466905279996297,0.018452814248096,-0.005481944836031626
C008803,-0.005986105549237905,-0.020803620698927,-0.0066193843341649265,-0.02006813526558753,-0.0034344392057532457,-0.02049429248152696,-0.0038947679950905893,-0.03191702844123924
C007195,0.012253196552847862,-0.01090516434261684,0.012026984270995184,-0.007972244716966649,0.00839278243682946,-0.0018401777786839642,0.006517265731531802,-0.005067011623246479
C013010,-0.0033870045399664594,0.008232231767113227,-0.002822654189151066,0.00276791168590629,-0.0043907603115734065,-0.00033642898960342893,-0.005110226385012283,-0.0021078099591911696
C007682,0.006236499069438782,0.023201034480287014,0.005155807251467284,0.02046575855988247,0.0026737445673788323,0.013544506903408686,0.0009815694242378576,0.02347927680735629
C000552,-0.0065821791808939704,0.00166832241983718,-0.00632849983713222,-2.7232342483362592e-05,-0.0076528198469023034,-0.0006663577305205367,-0.008554816690210625,9.831879049535767e-05
C012880,-0.007867511704384905,-0.005593505560407484,-0.008907416375190706,-0.005906448882873139,-0.012595058937137029,-0.0033985261350220697,-0.013050814167618932,-0.005479590395622843
C006475,-0.0035614178529222583,-0.004023391355518801,-0.0029422842796480815,-0.003996824345352242,-0.0032907233661572206,-0.0005222921895115262,-0.002543713709397974,-0.0012367922069832767
C000043,0.01718898018220931,0.0022628047855747123,0.013481770404713602,0.002135293977227519,0.02246820492026681,-0.00023351841165913405,0.016318402614693497,-0.0009215390112310483
C001809,0.007082477498488101,-0.009318323632585543,0.006498901766955643,-0.00986851035177957,0.013997419024674596,0.002820132435605872,0.015557555855981547,-0.0002175750067868891
C007115,0.0030273561818658467,-0.013392180424592287,0.002996314632107124,-0.009480645853365294,0.00618256437440899,-0.0007626626524269922,0.0034876975046424746,-0.002487792413153786
C010898,0.004513781636978577,0.004450106370759798,0.0036023636137989317,0.00419891970979553,0.011082979140834216,-0.002062464640548102,0.009032366261144844,0.0017319496655501488
C008792,0.003911122268292827,-0.010976843295093146,0.0026880205300411496,-0.009646123623401103,0.006076358017182573,-0.001748846672571506,0.00420478981441829,-0.003199837211495015
C006576,0.00636090190048992,0.006898647935756401,0.004595942615718156,0.007913499272567038,0.014533325202164344,0.004768256927932165,0.011041625940731404,0.00945138606786015
C000478,0.006196278374343953,0.005797641905441784,0.005744056611432875,0.0027465445273183913,0.010823794433765032,0.0014584602751290241,0.00813195841034085,0.001042047293242735
C001688,-0.0052871534510003804,-0.002645035414334056,-0.004162997620251491,-0.0032585235009758217,-0.003983685953686038,-0.00021935081312200952,-0.002694172981318779,-0.0009335407865185011
C008598,-0.012983267711433535,-0.013157035501188623,-0.013245341845047038,-0.012744459051724466,-0.008658024133662613,-0.010695345249592427,-0.00898248328562209,-0.0158289838156233
C004236,0.023160351732068967,-0.02255594482802299,0.025086910584665296,-0.01997290727300651,0.027998000805635418,-0.005955588423397397,0.0294165512788451,-0.013679341885732254
C011420,-0.00395788792377575,0.0024548090573010364,-0.003115940498055223,0.0013195384017347428,-0.0030896875995880236,0.0007186111224235221,-0.0027904698556958257,0.0014800253285016472
C011540,-0.012993460518218734,-0.0036548429177550856,-0.011056493256327994,-0.003490085472847206,-0.014826953822124263,-0.0006645907342399369,-0.013520885681534733,-0.004579953008205129
C001942,-0.0014556712243415607,-0.002298669731047365,-0.0015784103246072958,-0.0020138092368346496,-0.0007137701336988765,0.0015579697785044835,-0.0006482430877273955,0.0036342589744218935
C010818,0.03446376430160521,0.008057168195799054,0.03839928185399513,0.009086350849379962,0.037555296469247525,0.0014183802883062575,0.038708106012735215,0.0031045995272189226
C010663,-0.00582264435279874,-0.0011138527424059185,-0.005959436543756658,-0.0020412064935432283,-0.0007755364692473067,0.00017008248914823242,-0.0011956424595929672,0.0009282497183626119
C011516,-0.012121816094124415,-0.0024762973718908884,-0.012043068956046859,-0.001382720529732586,-0.011875073056200107,-0.001424471387083962,-0.01176365774431289,-0.0032382603773343007
C004263,-0.0019541662567198618,0.0028878803020310007,-0.0013617539005280233,-0.0007222280016565139,-0.0024157924831583956,-0.00029102279943887734,-0.0034237630751027016,-0.0012509251100995273
C009969,0.005348690556970129,0.006523748573587282,0.00523298486346482,0.006524672393284407,0.01006158974059258,0.0046643979144602036,0.009827718991332597,0.007116481260543817
C005420,-0.0005704526859727739,-0.005416481350091961,-0.0010369123777741471,-0.005426102360648933,0.0015860884169876504,0.0019426400766344208,-0.0004537173028350894,0.0025197571892465994
C007828,0.029808633389690725,-0.0027431874804898816,0.029174210042733947,-0.003068001746887949,0.0324134075488602,-6.471250914334155e-05,0.028303169798698118,-0.0015237928572683138
C003420,0.039556606009144644,0.03726700763435846,0.03991321772299871,0.04426895220451624,0.03575652262379442,0.00263580310091322,0.0324122703674504,0.013181685928516764
C004531,0.010916101224705592,0.013049943685646753,0.011274952081042256,0.012267727177662011,0.014895231590138837,0.008027879150800882,0.014353660281372476,0.01618662691675428
C013175,-0.007869420196824083,-0.008425703472175219,-0.008738219896767206,-0.0073465747381389526,-0.009557266458123827,-0.005724078103705333,-0.010082501099550977,-0.009987197750166512
C002444,-0.014002159800726707,-0.0031280968024047055,-0.013795709283090351,-0.002809314137561325,-0.0201240623194,-0.0018764673427291,-0.02079064865995732,-0.0036822213980128864
C000222,-0.008641395002853648,-0.001103225137986796,-0.008966752459234199,-0.002231447040456626,-0.010245914177252157,-0.006600779925740683,-0.010030314967503546,-0.008037928907809466
C006990,0.011022492699754725,0.02427630632305576,0.010989430675868024,0.022906357289679654,0.013325772043948202,0.009119253895532612,0.01256951452975318,0.02059746055605838
C004002,-0.008175902453179406,0.001574756092267452,-0.009053404298480096,0.0023556999023103546,-0.01021055076449635,0.00513932628048075,-0.01087965943264059,0.007593477055194225
C005596,-0.005567082454487404,-0.013131259405550624,-0.005239757673159396,-0.011481620848337919,-0.0029984469515997804,-0.0006812727727075072,-0.004132423665169003,-0.0034674668601327972
C009643,-0.018063220085004075,-0.015355017390164179,-0.019512803836577275,-0.015413109845935137,-0.01989690996938893,-0.014505318528601329,-0.019598417307608463,-0.020652854571578002
C003718,-0.002834862243639485,0.013991656457044931,-0.0024199987088780912,0.00825094728267027,-0.002954013393160103,-0.0001664402509258011,-0.003686309042339296,-0.0021099398196857038
C011217,-0.008046120523284864,-0.011803887699805827,-0.008592483626392207,-0.0010810215044786283,-0.0067215730283297324,0.0014783338100007933,-0.006223106047319705,-0.002025675899361334
C012710,0.007506633338313498,0.004962807666352469,0.007251667253766041,0.005620734587265721,0.012857395369646458,0.011511473827530365,0.010356358052214252,0.01644587117801022
C005867,-0.022043307495883256,0.018904744490037366,-0.035830589800364784,0.008939597220474584,-0.022937045508127505,-0.01487836926556513,-0.03822836156044998,-0.0214075833933195
C009406,0.033270658363036325,0.03153398625695564,0.03107874342619183,0.034178564684153534,0.03375466777672898,0.003516174430055906,0.029433038654900368,0.013352537053583255
C004210,-0.014505962765567903,-0.007866665551308294,-0.015546784220316032,-0.00862969332727487,-0.016566731117519315,-0.0048933917747341574,-0.015144213187837638,-0.008767705980885587
C010627,-0.011727521513766697,-0.008763117792472748,-0.01044879285976692,-0.008006348399859739,-0.01824282200781695,-0.0013710760761549167,-0.018266092444592746,-0.003907439378334104
C003368,-0.0031957765521698333,0.0015966917616083113,-0.004037737470474416,0.001886120260335765,0.005977059789137109,0.002682405807039992,0.0032350343519474832,0.003771609223886349
C013231,-0.011061539126244937,-0.008582876900245937,-0.010915982567809986,-0.0091215912058966,-0.020092409976944677,1.872949285617256e-05,-0.01919597286595668,-0.0018987120536986682
C009672,-0.004782173050183383,0.0019813042739606837,-0.003956004425118533,-0.0011957140887251885,-0.0016009275830441106,-9.928828647553497e-05,-0.0019779642367887492,-0.0006246963195740897
C002288,0.00016306149997908663,0.006710528331352025,7.063343859657574e-05,0.00481068990185044,0.0022605184097393128,0.00011562809256608839,-0.0005826617643945853,0.0011563335965758534
C007263,0.017313633432459095,-0.027813552934517573,0.01725526822162871,-0.02774593406198246,0.021853938379992645,-0.009054217152957256,0.018839736392501923,-0.01872176589633539
C013291,0.0048909354622607044,-0.006837889137641352,0.004657231959243222,-0.007874993863931564,0.010087309376957265,0.004453190039685543,0.010068328495475325,0.0049278498731493755
C006101,-0.01672868897616337,-0.006606744276708154,-0.015450416450482176,-0.00760584931743405,-0.01946013974755747,0.0006521855730025473,-0.01581410639120342,0.002389401448323856
C000775,-0.0034813210324317143,-0.006567719918381219,-0.0032784145644205497,-0.0067992682545443125,-0.0001609636529405219,0.001245183971428313,-0.0010958363271594191,0.0008418707213668823
C010900,-0.009036335420627047,-0.007232284353514363,-0.009780106648027606,-0.007257622179561436,-0.012145014047024647,-0.005122093271233085,-0.013004831788423663,-0.007812022717820708
C012662,-0.014429097444356687,-0.010795264891873413,-0.01571624379504347,-0.01193004315713293,-0.018343461366446018,-0.0026317486875397523,-0.019513107810068334,-0.008130862214817984
C002484,-0.01656710613997149,-0.013936567634461857,-0.017703188179393946,-0.013846003747666726,-0.01770344289323128,-0.0028166748713085456,-0.017335543197337325,-0.008409021612046902
C003340,-0.005075006316653633,-0.0023305057106800843,-0.00390856329537782,-0.002077659222520135,-0.0036318937179715934,0.00011180851629351074,-0.003022492854044376,0.0003661272454807237
C000483,0.0042980864091596484,0.004694997628269925,0.00359249550714198,0.0020585381479410734,0.011274650104558961,0.0001806814921359007,0.009606644637958312,0.0005535480566794958
C007205,-0.010019756692982782,-0.010048293724798117,-0.010980497080021434,-0.00878623994794131,-0.007681182432161541,-0.006026383732439421,-0.007369365346563439,-0.009840418084032777
C001609,-0.019647628895158337,-0.017711163496256187,-0.021186974415163363,-0.017312723257908596,-0.023776545136455142,-0.010493472251579842,-0.02588528416224891,-0.01875582345809772
C006616,0.0005094260054344747,-0.003232985686992324,-4.683716817280038e-05,-0.0033539210491060835,0.002117935791636512,0.0023185275536081497,0.0010430922507235207,0.004725297435124214
C007675,-0.01679820724498746,-0.0013489198377783249,-0.015344094864374803,-0.003070094807782166,-0.013949358833810694,-0.0004292920228768434,-0.014582588466051991,-0.00042900842379149114
C006167,0.003627345567897357,-0.005880136439494892,0.0026048939311086507,-0.006116137307849845,0.010695170349574084,-0.0014016545406219023,0.011742579545094152,-0.0014985291389074326
C003410,-0.01126079146881232,-0.017728287948717093,-0.011532935015953562,-0.017718610718751776,-0.005197540788701829,-0.008791115395972746,-0.006159898275774498,-0.01650308587382803
C003451,1.3327491042894497e-05,-0.00810229707889334,-0.0004622875437197414,-0.00699949877390357,0.0013656047345357127,0.00015131704680266555,0.0005790517903175068,-0.00046974259781774907
C001903,-0.016818291129922024,-0.013392764370925802,-0.018002398622547072,-0.013355456790943361,-0.018086974812796402,-0.0038136174143000453,-0.017742615992348883,-0.009287880107104822
C011960,0.03242219364325677,0.023072820601933497,0.030825582249137166,0.02336136371132916,0.033464324552382976,0.0015098055941209728,0.029321793165912945,0.0073332635111866004
C009749,-0.002086970619679635,0.010798658922530138,-0.0017240385696463837,0.007743875700705341,0.003045843514386308,0.0005158662338815836,0.002225213470175727,0.0017482777733519655
C000194,-0.0013978464368952412,0.02897259079795046,-0.0013462913186231221,0.03287008551842898,0.0023583813525362173,0.02023855852466152,0.001272784204094519,0.040498607368025775
C008750,0.033158714435935835,0.004369905590352141,0.031093890895230524,0.0030494183535425016,0.03371904987460996,-0.0005365487297171216,0.029469999730013918,-0.0006707668636282741
C009810,0.006983751812783051,0.025165678002441284,0.0051182541825647064,0.028476615514282964,0.015027322447711797,0.024666945755193393,0.011333203556227259,0.04191785412938521
C008937,0.00863613688683836,0.0036144124972279047,0.008354168481137595,0.004592346718780652,0.009732515578421764,0.007001174483809256,0.00897434382820338,0.011272685662881157
C004475,-0.004270008256148005,0.01940588672795529,-0.005455794914769912,0.01967041670747349,0.0004944111134240222,0.013072045376541698,9.357872788088868e-05,0.018720624375604508
C011128,-0.011684921987542724,-0.005432214838003741,-0.010514643487739663,-0.005859969014754952,-0.018557603743111988,0.001206651380758848,-0.018648324076570747,0.0027398609324766187
C013141,-0.007324695876770203,-0.002783770508784981,-0.007989089486633662,-0.004011712337606553,-0.005742320673566443,-0.006601269886914455,-0.006084157506099652,-0.00822717145683116
C007291,0.0003605610226475245,0.004462186452934553,-0.000551742115801569,0.005088526307902153,0.0034917865695828464,0.0009500752998939071,0.0014314679728566525,0.0009869961877511171
C005146,0.00039723675812446455,0.002426155140317816,0.00011971931901733952,0.0027596367541557944,0.004123676846724465,-0.0008462546517481681,0.001135205824499038,-0.0017334587270484516
C006894,-0.01218328682529568,-0.018053658813265244,-0.011465446160274093,-0.01780217941082138,-0.011498610430284615,-0.0075545001140508725,-0.011714296925496425,-0.01584153473548615
C009386,-0.019548128696913324,-0.018226025201482754,-0.021088491438305032,-0.01778615329251926,-0.02372478989299775,-0.007501800711464401,-0.02584594786870612,-0.015679581484637686
C002307,-0.012538211492843955,-0.007528466401616061,-0.013281983433362484,-0.007980398317727566,-0.013094433796240278,-0.004859026432445281,-0.012259320186763891,-0.008145939687312477
C007498,-0.002748038611850337,-0.007204624166742814,-0.002688899669228574,-0.0064181686022331385,-0.0023104374190869004,-0.0007723481735503844,-0.0022417592054400177,-0.0019896197056122017
C003082,-0.014250286234904506,0.0010385656400064213,-0.01339623223415208,0.0028042423439693033,-0.011984989367663908,0.0003549723966093056,-0.012046025995686369,0.0005084083679567444
C011318,-0.004044969863831897,-0.0006564656152030805,-0.0035768216756915956,-0.0026769435899921075,-0.0033570112031356624,0.0002234425292810353,-0.0037400738522844743,-2.1766866721184848e-05
C011354,-0.01877896159884216,0.002934733955391322,-0.019025140051073662,0.00018796844451846539,-0.019676601933120954,-0.0013376769101670564,-0.020046451728367568,-0.0036543474190218377
C003704,0.012772147873456574,0.036252907324110135,0.012396647598363007,0.03745900604039928,0.009426186399187755,0.0058076705742887424,0.007353980073168906,0.01908950239518277
C012589,-0.005643978898937517,-0.0023414589933350638,-0.004579002840383245,-0.005099059135971324,-0.0018196039444898914,-0.00042405714878153715,-0.0017339111511881894,-0.0015758596707790104
C004416,0.001837211402581389,-0.008503644151423042,0.0008956857976610891,-0.007922125293517475,0.0071278654693329516,-3.702929565477478e-05,0.002758979308097369,-0.0005516144137994579
C006233,-0.01747061383817489,-0.01929955043529027,-0.01653383283067689,-0.01890222470264179,-0.01750762842358806,-0.010566020139111374,-0.01698974718515372,-0.01714721958914851
C000040,0.004231800564248116,0.026084332009726482,0.004113669807421185,0.022975814139504704,0.007851552068416335,0.005174278599692482,0.006950808072582811,0.010000719708032135
C006074,-0.0066520283184126824,0.0010864545828164363,-0.007414932490994435,0.0008595426155612964,-0.004413296634840509,0.0058592820848918925,-0.004697527677016464,0.00667536424314995
C006751,-0.004650887354091308,-0.0014668294102954456,-0.0035920738367493242,-0.0010807354588158995,-0.003720184835004619,0.0003924197463969746,-0.0030230173211158577,0.0010529352013941742
C008310,0.008043613038360294,-0.0010382393788413763,0.006960664662496836,-0.0012897298015498494,0.006001582176921848,0.0009350310673329805,0.004428077978269425,0.0011315783423905207
C011129,-0.0004972816924436955,-0.01827601147930977,-0.001504185389989029,-0.01619401964693847,0.0034331749930121024,-0.007972638987622144,0.00331921655427651,-0.015534826463783749
C004546,0.006097237834062103,0.02439194055128354,0.0027860433261229357,0.022800443951500736,0.012409038502744364,0.0013488340207091307,0.007071289593649195,0.005808614275244206
C002379,-0.01199286910790011,-0.012162625870571979,-0.011743089980638746,-0.01024043448640104,-0.011722004133267776,-0.0015884068361673538,-0.01309390662662091,-0.005167247591479188
C007041,0.009323410390675337,0.03894066322294363,0.008891767052098487,0.04092639970757383,0.00913736424953837,0.003817597660111185,0.005764812245682858,0.01596406402650245
C000546,0.002935350128681963,-0.002918651670822243,0.0011186444464127113,-0.0014012278828075015,0.008739824688502165,-0.0009634212534895935,0.004114166584894657,-0.0029139113572407204
C008657,0.027504724458802456,-0.002976528863415638,0.02330868663812178,-0.003287056093066914,0.029755130058828586,-0.0007697682360952363,0.024061780091387343,-0.0019851541331466073
C009285,0.002972037508139815,-0.008884511721553946,0.001919255414390104,-0.00822212702022532,0.004956297768954373,0.00080229196958214,0.003526612665453056,0.0001377763978381854
C000006,0.022982865402955945,0.01885506930111817,0.023261470447105005,0.019603293078302938,0.02916862611628964,0.007673022501853255,0.02768987715269546,0.017280441015416165
C009863,0.009051608723401359,0.020915895042699913,0.00934628580230961,0.01967824773100705,0.014200197711236748,0.012236112755495987,0.014713165358608584,0.02078161254748889
C004814,-0.006736954400727156,-0.014701890590900652,-0.007853221183699676,-0.014440249884480639,-0.00277452991981523,-0.007019211231139695,-0.0028350777638774167,-0.01122425744568211
C012675,-0.0013105773856784831,0.019692135071172564,-0.0011493678800384563,0.020642543635916142,0.0019205116088739467,0.0012194446223653481,-0.00022186809916423779,0.006483577864121779
C011292,-0.0006938193827808295,-0.005865838368091922,-0.0006205326638265969,-0.004400099902377763,3.719345268850069e-05,-0.000441568242114156,-0.0002540145452271123,-0.0020653586688772953
C008444,0.007033866338552098,-0.033456216911632225,0.0065369543717363025,-0.03356847992659005,0.010787888505846941,-0.0029443320912715854,0.009931164931200743,-0.012219500540270418
C013144,0.020156721779948584,-0.024372141087257652,0.0218388711294671,-0.020808611130428752,0.024023309286631732,-0.003739355704484687,0.023252835375927827,-0.00881506866955357
C007455,-0.01863648745221045,-0.015890165090530307,-0.020275377765681037,-0.016149306115600958,-0.02070593568777968,-0.0043899252712540195,-0.020370049525433736,-0.011402311061287813
C011037,-0.0015112261435988217,0.012361433859774878,-0.00213197337570041,0.010066768620978977,-0.003569311958703256,0.006423775919512391,-0.0035148062674024505,0.012203586411607476
C003835,0.010055644491856714,0.011245183723971259,0.01028259706934333,0.01190385058857266,0.005328207252100554,-0.0012357765989019797,0.003646835847276359,0.003949182492415851
C006196,-0.014695208681401405,-0.008213423247738385,-0.015675232079610614,-0.007557000891647723,-0.0191868855141386,-0.005569941185821654,-0.017557323813298692,-0.009625118507671743
C000291,-0.017578182015163847,-0.014198947590873003,-0.01656939530244255,-0.013151053561333781,-0.018112938501421885,-0.0054967523706329355,-0.017606814407213386,-0.011561507358514465
C005307,-0.010018701382124242,-0.008369932685154324,-0.009667544295787237,-0.006400611674808431,-0.008460472809896364,0.00019790243560886475,-0.008483668898367349,-0.003356352107051762
C009157,-0.0022338681887080565,-0.0008934628662128917,-0.001977744158181884,-0.0006844190155514938,0.0010630751886898469,0.0012549098357137211,-0.0005964625527818683,0.004676817004128975
C007055,0.03151422724871231,0.025243516467008825,0.02443569372613796,0.02241685921119401,0.031211134392880605,0.0012549058714216327,0.023819005209015063,0.004762396673469664
C008375,-0.012575379823241879,-0.007796846246295223,-0.012709687545207899,-0.007288858925935353,-0.018204631613131197,-0.0018418446382529863,-0.019113548263653378,-0.004024053577895052
C001432,-0.016601457772241285,-0.0029026490497333713,-0.015205560160563241,-0.004416098626336409,-0.020048675527755168,-0.0004854134720052068,-0.017813909022162847,-0.0018435534607174923
C002491,-0.004113400700892619,0.007056560077821081,-0.003249863052686392,0.004357823209309964,-0.0036540457668223897,-0.0006378429537289293,-0.0028825462925752255,-0.000886418583182037
C000695,0.03850643146356356,0.03223444629955838,0.03903508319713396,0.0365567624694331,0.03519993496669782,0.0012342381695137547,0.03144854747129262,0.009680541156424999
C012442,0.004673183451119926,-0.011836043386358274,0.003979745295840638,-0.007811998502845752,0.0058947001539002754,0.00034128966011984284,0.00427717160467393,0.00021760171407140722
C005648,0.01846526206632469,-0.01939447513841219,0.01900381946210155,-0.014642790678455659,0.02298937223230652,-0.002130770286267656,0.021675669929730308,-0.006049761386044732
C005257,0.022701688327581227,0.0327148084888588,0.022980436184086916,0.03822705057395382,0.028966581468052612,0.02322336746719281,0.027499886146023788,0.04102461566895938
C011878,-0.00022423769660447673,-0.013592508414344959,0.0007154189266461103,-0.012559416463651274,-0.0002558083438322484,-0.0052893394622013515,-9.037738894327755e-05,-0.009549945637144645
C011708,-0.012159855951373333,-0.012465476193515386,-0.012264815775016164,-0.010314087224850192,-0.010566079443481789,-0.00047111385855974186,-0.011681185323032646,-0.004024969244321857
C013329,-0.004923486452391913,-0.0024302987830764813,-0.0037891865949565002,-0.0035187099614651983,-0.0036701570882346855,-0.0004327472577597557,-0.0030366282721093194,-0.0013788300515284815
C008801,0.0009841993211287805,-0.007639642758202201,0.0004657734650330972,-0.006790511908710633,0.005223606835427666,-0.0013858768740680023,0.0017598002961220266,-0.004156264839377015
C001907,0.005503295217514938,0.005798480640518356,0.004446503061268217,0.005433241411349546,0.0014188552580200048,0.0015951717396957036,-0.00032096569789009363,0.004302958857786456
C000131,0.008795006882316011,-0.006528034634994645,0.00862829928004622,-0.006057166799495777,0.01515647158362459,-0.0014671556392758514,0.016638755587591657,-0.001145210741049001
C013729,-0.00229706054428504,0.012600796213391698,-0.0024413445444623192,0.010845134912754479,-0.010044939999467593,0.0013891063844827434,-0.01054929932869908,0.0048743464613845875
C007122,-0.004975810796070756,0.008821355838918582,-0.0046960950089273415,0.01126293315568476,-0.001946104620038486,-0.002142815304153966,-0.0027737228390576963,-0.00415237405616955
C010216,-0.008237708260497151,-0.024813126066833294,-0.008706881012155242,-0.025144260396447824,-0.008443902813025499,-0.023659442060919824,-0.008557676050463259,-0.0381368864035104
C010823,0.010321343865746638,0.01770031782341013,0.010140718618713398,0.01755404154339263,0.006440513675450631,0.0018602983340605848,0.004866340849750321,0.007192745721190564
C007572,-0.01281726347209035,-0.006974698943689065,-0.011790315343258972,-0.005417191598358549,-0.012710336343640827,-0.0009944891509182589,-0.01312838616293769,-0.0025035588913177725
C004855,-0.005810689333591365,0.00599553492080782,-0.005572317999353041,0.0010732881359618225,-0.005726436223931639,-0.0004975976439713125,-0.006040980505652699,-0.002763562467230627
C006513,-0.01589090791760028,-0.009226392067776989,-0.01478530123842615,-0.009261361804555028,-0.02097228568790168,-0.00015345148977000703,-0.021023399575086123,-0.00021235431606411305
C010985,-8.622971092248702e-05,-0.009867650833517604,-0.0007414796780538268,-0.008880690703243009,0.0025972421034503057,0.0003383801671547831,0.0004663680765101985,-0.0007416819309257589
C011225,-0.011472655605513433,-0.0029635825898772206,-0.011790100603771695,-0.0018116025490914978,-0.01626514849627225,-0.005353069579852999,-0.017307712196384873,-0.007218381097230986
C010843,0.00227225791183882,0.0022708682671365443,0.0015253676643393638,0.002332773819796976,0.008514313174811874,0.0026474891205890633,0.008128064997011552,0.004471117840252586
C010556,-0.0077207147650215,-0.00953521137588038,-0.007277480414856887,-0.010112238483758496,-0.004868861738514776,0.0004022052058944517,-0.00587371770292739,-0.0018174463775498793
C010108,0.02735895079166365,-0.007019413195626529,0.023830040315953534,-0.006712841622516524,0.029876566480277006,-0.001302534367618433,0.02463409525163539,-0.002950888069610267
C013241,0.003034990066922951,0.022752117240949218,0.003979685035405295,0.022680714543003314,-0.007150088728533881,0.009455137991540503,-0.006513524857695055,0.0178365437755413
C006263,-0.012019194768366324,0.007030215500240779,-0.013520321396071391,-0.00130615443290676,-0.015541109083547427,-0.006047843524931294,-0.01672800734574464,-0.015053214190726267
C005521,-0.007285441218996373,-0.007249146471007597,-0.007081765753229892,-0.007132701520697319,-0.006295293887261573,-0.0016909419379700615,-0.006720151458398827,-0.0034873628820882635
C000999,0.0027600893913299744,-0.02343480768245389,0.0028243117817686424,-0.011006810145723545,0.0030281791327060703,0.00017072876663152932,0.001671658116439309,0.002132391208672916
C005102,0.0012658879592613512,0.0011350507144144057,0.0003851992919988613,0.0012336209757077094,0.007671244577560884,0.0019732518533167693,0.0069886434469801206,0.0035001442857360786
C008187,0.007372846837761638,-0.005761567782597435,0.004059945608136859,-0.004715360853088057,0.013495020146527972,0.0002075723010063608,0.00784843385559396,0.0014682589191318553
C009832,0.003941972600325483,-0.0006957002158272607,0.003917540537617379,-0.00029136287013643305,0.004795452618354475,-0.0003711070470955493,0.0028815568485995318,-0.0014638852134251743
C000912,0.03729613956549681,0.014850990538239519,0.03587173720179226,0.013085105818643994,0.03572862757002748,-4.390396879762643e-05,0.03146001147100601,0.0012652317728043159
C011571,-0.0036845500458943152,-0.005749425517957003,-0.0032373997251476548,-0.0060837135858471635,-0.003139265049032269,-0.000447118637623286,-0.003505845475117038,-0.0016591841038082228
C007820,-0.012546028504940814,0.00987400950441021,-0.011132876832514231,0.006179266357808918,-0.012780360267058867,-0.003441418473306267,-0.012619522841645837,-0.0035709745002124567
C012241,-0.011772924890075209,-0.0017461575808821602,-0.011895338526968467,6.744600372621708e-06,-0.020721716450589563,0.0005165598313583028,-0.02015232200134021,8.13813204808491e-05
C010204,-0.01454695442455461,0.02099353118523457,-0.013919253164186187,0.021234879713437377,-0.013866475225538733,0.007864832024892599,-0.014405747860619983,0.02164841446074688
C002684,0.00717933848260584,-0.004191977878003305,0.0069023965651042185,-0.0028475597007624797,0.007494696321893677,-0.000686244854560598,0.004683784056536925,-0.0024195653771226775
C005022,0.03026242033688427,0.03200080967550677,0.03227152173329053,0.03617238627052157,0.0347258086074507,0.018316345526848105,0.03392240364498509,0.030919768860611065
C001879,-0.007151944301242491,0.0023491578371594734,-0.007853824939248945,0.001571552166921695,-0.005357572383268433,0.012621628770809532,-0.005695111768037993,0.013877227535863915
C005439,-0.004284779393388457,-0.006558110664285015,-0.003292835214376705,-0.006501787009771505,-0.0031488689170378224,-0.0005074745250538787,-0.002841388579848171,-0.001674416045821773
C006791,-0.0014764915127519586,0.007661122400482085,-0.002848518654305436,0.00942900110198426,0.0007382022879162181,0.006023198632047505,-0.0025628135272092885,0.010979842226932738
C006942,-0.008419388214203844,-0.017853372602710214,-0.009298797859083847,-0.015974346152962546,-0.010730966347338803,-0.018044748106515688,-0.011496505138896067,-0.02832610961396508
C006795,-0.013375167426694909,-0.012591185946789539,-0.01397704544081806,-0.010406501796543805,-0.0197693994651437,-0.015868263169965844,-0.018755231883504194,-0.02341002298449938
C011323,-0.015247985959981955,-0.003828079099479848,-0.013501932420451241,-0.004267388745937607,-0.016838035153911503,-0.002715251238889725,-0.015754425363591604,-0.007973068171846924
C010448,0.0019610689976635766,0.02950320117862558,0.0012266584720570057,0.027626041095133103,-0.004193447035591714,0.017416385038340906,-0.005689955532041415,0.02754070727323458
C003084,0.010198970622791483,-0.0325845207716908,0.010532336717919963,-0.030916913039311288,0.013703128054871748,-0.0028878650176086145,0.013106352091334815,-0.01241422524082507
C009054,-0.013561824374336885,-0.006133896409824681,-0.014209197561843296,-0.005261209254408211,-0.01971533433612022,-0.0022609984463414,-0.01867294556673156,-0.0038552728528544267
C005691,-0.0048356943481687445,-0.002589942513332121,-0.003722349626508171,-0.002298522385329027,-0.0036892310913046017,0.0001497699598143604,-0.0030391156883989535,0.00047398496336831827
C001168,0.01756718484601929,0.00191303803182297,0.017636206661858188,0.002562103850685618,0.02425251327569882,0.00251516654789548,0.02167024944964042,0.003794983816707066
C011140,-0.01781781271279693,-0.014565346733493982,-0.01745719675126901,-0.014853709137440068,-0.016733530394323112,-0.010727051403884183,-0.01787690193878362,-0.01871941738371155
C003781,0.014335353619323102,0.029524383547948535,0.015674998553338888,0.027994346936222936,0.0138405943963377,0.004035873448939065,0.01397779925998029,0.010696647919848812
C012927,0.002633725059326981,0.012875892259008637,0.001678739277058157,0.012245429911588857,0.004645664079049731,0.0011938626909091918,0.0032299667525268853,0.004623150298668988
C003719,-0.0056909460156950266,-0.002500611274892221,-0.0062366721800861166,-0.004813023144165281,-0.003639673039289322,0.0015719026610052217,-0.004085446059201251,0.0005608341254454698
C012087,0.020053598184756972,0.03944574882710935,0.02037893906332642,0.042829793719248534,0.017869565339072684,0.01035178132210078,0.013683154839421589,0.026251601993844482
C011970,-0.009260697412067224,-0.003266571994689009,-0.009296954648152826,-0.0009154439824100101,-0.009259168576216307,-0.0003305373260076519,-0.010045873146763543,-0.0007492405062061607
C010954,-0.0016029523728090936,-0.007637605219946168,-0.0022886367701794117,-0.007846657623903207,0.0004844235880709724,-0.004723176656905282,-0.0024822650585442315,-0.006162489614163139
C009482,0.007195081027301471,0.007287960491044354,0.0069655578686801415,0.00713597654988837,0.004332099796961992,-0.00012021686904920055,0.0034533449192432532,0.0003850730967254996
C000734,-0.018449001847378684,-0.01676601548451992,-0.019833469457057672,-0.017039466256441253,-0.020731213377339228,-0.005427854703063158,-0.020253924457972382,-0.013096407892606838
C007669,-0.02177128937948181,-0.00796103052157678,-0.021698593984831347,-0.011042079074904003,-0.018154457902684284,-0.0016531295936957667,-0.018432221908277237,-0.005257408714888659
C002102,-0.010303948360561565,0.001283053747317956,-0.009982312253378265,0.002335314553818615,-0.008936434494010173,-0.0007594577764331249,-0.008914344802098496,-0.0012688902744375985
C012626,-0.012953402521095433,-0.00848326470977668,-0.01374513058166969,-0.008931356800302352,-0.013773431877034495,-0.0051518312728244505,-0.012842240942509915,-0.008311464574552788
C003864,-0.002072082533844086,-0.0023178339022098733,-0.0018211632248018674,-0.0020176172282496056,0.0011917699611009311,0.0011204407158977346,-0.0005460400342952571,0.004040912956499278
C013817,-0.0005280039959405372,-0.0046058349421003635,-0.0006186170791566051,-0.003992329119413948,-0.0013267278936387344,-0.0008558474471493635,-0.0005586906149517965,-0.0014885060333499226
C001124,0.0069803629336381776,0.006018148329941904,0.00637963989442352,0.005468098868184246,0.013918641434521617,0.007417138707950676,0.015478918203690272,0.012346062723137112
C005981,0.03348423046143346,0.017832271681703146,0.03739902016269068,0.019684644671474377,0.036985972333754884,0.00941450448330748,0.038109088123401476,0.014315824422854813
C007867,0.017146892828291224,0.01115869839250364,0.013409488994850331,0.0107080328449834,0.022377299420680362,0.0006779300774397764,0.01619701397163029,0.0027944126397394325
C010281,0.013949508538533925,0.013179686384516585,0.012939062050101589,0.013672797134589304,0.022336549846789167,0.0071678977778592366,0.01941858468761114,0.014559098413653328
C001401,0.032722488498486135,0.04149411471318588,0.030973672106654703,0.054237167899075026,0.0335738310118643,0.022558957460962068,0.02943030584649654,0.04823865872519348
C001765,-0.013751765436949922,-0.0017115133887270124,-0.013325397047353329,-0.001916802334457094,-0.01572819018094393,-0.0010306843043886473,-0.016997606935903787,-0.0016238424130521256
C006533,0.022726932468449333,0.027693515336577473,0.024094119145817515,0.029564401917007585,0.02760875800607689,0.014371964381391987,0.027676675880242158,0.028756498813843026
C004214,-0.017203658099962032,-0.015343127460506683,-0.018464723089732918,-0.01546017355021249,-0.01866902209405115,-0.006994347398522976,-0.018350407055779266,-0.012744063011589677
C012217,0.0029322994195871686,-0.015221679373772461,0.001289738218711179,-0.014298991150118573,0.008950086102848007,-0.0044252247405606095,0.0041127953479886716,-0.00867987310251833
C005805,-0.0033258210355738864,-0.007058917928075175,-0.002814248831479658,-0.006180242981555004,-0.0030564957530222208,-0.00040687617686357654,-0.002348478858087235,-0.0012990488197230218
C002619,-0.004535559188491596,-0.002888996684429122,-0.0036496155379123563,-0.003180378713562376,-0.004325374095752097,-0.0002860087751482284,-0.0030061768729798973,-0.000904335836471143
C009438,0.009172485861952016,-0.005987554586991526,0.00921446281750661,-0.005867485965334397,0.010478493068948429,-0.0005266487434493137,0.009787710009640977,-0.001562013969065567
C009466,0.00033717332509879366,-0.012080279664373791,-0.0005459035684003887,-0.010488335399844027,0.0034125829661894634,-0.0009146767626468453,0.001325328285358006,-0.0026748708894699146
C002956,-0.0007275727441624491,0.001918596868436751,-0.0007794113342341915,0.0014959124769982205,-0.0015648658850513553,8.871296405904901e-05,-0.0007542760402602547,0.0013110811051234314
C013724,-0.0031963891003854317,-0.002683790675607437,-0.002592471509288128,-0.0020844733724066948,-0.004185876717796158,-0.0018606011829914004,-0.004947040148170974,-0.002853539526754973
C013382,-0.00391424406994678,-0.006118824737128012,-0.0034788708976228105,-0.006363495559085362,-0.004190005162076507,-0.0011804874731864718,-0.004753768874148662,-0.0028943179801952574
C000049,-0.0068888645433189035,-0.009672460381819997,-0.006129834890232205,-0.009589825060845512,-0.0033486168256692188,-0.0005990163650822873,-0.003854635942394396,-0.002452236441569777
C005518,-0.018579381202736316,-0.019088498718297122,-0.019470700465119246,-0.019427804774347357,-0.020981540766295548,-0.012317159835221603,-0.02151163606179623,-0.021369160817166596
C007778,-0.012779498623406651,0.012195745372559068,-0.011911698748125414,0.006736766498976047,-0.012549155487392208,-0.006675915872719473,-0.013215949978575755,-0.010870313182879341
C005839,0.0368284914707321,0.002483689382876636,0.035931657265829406,0.002099019844760661,0.03543060858920313,-5.2548611738878465e-05,0.03143576871044587,0.00038420791091026596
C008000,0.00444399993145949,0.012933666379499074,0.0045407975608098795,0.013465464737387755,-0.0018045680169835577,0.004894446510831008,-0.0017352535408770874,0.011896177920539543
C010491,0.01904653721510813,-0.010503808845005702,0.01785573902439824,-0.00936832574138708,0.026120406841472432,-0.003460822773707779,0.02232436011022061,-0.007349262470326137
C006423,-0.0022873153688981102,0.009894347295032762,-0.002031478612360721,0.008784103941490413,0.0010229295568320855,-2.3594903755146893e-05,-0.0006120459652062251,0.0004765385255053484
C009115,-0.004252587834795605,-0.008672022549854982,-0.0037139965468335583,-0.008164985367622314,-0.003426311459033141,-0.0008208752991870408,-0.0038615489251152867,-0.0025894038830054965
C008302,-0.004043455008896566,0.002737456494204321,-0.003214584983143754,0.0004525761624415088,-0.0027557274861685255,0.00022093414671987604,-0.0030666253613929706,0.00021218682277305913
C006510,0.017423865290550223,-0.00824529779136574,0.01763293862824864,-0.007158818602357783,0.02152921587676238,-0.002601623381730732,0.018573830204988536,-0.004829579190380003
C013464,0.002393162921052804,0.0063462221022891705,0.0019500968934105262,0.0036049952629459503,0.007967379109710699,8.814425011132041e-05,0.007032587693800953,0.0008603879640738262
C013823,-0.007165017382313164,-0.008643004906704449,-0.00825471877271,-0.006829274700759089,-0.011476132046543866,-0.006171592935567503,-0.012112664175208147,-0.008712788406905902
C012672,-0.011665559151280267,-0.012093488328153951,-0.010534217176884358,-0.011351689409582038,-0.01866121521849196,-0.0016510047488740873,-0.018767403419683196,-0.0038460049974195633
C012671,-0.0035352242325278737,0.0004996598877682147,-0.003956708654450371,-0.0003365825821081746,-0.005923349850218161,-0.0014888669005469833,-0.005731744447591402,-0.0013493935804089537
C008179,-0.00025013666508134317,0.007394839591308908,-0.00037888093620752676,0.004941146321866853,0.002243031759266032,-0.0013057151391272326,0.0013706979718467402,-0.00018013302912366948
C003923,0.009809194289122924,-0.006843961827900386,0.009849757228820276,-0.005877681650416505,0.013109259802488987,-6.997880148629995e-06,0.011191753969435336,-0.0025108926620635154
C004384,-0.012181360482074905,-0.015362160291726285,-0.011348571668710745,-0.013573755604736403,-0.007983613424289828,-0.0011152573328157842,-0.008357153357178944,-0.006569906937571817
C006214,-0.0080147513592346,-0.010812868957853746,-0.007448525075014925,-0.009572896252627465,-0.005559725230587325,-0.0022882134196757875,-0.005531854471058521,-0.004364759651925743
C011564,0.016378923989055685,0.02697620000535136,0.016903397234497092,0.028101701915900355,0.019084402520050926,0.01585559298453125,0.014775201279293312,0.027527754445419758
C002345,-0.019311390093039674,-0.01826219364561799,-0.020851314638203423,-0.01788309514565564,-0.023577292806151763,-0.00589765004867061,-0.025707821166691822,-0.013802673041951345
C012805,0.007985766864762388,-0.02862242433259824,0.007892893791496224,-0.028681169407406074,0.013036357690316086,-0.020293554347915882,0.01192063180004733,-0.030689901911614373
C004274,-0.015413445924087816,-0.008084131369076115,-0.016759659284160778,-0.009523018562674483,-0.019616836169729427,-0.0008199816205855332,-0.020964974948269776,-0.005405599192725235
C011167,-0.004038573351492148,0.0014695251064640144,-0.003653717266274723,0.0016582651211627096,-0.004319882813489815,-0.0016024913705542326,-0.004850912885623005,-0.00178243845707037
C004452,0.026378138148623935,-0.004786431208044676,0.020705880272679833,-0.00445343963962752,0.028418147050320988,-0.000436859603383892,0.021620303353098187,-0.0008650119888477442
C012952,-0.015127609968904242,-0.017869534961763373,-0.013153830388054266,-0.017111928232779544,-0.017729951598623506,-0.0076155689519361814,-0.015697746017707827,-0.014209712725696792
C010320,0.03316129795074741,0.002373724980976134,0.02810895568464318,0.0014233482286389958,0.0328208899068017,-0.00011416641782323354,0.026725990170174473,0.0003971402849721531
C011721,0.010024053169483564,0.005126804461183363,0.009894785949995362,0.004899459459978746,0.013922805750599104,0.0017842201595629624,0.013428868176164083,0.00557478305145262
C003371,-0.0023985245300294075,-0.002669641645325902,-0.002249266229100609,-0.0022940200890812046,-0.0019923300712515637,0.0012371998748646345,-0.0015174447053091311,0.002796093854033294
C005017,0.01072945643580536,0.0233462991109034,0.010903520004226636,0.021700947786176757,0.01483848057692133,0.016341690066499822,0.01424308997195351,0.027281841567970186
C013551,2.0767586355739666e-06,0.0010652226607949305,-0.0010128253532749438,0.0010477944009672988,0.006237981632631135,0.0007163846723742907,0.005404161326321002,0.0018918634360478449
C004808,0.002213160320495435,-0.008006582119305083,0.001070342385593815,-0.007056100354738311,0.007841484414619787,-0.001782960980118204,0.003198334461202121,-0.005050740779963636
C011089,-0.0014115048942307308,-0.010758888820714312,-0.0012326059116682996,-0.009577814755304713,0.001815341630284234,-0.0003500827500330174,-0.00027548436405671755,-0.0005417626551761621
C005018,0.024358844451744938,0.027496695636872605,0.022210092249476697,0.030714243253049656,0.028472447933756976,0.01039844611829893,0.023489871849790917,0.024713138676055516
C007921,-0.00891596365052347,-0.000510001077513463,-0.0070014410250997736,-0.000604554129380944,-0.010491992650095833,0.00024919648813470787,-0.009132979042885903,-0.0024600792573522593
C000730,-0.0038362346695657167,-0.007549795875779213,-0.0034104063885430675,-0.007436544739780444,-0.003267751463522718,-0.0007285970824715528,-0.0036115916661517587,-0.0023757791164970565
C009562,-0.011797235354771394,-0.0084066694097743,-0.010104363110318655,-0.007773371125100539,-0.016629590093963028,-0.0006468495181176068,-0.01595712012917298,-0.002208219266640573
C004439,-0.010799225349392167,-0.013678981418148694,-0.010642564112128737,-0.013161442456071542,-0.019800968238636852,-0.005534148609085732,-0.01895445031784193,-0.010253171411133168
C012078,-0.008427503078237806,0.008105589258718555,-0.007963635441263335,0.005081629178596539,-0.006381182441207525,-0.0023700160539236723,-0.0076875843657078806,-0.005514476594254814
C002209,-0.0037498113594588455,-0.0032650620866331525,-0.0030641491759859905,-0.003799680532341004,-0.00291444429013966,-0.0009089270814214175,-0.0031122561011313705,-0.0025473258230023243
C006055,0.009298207625093763,0.0021034532253838925,0.009316030573891916,0.00203491805469629,0.015413863676354856,0.006796448438640916,0.016798243461937954,0.01020080547355183
C011362,-0.011513816261442815,-0.011063808590513842,-0.012379967999573882,-0.010587616491962546,-0.009931598593833154,-0.0007466604122454332,-0.009513827163760723,-0.004497199759625787
C011783,-0.01863222299757134,-0.005583781607958157,-0.020186467959756538,-0.003291122931259511,-0.020781737519121143,-0.0056386005264668325,-0.02035068504060687,-0.006413931244994247
C000237,-0.02196772746390287,-0.005479938490843198,-0.021811061691686975,-0.008567588945595972,-0.018299816877058474,-0.0005477605076868602,-0.01825791699326391,-0.001640111247434528
C000972,-0.01740338304922461,-0.002284982208761038,-0.01852202564745062,-0.001064422155723935,-0.020160624368323804,-0.00041032389719156495,-0.02009183739830329,0.0014245243476743283
C002253,0.0023507602672906223,0.008339063346351455,0.0017788726720062511,0.007553171374102528,-0.000609763626840323,0.0005701801234645993,-0.000760379505090132,0.0036741062363634188
C000390,0.00465993342530315,0.005597468045459567,0.0037975451928863035,0.005503204689688812,0.011400439549203202,-0.00010380795257753399,0.009382377983433034,0.0046004187751331645
C010742,0.03295693699357502,-0.006052243961379702,0.033804659415642015,-0.005658549882652508,0.03521718002053486,0.00042864667098684484,0.032422708248433275,-0.0014709265702172502
C003290,0.008424586815804602,0.012668199891919429,0.008565483317780344,0.01294423193220958,0.012483363007841686,0.011792768802950278,0.012216257568645887,0.017644353437053572
C001231,-0.010245352680642488,-0.014837929460578173,-0.009794721384511014,-0.014078844185874382,-0.0063331072918571905,-0.0017862185559869765,-0.007696843909992432,-0.006610624181007632
C003209,0.003990857687035871,-0.005677882141368511,0.0049949984283865715,-0.0035633679436677407,-0.006057419080053555,-0.007475104037696374,-0.00523230245988571,-0.008350303605362572
C011814,-0.0033923730740480678,-0.009841051922842741,-0.0030725318535142626,-0.008667178693267545,-0.001642246159618037,-0.001205642309458114,-0.002809032053943972,-0.002932220964163363
C007955,0.03671662724287112,0.007879712779074184,0.03787183933389501,0.00807992560095817,0.0360755968306017,-3.0891341925621923e-05,0.03178277391074377,0.001158788562464294
C008921,0.007635821066058475,0.02069819802775229,0.008251911556377335,0.013740869347503147,0.006257792515795469,-0.01151152397264942,0.006754515726227995,-0.010692665610699585
C002380,0.0004078029123795077,-0.006839662390653889,-0.0001329155851977824,-0.005732883949875322,0.0019608069575340285,-0.0004704117315156461,0.0009444941354089853,-0.0009112899007891795
C001358,0.010063371800290178,-0.018580641617329578,0.0100366196203114,-0.016944614466425804,0.014851803738986251,-0.006610766034914474,0.01291281367842365,-0.008688152713386896
C012318,-2.687176605920983e-05,-0.0019507587064572177,-0.0001742968796650638,-0.0017065938142430115,0.0035009234569940316,-0.0008554996025754013,0.0007223590238932512,-0.002634932808436132
C011150,-0.003307488774834773,0.00018679793465760237,-0.0028092716070077946,-0.0023679474925472044,-0.003531903559644597,-0.0002429558088944476,-0.004207221081044655,-0.0012258552533709166
C004004,-0.003769514087612078,-0.006899663519390094,-0.0030575771710007115,-0.006633319827856188,-0.0029111400549009865,-0.0004462146651727887,-0.0031140705541268295,-0.001572168029242251
C003958,-0.0004209466996413527,0.004984258679547303,-0.00035999078808956044,0.003630363525129699,0.0001546288069348713,8.114804753722381e-05,-0.00021912057536619957,2.417682017639423e-05
C011909,0.02114403794194807,-0.013994259819436385,0.022734906110985862,-0.011244182443844347,0.025516574917538722,-0.0056563876285998784,0.025474609954103503,-0.013977569407874013
C005506,0.03772625822149066,-0.004152170726604952,0.040703214938463426,-0.003190940754227112,0.03701610543163749,-0.0022841593243950065,0.03474766195391544,-0.0027531749516265113
C004376,0.008658695239194368,0.024222290726002776,0.008967850681030218,0.02305999296212677,0.009812456197467628,0.009441090710093764,0.009694494185007247,0.018158490965315584
C010573,-0.009934929150172932,-0.014577648249487733,-0.009655163000341967,-0.0137113895919651,-0.0063056194487869435,-0.001735300199857174,-0.007952662895169538,-0.00605468184519252
C006416,-0.011495196939416705,-0.01377868347416142,-0.011337687708237182,-0.011808880946075321,-0.010897234533388412,-0.000661729285391659,-0.010782506709532038,-0.005659964276629666
C011558,0.016279089312248515,-0.025837657515627176,0.016635404005210484,-0.018640953643014314,0.021202222275658697,-0.000541369766963066,0.018842520516845283,-0.0027442576833414606
C011881,-0.01819943007376598,-0.011795292046281835,-0.019690621874251392,-0.012031883721655067,-0.020082369791817104,-0.00874128468528319,-0.019781168599246682,-0.016003020717991593
C011747,0.02238008347307095,0.03216554986442229,0.023985447402292897,0.03493822876405997,0.026506965154736425,0.02126300041032251,0.025529385744869387,0.03681442751911797
C002734,-0.007996760344738398,-0.0012534605214732306,-0.00742828023532618,0.0007058308112519763,-0.005710082341791315,0.0007150655183071594,-0.006405265266662264,8.475312138230135e-06
C004773,0.004312485628917634,0.004756344255686126,0.003361005395660892,0.00041196103623880104,0.01068093607953782,0.005258269362658826,0.008579351809321522,0.0050149192009988144
C004589,0.0036743580388238235,0.011131042858873902,0.0027418312630679478,0.010379150989608187,-0.0015720913715361773,0.0007570950703382479,-0.003231327173709938,0.004332297424221134
C007324,-0.0036918568981579992,0.005750914755086635,-0.003455678652920922,0.0067731480834686275,-0.00013425476824764225,0.000460034641400434,-0.0010854113631817547,0.0007916503914486788
C005777,0.01418511588230532,-0.00982839293677864,0.010251937590175422,-0.008408206197110907,0.01919386550531358,-0.00038845956092543925,0.01268984903490872,-0.0007981770593721077
C002450,-0.003685196646506259,0.0051542052027789935,-0.00315266263013361,0.0031196377684120135,-0.0026086662512418667,-0.0011242898444167966,-0.0032396472558955934,-0.0026683126223858685
C006062,0.009809995084646469,-0.016559483240475147,0.007514858386169003,-0.01603072889143905,0.01703389109586483,-0.004175273977951377,0.012494360947945584,-0.010221347374014884
C002051,0.018547775356237188,-0.005218601551890102,0.016988591410339763,-0.0035854145291845823,0.017180601414454433,-0.002144965162522324,0.0114240388787773,-0.006018376453542454
C001178,0.025226332774716417,0.0024277427940520694,0.02626045572498704,0.0035720764282694173,0.030752668210513853,0.0025145718529438433,0.02776411615183403,0.0024994375824698586
C011181,0.004056159165802071,-0.009385069901152275,0.0028507034942983605,-0.008038443019908253,0.00626413167399571,-0.0004611422723508736,0.004345912759597229,-0.0014757411883474054
C003355,0.021444712175773976,-0.032137781540138605,0.022392886370882593,-0.030521593523007384,0.02591887620827461,-0.0033617824276305115,0.026533878838642205,-0.008695798648845725
C001130,-0.007339444627882442,-0.007550138566636574,-0.006741474723496753,-0.007153267048801814,-0.006017133689713687,-0.005191088163364177,-0.006124328565594226,-0.008837226622802544
C005009,0.02424494678039923,0.02712949151581345,0.022123989767062376,0.030221202530147515,0.02841144862748546,0.010167588038986432,0.023428818905554722,0.024241094279495057
C007484,0.011256683406980257,-0.014036966170646585,0.008795288876787625,-0.013126213627605958,0.018062653029797454,-0.0014645936792672372,0.013283348520090488,-0.006775300860495108
C001335,0.009577562083408389,-0.0028567303214814066,0.009757993299840916,-0.0023795944228218314,0.015452280779699658,0.001790777485482567,0.016678864422942842,0.0031341863375494656
C007269,0.0013490485231595463,0.022591966218488243,0.0006976518798085421,0.019197955834596974,-0.005094108121628298,0.010182533809261879,-0.006522778158105032,0.019639672383602987
C000377,-0.002451466249864577,0.005062911055001316,-0.0019190063944446592,0.0018417978329810644,-0.00457789337310726,-0.0005649606367102526,-0.004242371628399597,-0.0005222838014424238
C001090,-0.006545702289549478,-0.0030519592625257263,-0.00508661021990503,-0.0032337576355165936,-0.003157963545890628,-8.969049212941813e-05,-0.0016013769153919463,-0.0007221105980546877
C011294,0.00826884141698787,0.03212967720371998,0.008048758071248479,0.03120244258828805,0.004702211180848388,0.0033406355819626575,0.0037043119013299088,0.014836744849846172
C012961,0.0046669030301024015,-0.03124082998947014,0.005606950940991467,-0.026511136085250755,-0.004969703243340185,0.00011473841079752384,-0.004271793373171202,-0.006639461160079763
C005312,-0.006236276894416879,-0.020432273962382855,-0.006475103704362557,-0.02026492181780109,-0.009117065624588049,-0.01422268943211471,-0.008532477823584664,-0.025182616564604472
C007619,-0.0032751881524506945,-0.00165574666141109,-0.0028609185800122948,-0.002238867688931654,-0.002779807022898353,0.0007824901128831743,-0.0025268148835316784,0.001531606491512111
C001357,-0.018323446147846888,0.005141480073571067,-0.018670789541018352,0.0025169424534034423,-0.020665131774132078,-0.0025655482999891754,-0.02122643830642173,-0.003971064098625949
C004571,-0.008919530155801296,-0.0014325194454814277,-0.009706786685753994,-0.0002972159048703239,-0.011871656779441148,0.0004676723177996704,-0.012710125722383685,0.0004276055592330258
C006679,0.014451837206972956,-0.007873216051440472,0.010504808451399197,-0.007097018356915198,0.019421990766635172,-0.0006528520777437152,0.012934816916754792,-0.0018465011231363815
C013593,0.0028782889581996794,-0.0037712655662236645,0.002359071730338474,-0.0031856558106715337,-0.0012394746786811553,0.00013632309492690603,-0.0016776529824634007,0.0006127291028442362
C011159,0.037800732569063404,0.018017223329374155,0.038521270819746364,0.01858957282834123,0.03533517484156444,-0.0012636022009933146,0.031103163059892282,0.0013432961562137593
C009276,0.00045842455768857276,-0.003053505590917588,-9.053716936843656e-05,-0.003037405508422514,0.002038989674342628,0.0020979273309310337,0.000993278160907632,0.004506492960708148
C002007,0.010606592716970875,-0.021470621427626176,0.010719712315469579,-0.014180696883536481,0.014706770607560869,-0.0012377189295608988,0.014122718638884394,-0.004971510427468428
C001050,-0.003231601032707016,0.0004751397533780867,-0.00440268957769395,0.00019522406732078396,0.0017828511230121142,-0.0018065979283914302,0.0012669167046249427,-0.0015987732557586325
C000318,-0.005580349040443018,-0.006845454138526464,-0.0058404894767924405,-0.007661546233512424,-0.00832176003168471,0.0011763081964510913,-0.007861030670408574,-0.0012289029124669046
C006238,-0.007623461581862949,0.006706864304107996,-0.00578195549111451,0.005712082322596259,-0.0089711466747084,0.004352764246429237,-0.00773065900742546,0.004579508719422703
C006339,-0.005986105549237905,-0.004673475886350607,-0.0066193843341649265,-0.004528339512618922,-0.0034344392057532457,0.0033678495402365057,-0.0038947679950905893,0.0007066777831147543
C004119,0.038718265735371626,0.03547785318278921,0.03922513633098452,0.04160278170198823,0.035257342018231115,0.0023032091514143555,0.03164147145712419,0.013051506380885938
C003757,-0.01958280910949734,-0.013183643524338333,-0.021123506354597768,-0.013898850422224078,-0.023743460031679292,-0.012071199197841864,-0.025861266577000098,-0.018981869107871873
C013517,-0.008665520701491253,0.0026487361524310717,-0.008977145723221634,0.00018733578558910463,-0.010668213510011152,-0.0032818376643018897,-0.010342966669980106,-0.003146064961649128
C005329,-0.010783233073651312,-0.010960453449100826,-0.010673426169363549,-0.01112166105911226,-0.019766761885776904,-0.001821468454252514,-0.018762476221319057,-0.004475588982288008
C013818,-0.01779676678024468,-0.014529928854800929,-0.019179610172835277,-0.014596615016426322,-0.01952578929530603,-0.0036320172502730653,-0.01923348736092955,-0.009712652043721279
C007346,0.00934902891025367,0.01864024098199125,0.009634598689278089,0.019332295351880448,0.011630042880971197,0.01123217740914113,0.011291898667860978,0.020360147085820967
C004747,-0.008056219972847879,0.006863710668061756,-0.007978572351393588,0.0013299812251334952,-0.0071886599892230394,-0.0015720699871489253,-0.006965394904150078,-0.00503647438120429
C011419,0.0034800169510993493,0.030661485085364388,0.0027414114730708945,0.029912186946456608,0.00043586207346972056,0.010039644550500666,-0.0004690265788833313,0.021798293514232715
C000135,0.0015906451362074129,0.005684164031348376,0.001221014172222356,0.005701862827785473,0.0061782909101384675,0.014267162886148028,0.005418673425586314,0.018467199931495707
C001717,0.002099978599050864,-0.0038768771424496796,0.0012807627906296038,-0.0038988178837329693,0.004172292703454398,0.002330190384367092,0.002773882535711296,0.004561544940655621
C004725,-0.0072855943114633025,0.00017499732896188142,-0.00751917559077757,-0.0009751858652441312,-0.0102529867443122,0.00294857073808081,-0.009556267920331665,0.003576707887438091
C002659,-0.005686716454578039,-0.0058883163867560154,-0.0045691610241201455,-0.0029521996565830743,-0.0030431952633938335,-0.00019130382080687606,-0.0011855056463593912,-0.0007100092053684226
C013034,-0.004106425804791775,0.005292244548235523,-0.00375135172365781,0.004857439574577205,-0.0017420708299955379,0.003683157827098692,-0.0022101320877131224,0.005335267764797233
C012745,0.035519064340790926,0.017111816736019622,0.03712202711290065,0.01830992793650402,0.036827101540699916,0.00018875261646397328,0.034040804987603986,0.004317230403050431
C007726,0.007493464389843364,0.03185642926396727,0.008466544832698916,0.031441245764876016,0.0056006020536159915,0.015120242840909045,0.006888799007834606,0.025272292845025288
C001923,0.029314298608885715,0.004748897632673001,0.028817248920110998,0.004233299267410795,0.032262481248784114,-0.0012224002643033535,0.028398574861700762,-0.0006085169569894261
C004092,0.005109272528344182,0.014903253948924446,0.005893307010444053,0.01466179258045515,0.005647580737578887,0.0068690249850418715,0.0060324866944901,0.012339796267040539
C009879,0.01717930137284331,-0.007179239890135637,0.01346542382801406,-0.006504812794414167,0.022446395715005226,-0.0013911282247283977,0.016288761910782674,-0.0038230514267877185
C005288,-0.003969212538430221,-0.005485848251211495,-0.003122099523132854,-0.004913762724953378,-0.0030927486900552874,-0.0001509178528036689,-0.002793370707247601,-0.0006011376112178367
C012886,0.010372033849304206,0.025313233586810913,0.01058054814739358,0.024615550468562723,0.006006711090041358,0.010481157505889693,0.004154710190197164,0.018620962068513297
C005766,0.03360779351938886,0.008022278146094046,0.03030237678925498,0.006153303029652291,0.033712679205915336,-5.3981300399022094e-05,0.028618411452937084,0.00035327560445592087
C001232,-0.005218092272535212,0.010818839572504202,-0.00634609041316945,0.012139627091980338,-0.007997103899749293,0.01173031215530084,-0.00929587821148169,0.01865516009090446
C010897,-0.005708305671388145,-0.006346002112813021,-0.00474366569102245,-0.0038879234392499374,-0.0020464625417312837,-0.00019874930053763996,-3.0105300253485263e-05,-0.0010489465791650267
C012377,-0.0033872434976876436,-0.011177262070925701,-0.0030812800646525633,-0.00986190389210647,-0.0013189582210527706,-0.0011848346632576912,-0.002498819251515951,-0.0030025724352239465
C013881,-0.0067117695102562455,-0.0023441859039582294,-0.005321495371608423,-0.00285787355503873,-0.00257872619489671,-8.295934148487971e-05,-0.00046751335229706204,-0.0007495867831449186
C001288,-0.003348903606718295,-0.0034787141048677806,-0.003123942317560344,-0.004560302293632758,-0.0007576936892656547,0.0013838129055303086,-0.001863413539963787,0.0016867275329927375
C000927,0.012187499264596604,0.010735019006483404,0.012526690209894269,0.010721320558528069,0.015656851087506377,0.002513466024739762,0.014540584614276623,0.008181211648998083
C006801,0.0028988014154245735,-0.005928162093979616,0.002238318098889748,-0.005250303190507617,-0.00014228771942238408,-0.0014606839043482486,-0.0006742457176255838,-0.002729588209825724
C006262,0.005565890982209368,-0.01996885671257194,0.004752779288689299,-0.018531683362057804,0.008460864533236115,-0.005532004106831907,0.007114821652473929,-0.006816168667321442
C011531,0.025213578807438936,-0.0045930678549017485,0.018960263230078364,-0.004070698604609639,0.02735595476125449,-0.0002614878757476922,0.020111315062094525,-0.00023784253967041165
C010295,-0.01179761666171895,-0.003177300999986939,-0.010833917563126216,-0.0049626365589074154,-0.010924052305218413,-0.0004660476430175806,-0.012084792360162131,-0.0016208842799158552
C002604,0.0005276504571142106,-0.013776315269592063,0.0006021306632623287,-0.008816736777318205,0.0018226518429807364,-0.0006578982679145025,0.0010054425707243621,-0.001988622671208519
C000867,0.015155037450825503,0.01552887671437738,0.011167294586110028,0.01455463785909856,0.020033579370909705,0.000915015358748912,0.013595331333805893,0.003784320385303895
C008189,-0.016438333878806027,0.0017670359392934999,-0.01691240981629968,0.002229078457805709,-0.018720989292847816,0.000322168797166176,-0.019394248747357207,-0.0015954235036129871
C000014,-0.0011040849986660448,0.01949340947373606,-0.0021392924995338905,0.02502793776615363,0.007871619961700627,0.018144032242645016,0.005107377178060876,0.032173836790916586
C003840,0.010437099573888792,0.002699963904116972,0.008057844127012775,0.004061276252672631,0.017471440735256784,-0.0006292748906882205,0.012807151188433235,0.0017926141367231856
C000035,-0.00766061415085765,-0.003914511221335017,-0.007216832306290276,-0.006169750666784719,-0.004805126311650202,0.0006825338487255863,-0.005841948111288436,-0.0004989321435231367
C010091,-0.01403632225698347,-0.00041691580647496945,-0.015296364733724664,-0.00019525322500341734,-0.017813320697313294,-0.003348540118008053,-0.018928410802333123,-0.004558217385738287
C008440,-0.01366689787000775,-0.0117080952396321,-0.014352577133623973,-0.01250778996422457,-0.019691015769718757,-0.0035290064860220454,-0.018622675715564845,-0.008629015132470634
C003543,0.04213811699441414,0.022525418109905923,0.04657858007413728,0.024970542261242547,0.03711382397981806,-0.0013522038044345025,0.03484602376857199,0.002074028055618454
C001832,-0.0036782627449715947,0.0023918607066087645,-0.0029914889726075328,0.0012462373972330278,-0.0029946113281452925,0.0008120355753026583,-0.00270008310950982,0.001696178939154375
C001926,0.04018443592228471,0.02609275991794131,0.03761552952233331,0.025102976465601952,0.03670812548232631,0.0007237787756058957,0.03200517265628613,0.003715165174437286
C006195,-0.0007659813721249103,0.03350710009711039,-0.0011071445532653532,0.03189655454484579,-0.0056387184482072404,-0.0011410144065333513,-0.007055592856056339,0.006646203580587901
C000405,0.001802343446855954,-0.014872782052426661,9.340587043545997e-05,-0.0140113512783326,0.006890900072477909,-0.005888869109816763,0.0027227308376976483,-0.011720195099326909
C012279,-0.0038736767246985,0.003659762304713678,-0.003075014011129828,0.003425370973487537,-0.003065733056388077,0.0005888346515126723,-0.002768184082642325,0.0013121543087670036
C005758,0.004199747249650234,-0.004795840491114849,0.003021091215673479,-0.005428062012323338,0.006460730395148832,0.0030996249990718856,0.004501392626297745,0.0050868097739756365
C001835,-0.003491089707198882,-0.00045709703401436235,-0.0032869780616840037,-0.002906070943656862,-0.0001472835029697998,0.0009896776801825654,-0.001085069354664401,0.0010463807405178013
C012520,-0.005593290022500784,-0.003324710035855115,-0.005157706236360987,-0.004959142200222052,-0.004877867124654633,-0.0002255398652920176,-0.0052928808256302836,-0.0012301249709553662
C000700,0.003887324199240406,0.0016040255573906493,0.002883903204815577,-0.0007711367248658402,0.009830393126313846,0.0003158031594233306,0.007659645354149404,-0.0002735582302273262
C005002,-0.013591923437789437,-0.006942551487249794,-0.01447666743121542,-0.007662939294689356,-0.014881405060004176,-0.00460884395443482,-0.01377710948981288,-0.007909539651174823
C011427,0.0018645966924340101,0.007585959892296079,0.0005438115797156034,0.008068815859308012,0.010565142077253372,0.008041676851349443,0.0076185943950741394,0.012272640947253577
C001324,0.020035507825814713,0.011470063484381243,0.02034638624702545,0.012417196329385127,0.025156728983145946,0.009733964134878275,0.02188131639119763,0.013190437610489698
C007034,-0.00823717935948353,-0.0005548972585847681,-0.011060611316687403,-0.0009621363247338638,-0.006155550554282343,-0.002414164604430084,-0.011186296747187909,-0.00716451816935141
C003537,0.01706961213503353,-0.00988574519958743,0.01372130686651311,-0.008930628318925526,0.022805160741759627,-0.0025656904845377184,0.016969843057615036,-0.005783782798430622
C012075,0.001837211402581389,0.011507047041465308,0.0008956857976610891,0.012351252015154761,0.0071278654693329516,0.0006715059723848871,0.002758979308097369,0.003843172810466461
C004979,-0.012644976854413383,-0.00837311466975201,-0.013400224877386853,-0.008819782213463207,-0.01326593567299769,-0.005055508534563447,-0.012408528221213917,-0.008097620066333498
C005487,0.015045722085691498,0.021657627153328033,0.015190238889756664,0.021630093334207373,0.01904975796199433,0.010512443630826776,0.015525179253732044,0.02051181311637748
C001064,0.008709105326873261,0.021568768231691203,0.008430322342575626,0.012824212486475273,0.00996546353992241,-0.00454448504610137,0.009174750885738235,-0.003615208758634069
C013047,-0.007165017382313164,-0.017957252954956447,-0.00825471877271,-0.017871452530856903,-0.011476132046543866,-0.00755426369047543,-0.012112664175208147,-0.015472250292749694
C006749,-0.010837887514644283,-0.007288318776053843,-0.01063875182348189,-0.007831270748836187,-0.01982028142457763,0.0008471287219263983,-0.019052202072183295,7.870944329774067e-05
C001004,-0.007104142312006108,-0.007210089829042496,-0.007955776050832678,-0.007745655922766975,-0.007910785762402783,-0.0070925549653142565,-0.008225883832651652,-0.010087437300495973
C001964,-0.004028811213961341,-0.005512393246890612,-0.0032008902682924174,-0.005725567012563137,-0.002766148609662309,-0.000406254018121877,-0.003075857332710462,-0.0014178077258366595
C009050,0.024633377832731673,0.03479544420885027,0.022417143487107008,0.04231064388711827,0.02861913781244434,0.022889635964546656,0.02363886115575783,0.04398273320832005
C003320,-0.0052654277657684136,0.0029767698122209144,-0.0040446892593991954,0.00030708577109477106,-0.00355795785239286,-0.0005017881882842932,-0.002974672763902041,-0.0014167894013473379
C010867,0.03608891083307728,0.019012264539996458,0.029709102212634265,0.016398743473670666,0.0339744687077528,0.0005415791402381197,0.027219170969369967,0.002654851315204701
C004896,0.0077018254269473375,-0.01735297313604782,0.005723711108267915,-0.016865580493396252,0.01557818175480727,-0.001576802229440108,0.011637233416246649,-0.00842142002517448
C009778,0.01082127901229155,-0.020203694439351584,0.011206707024307982,-0.013853917811418506,0.01460067859889836,-0.0012506757334597126,0.014128019962923156,-0.004228781982981502
C010562,-0.01638365287292244,-0.017751670905510046,-0.01553150598175532,-0.01646055416133156,-0.014687362404558818,-0.0059609479431872925,-0.01399594236156386,-0.012277954975467974
C009583,-0.01753263538983513,-0.00028970048294671327,-0.016581153835391577,0.0001940423061938823,-0.017767695694080807,0.0012083164415368395,-0.017261577298754785,-0.001584190321488664
C007505,0.0016424144491672679,-0.015955742899301777,0.0016495238212851666,-0.009967086891487998,0.0012541976235252348,-0.0007161773220360366,0.00036738363330285855,-0.0019258752168571569
C003234,0.036414931636835644,0.012830151638899678,0.03769183875456157,0.013214159220584352,0.036316405131395196,-0.000647794667913727,0.03229817395424559,0.0015367450296579189
C006071,-0.008734167045468904,-0.008822238774798496,-0.009274280338832683,-0.009441183815536061,-0.007643859028333855,-0.0028102152638176093,-0.007111709623881293,-0.005330728662687143
C007267,0.008781276075296402,0.00950837232209729,0.008507409650774494,0.010341429533682387,0.010194002592325082,0.010600254614897369,0.009374052560208455,0.01708201737169707
C000315,0.008781276075296402,0.013477274448420541,0.008507409650774494,0.014464545488740441,0.010194002592325082,0.01251621572367916,0.009374052560208455,0.0204049955768683
C006922,0.01337584418528211,0.012207756897476883,0.009461898822894435,0.010654902368992338,0.01848800242627707,0.0005343669353211232,0.01198246189366549,0.0019843148015929513
C006552,-0.007304976004247058,-0.017951681784153715,-0.007818071831634014,-0.017915661859504807,0.001324862286785112,-0.0066221535977605515,-0.0009407710224689228,-0.014320793068004887
C004338,-0.013067275491745018,-0.008569353678771197,-0.01358525597017664,-0.0068601427182462095,-0.019961383830973692,-0.009383480135548178,-0.019017828620193668,-0.014076356327216094
C011488,0.011269471187288186,-0.008072491460005056,0.007541727379893821,-0.006810470247731082,0.016770114847838885,-0.00018575015702469597,0.01038358350257212,3.3251811806826216e-06
C008785,0.003856295180914231,0.005652192175970945,0.003210990254529604,0.00494391183399624,0.010665696050385613,-0.002285139812776652,0.009212590560685279,0.001604749166380576
C007021,-0.005697594656588715,-0.012456430738826707,-0.006245157615813773,-0.011622664246263799,-0.0037019689606643575,-0.008376744222267323,-0.004124192050391817,-0.015084583732190307
C003737,0.015079129309563058,-0.006866796733806033,0.01644263209405998,-0.0038388894696304234,0.015122191745309146,-0.006199282023453996,0.015021443214810873,-0.009819067939938714
C006804,0.027212980633089,-0.00508877062425468,0.02223910902058135,-0.004845764551366547,0.029299326281357972,-0.0006470871835340957,0.023018370569247666,-0.0015341379122460524
C013506,0.007927477785767929,0.011424112867051578,0.00892686620806032,0.01179589556335529,0.009151148692218553,0.0026259072274965544,0.009407923346650464,0.007966126763772933
C001154,0.003991251597441428,-0.002224881570853969,0.0029645465363144297,-0.002689459230156987,0.003816847577958446,0.0031351655335787325,0.004011608574963348,0.003391819087047102
C006667,0.0034287731846370344,-0.007573286136406527,0.0024044756622150546,-0.007238177973833402,0.00888153457166163,-0.000231546713934462,0.006717785647768738,-0.003226001140904052
C012443,0.019681574042637172,-0.02348367243835601,0.02056769832061849,-0.018741190550073672,0.024236088444287346,-0.0022824573339612405,0.021794786966289437,-0.006276559507767102
C011502,-0.0043070819789363555,-0.00591956903440657,-0.0035938913366809107,-0.004200173666828802,-0.003498090842066747,-0.00025952232500354164,-0.001960382920296182,-0.0011837835032541392
C006095,0.014746265340309088,0.018949803574953076,0.01195052161563495,0.02056039953103502,0.021050249490056388,0.008012495870611133,0.015702681338893097,0.017860946098398774
C001725,0.003345961212564471,0.0293228486455359,0.0026256173774778565,0.02807501788753282,0.00029762115639948947,0.008913108628075655,-0.0005302829886229504,0.02044450741197306
C013739,-2.687176605920983e-05,-0.012468146633548803,-0.0001742968796650638,-0.011379671715920327,0.0035009234569940316,-0.0013261027022227992,0.0007223590238932512,-0.0030861832720597087
C006308,-0.015576906866344569,-0.009217821669290383,-0.01674517960879908,-0.01010701029082657,-0.01820491927455987,-0.004875506290327672,-0.016474488517760857,-0.009538732708461112
C002841,-0.011807084583771872,-0.016991179315016747,-0.011690205004405789,-0.016917505062682706,-0.011387878284014526,-0.005930916032451761,-0.011267618240457643,-0.011981338579142459
C010837,0.026161601173800494,-0.02451939222773203,0.028761994224637003,-0.02089363288910854,0.03086951089314731,-0.004281104845228275,0.034293094414136596,-0.01044321895669369
C009707,-0.019655680906163552,0.010330243044936481,-0.020901697571215707,0.010363027531011502,-0.023000882877724477,0.006312030974546162,-0.024469176404836278,0.008278946163919018
C007224,-0.00022384074883719868,0.008613695965408607,-0.00016407990198701259,0.0068422247693644455,0.00024790784605771234,0.00034906332369451844,-0.00018213528074051733,0.001227442687974191
C003613,0.036547408447018925,-0.004108666636237178,0.03577208024213775,-0.003119222210093135,0.03530858557014358,0.0002428520179644984,0.03130183957210166,8.627558606006637e-05
C013296,0.022128282520295358,-0.03194315174919178,0.02371432077274539,-0.022153816037689036,0.026204579737921584,0.006271126534131369,0.025041885675644387,0.006170149281192895
C000113,-0.00025283742822220493,-0.0029746854983575127,-0.0008340784837411829,-0.003955009061897886,0.0022469667135819075,0.0023001268282975655,0.00014624501988281881,0.0037350242300359508
C005168,0.018712891286752936,-0.015069583870326498,0.01753636160438666,-0.014303972736545868,0.025937580739485048,-0.0003501676946718048,0.02223467780740385,-0.005690259624875768
C012650,-0.004479621200183355,-0.0035281587512854067,-0.003879946514165798,-0.004613491354277488,-0.003476153952249822,9.988381889887301e-05,-0.003985874995365797,-0.0003932781136710233
C008439,0.033923067466151216,0.03718862531182809,0.03787621599854557,0.044689651397695256,0.03725122899166789,0.019777608768929294,0.03842498883254163,0.03491766655247523
C004222,-0.00240150861143172,0.002704781846933907,-0.0025040459085465287,0.005522384681222418,-0.001861284672958671,-0.00011716182660348486,-0.0020190014362405626,-0.0006615234227434991
C003450,0.014223218045838149,0.005701830533742972,0.014004747231744137,0.006185159328995918,0.010367308979527548,-0.00039114820565027986,0.00816365861062392,-0.00015377462649147368
C006224,0.010547785891661197,0.02745781197534013,0.013234656905498712,0.027575316831848894,0.014310484411384865,-0.00223562983039174,0.01417000212422077,0.0064343255395191675
C000794,-0.014436137032909486,-0.012016326974170663,-0.013457894329712328,-0.01007084162531089,-0.012372333379330008,-0.0011763825452005014,-0.012234681977047347,-0.005281988462843582
C004743,-0.006197265883642675,-0.010908305948636832,-0.004489196207009237,-0.01046299321325465,-0.007293217413902126,-0.005442113694988546,-0.006224099988049462,-0.01042428097804184
C011206,-0.0043223130636848035,0.003293838241850124,-0.003315838392536004,0.0025115877432544957,-0.003154919782541555,0.0005651495527862915,-0.0028439944882281652,0.0012274604281715127
C001166,-0.003318619407846299,0.008501633315547475,-0.002944553562959345,0.0035602715580499507,-0.0026240044853992344,5.8635352074815764e-05,-0.003322045683900347,-0.0008070455076084975
C009595,0.01575354966429649,0.01039033406130624,0.011743621754489118,0.009376886274206932,0.020595769520817722,0.0004586348571344237,0.01417766337560522,0.001696796454617682
C007576,-0.01824190876829187,-0.014812032600073043,-0.01860465003624824,-0.015637053962329964,-0.02067220254227438,-0.010173241078133081,-0.02129827031521371,-0.017857873054844427
C006633,-0.016627360497802585,-0.01799757497146824,-0.018037639156480552,-0.018154672877730135,-0.02104409881248071,-0.010771570090019318,-0.022687746075848014,-0.017704562129668394
C011287,-0.007105042709011894,0.026889689769386226,-0.006522112206588468,0.03133447419489649,-0.005724813040702146,0.016085145713145333,-0.005846684365359961,0.03429884077689894
C013404,-0.0037376139124451306,-0.007475469159827538,-0.003014978087426611,-0.006852857721204975,-0.003017659277104251,-0.0004982731950697693,-0.0027226601595365585,-0.0016002465137489356
C013790,0.025704752830641282,-0.03308753125771073,0.02797572098288702,-0.027626624150630764,0.03010072614084886,0.0019621975595121494,0.03353584666809142,0.0010700163511679261
C001466,-0.014177365078065014,-0.0176334095124834,-0.0143764324316875,-0.01697997230185436,-0.015172684657529599,-0.004125995820151663,-0.015300882458579058,-0.010527900438840916
C012955,0.010043657394265805,-0.0307568928031468,0.010367619762080142,-0.02913207131630332,0.013341977957819502,-0.0041673861286224325,0.012795048347855928,-0.012822304133096629
C000016,-0.003538957610729596,-0.007389511392244879,-0.004173374007405712,-0.008486778154677967,-0.0031427724812761685,0.002437340120927324,-0.005339190536473044,0.0016607856211414455
C007920,-0.01669828733398593,0.0013014253783380073,-0.01524004432806066,-0.0005363281254923131,-0.018021259029140608,9.51566055063184e-05,-0.017193147325528596,-0.0033462197216859862
C007540,0.009530210892225326,-0.017739367670029278,0.00958330080156628,-0.01707936134616643,0.012684109500223724,-0.007673676741966276,0.010835376700954675,-0.01293795050261755
C008161,0.030509916294824534,0.021842173888946007,0.029633605705747423,0.02253977588981493,0.03265685648156274,0.0014992591050587614,0.028355379248745153,0.008888385365850343
C006065,0.004598147662467157,-0.009063654936509196,0.003577533035192271,-0.0077655506389706355,0.007260996439825548,0.00012581136127510706,0.00513101715647688,-0.0007791791770487526
C005575,-0.006333209783951328,-0.0141050873262829,-0.007447406615351596,-0.013228490932149768,-0.010036482994201474,-0.00745996904683917,-0.0109368853442854,-0.013404964638967514
C013482,0.002775666810604128,-0.006094345592269445,0.0021329913593563436,-0.005350284140187639,-0.00025585186877919266,-0.0013762455178770664,-0.0006969296052144218,-0.0026630745133838923
C009565,-0.003741439103314592,0.007309429122305197,-0.003102755707495038,0.004760061966294111,-0.004335016066367497,-0.00023913407080895102,-0.002941553794217674,0.0007264620667416367
C011768,-0.004643783226690029,0.010107027177498295,-0.0031205604185589233,0.00906489853333467,-0.0054895312282222134,0.006110757985405666,-0.0046335253061983795,0.008393954728983077
C004380,-0.006352846535311543,-0.009416451049899787,-0.007064588440690074,-0.009149355790802737,-0.003947542661760971,-0.003407899769007703,-0.0042273140207311636,-0.008833861330153311
C003850,-0.006515386479254456,-0.01123328418222583,-0.005767326662010625,-0.009702822865193273,-0.0030902674965452375,-0.001858043188710654,-0.0036791356063973404,-0.004045250135618391
C012286,0.001630681376285398,0.02709277637238307,0.0018230958539540666,0.024175207845825896,0.004702630426723868,0.0019605900091783173,0.002691458521839883,0.007704400099722016
C005014,-0.0034597541791070246,-0.006487669313095574,-0.0030597543456607553,-0.005851076759644228,-0.002272625304618449,-0.001036853631923895,-0.003077202289497721,-0.0026858910274622804
C005231,-0.01287238316893602,-0.0014933651183708086,-0.012553150567791039,-0.0015688293558118681,-0.014788743061951111,-0.0007758517753389082,-0.016276697090944384,-0.0008245553966372654
C012191,-0.0025967863222617848,-0.0074034747733161144,-0.002617064109212067,-0.006382021348835546,-0.0021296201323552774,-9.73459592461388e-05,-0.0021474008011961904,-0.0006541499278105916
C011908,-0.005266494532305231,-0.0075029234036913485,-0.004850020235936322,-0.007698261465992605,-0.00473445924317988,-0.0007878302776705059,-0.0050901980241647125,-0.002556772516550565
C007051,0.007497578997750071,0.014117794967230996,0.007313717896168558,0.014093811113605739,0.011910492583285297,0.006666187227922818,0.010540304937923866,0.013758863775150993
C008988,0.0030240059165803496,0.02577674123263905,0.002346866402802117,0.02383853102553941,-2.3515992841085347e-05,0.005787059304651166,-0.0006455123638838819,0.016625616787456516
C003070,0.025205527819929397,0.0009202706575029623,0.025389140243976812,0.0010093459830386384,0.030568053189358676,0.000606631637142319,0.02869533096076395,0.0006167751347208394
C002668,-0.0029348513420117957,-0.004140892865026475,-0.0024777100073967327,-0.003493930536818188,-0.0019907178388040682,-0.00024370907045418702,-0.0013358672657057546,-0.0015043844416406087
C008145,0.027432935331622447,-0.001621859724872936,0.02374313589012884,-0.0020600737034737514,0.029865236713044373,-0.000833388464172228,0.024516933718912743,-0.00206672893094127
C011951,-0.014063561402702613,0.00037172463562804394,-0.012454524551857766,-0.001091720915932346,-0.011495176364112231,-0.00020681719095566513,-0.012676703466204977,0.0006035551010628357
C010374,-0.003472096418812134,-0.002132152419186586,-0.0032701691879894173,-0.004015175527735119,-0.00017610769638970643,0.0013666148145356552,-0.0011084693717098564,0.0015468737050273857
C003021,0.029019644913795738,-0.005353771270834352,0.028589912719553485,-0.005511548560905428,0.0321740900815906,0.0007447703837075912,0.028476194086483463,-0.0014146630816652022
C001583,0.001700762909538307,-0.0022267354054242984,0.0012433542971211407,-0.0018770113766363586,-0.0010312611177027238,-0.0013995584743542676,-0.0008245783159308608,-0.0022033386529542952
C004507,-0.007717185533634358,0.0022055836170967753,-0.008583472297194824,0.002921597920934668,-0.009235034026359513,0.008066077308570518,-0.009702154552854267,0.010537457995557092
C001317,0.002742132208710958,0.001126684469480845,0.0009273823011585699,0.0029306963433653327,0.0083759068931969,-9.737526554232348e-05,0.003845769301530952,-0.0001105463114254144
C002654,0.010910306180115159,-0.003589720228781187,0.01127291099673647,-0.0034738115860328458,0.01486282662058489,-0.0005803847577498429,0.014330079971783018,-0.0006690431234169758
C000707,-0.006329635854564983,-0.011967206942240223,-0.005573746270891456,-0.010622190417359113,-0.0030402366501990864,-0.0019294467926353053,-0.003625616487160935,-0.0042324909492034305
C009601,0.03321439557667858,0.0009129754967025441,0.0339640012187462,0.0007661924580565023,0.035237770803015975,0.0008463746868960181,0.03221019759323776,0.00025662405024349475
C013004,0.0028909287455028015,0.022307350080394084,0.0028697524572580072,0.019923774781105175,0.001817475207709877,0.0012427216256146484,0.00087880904401372,0.006922011102311137
C013871,0.02177802086985322,0.0192337459469112,0.02229672589629525,0.01972021575340489,0.021743819160003265,0.0038150009576400105,0.017950975071513043,0.01138397448079382
C012451,-0.006662469503002356,0.01601259561823253,-0.0037790249394072007,0.01431763519730251,-0.0091717579881034,0.0025293329385262463,-0.006901634530240539,0.006482655582907222
C008063,-0.0019206286047520817,-0.005494787214719235,0.00030096434144914996,-0.003873280956044183,-0.002748012978131146,-0.0026720514789261717,-0.0019198348986949657,-0.004998001253024439
C009437,0.033185945950930565,0.04323465657510251,0.028187974906221526,0.056075878258473565,0.0328595357068166,0.01169995178873351,0.026791304770772396,0.036153871689121674
C007493,-0.005101723867683286,0.00036323472848984103,-0.005394961378123551,-0.0005203899325152454,-0.007748224415067685,-0.002571800529015241,-0.007374775911082861,-0.0028376700532862713
C001408,0.0014414076052902465,-0.009545840420930835,0.0007450013765915832,-0.008185030812164639,0.0034550329326308226,-0.0011904458915991338,0.0020559201329162467,-0.002259050945202721
C004181,-0.006891284701338487,-0.01707309930280061,-0.007436812187210906,-0.017230196526050796,0.001896792404338335,-0.010409386915648682,-0.00046647069317610833,-0.017895854838619052
C004379,0.0065516722042379,0.020153942450943655,0.006253673083940227,0.018842442304514605,0.002826527156063417,0.0020697604364694777,0.0017437190353651031,0.008664990212467005
C010524,0.004313925399044157,-0.008489981826619631,0.005663155684491375,-0.006897405084350049,0.0048078878447096515,-0.004568700219761603,0.004502915974224594,-0.006805518899470269
C000150,-0.0005280039959405372,-0.006464525237140945,-0.0006186170791566051,-0.00510328572394905,-0.0013267278936387344,0.0002504523132224607,-0.0005586906149517965,0.00027432111565759597
C001804,-0.004139226613205613,-0.002841738186880086,-0.003298025601300323,-0.004348353814451504,-0.0026886300123842564,-0.0007342619166043644,-0.0029969297235455635,-0.0023663033644933137
C001224,-0.0002712594127609267,-0.008879112707909635,-0.0006946595818134532,-0.0075812807055085085,0.0009373313887276413,-0.0004461797304696527,0.00032892139708195285,-0.0015056557719504875
C004081,-0.0060399525831715825,-0.013772270926254344,-0.005672356032378097,-0.012216197945266847,-0.0036371605296203684,-0.0007483662684580853,-0.005061961189548983,-0.0037845971742610294
C013124,-0.00047309372937699294,0.016434633977632326,-0.0016329782705087903,0.0038340331321884626,-0.0028001803353657735,-0.0049547885794446155,-0.004272289069359192,-0.01452904000502523
C010529,-0.009671975178956791,-0.008918847115826424,-0.010220287646157324,-0.009189386379916708,-0.013262078812848908,-0.003639947382607815,-0.014228192922304858,-0.006265456600414292
C000743,-0.008840361737117526,-0.008564105000902246,-0.00846471764682354,-0.009379284966457738,-0.006671710242293846,-0.00036099384261840945,-0.00836832080387251,-0.0026988598282260173
C010737,0.029593455854443586,0.012169299900326648,0.029022368588517134,0.012006316065993476,0.03234861216812685,-0.0007313361126583152,0.028333911942474272,0.0026722103590741285
C012556,0.007378872764804107,0.010681977116791688,0.0074477087834123245,0.01128823891595577,0.01148637799309631,0.011504357453731167,0.00952263261804403,0.019093326358709813
C007213,0.00720997224394558,0.0031500960069376087,0.007245263243798617,0.0031299808884381703,0.009388075103718066,0.005591603412748853,0.008378501790101703,0.00884464279112222
C008896,-0.007819968647506139,0.006014067826299156,-0.007717914430653562,0.0007037653364413197,-0.006844225401760425,-0.001303450185083122,-0.006784661191562529,-0.004434399390976072
C000192,0.014972642131235725,-0.027537060103810355,0.015094121692792008,-0.02045889975913682,0.018916919255795788,-0.00015469823859753966,0.01536448923575327,-0.003255360424015599
C001612,-0.005127762269550517,-0.003345069845963892,-0.006010539651806026,-0.004226856911779495,-0.005800815055713433,-0.0011953454976137412,-0.007359352917219326,-0.00228473386138455
C011684,-0.004358904261332164,-0.005267831036384901,-0.0035307637557319338,-0.004144354705676496,-0.0043601447674973095,-0.0001679267725526185,-0.0030289561222753584,-0.0007188174665296433
C000490,-0.01298979841227249,0.00929219123454295,-0.012826029374100552,0.004470342278795386,-0.010966999776916673,-0.003949117142869576,-0.011649549820783584,-0.009061467033664512
C000839,0.016313367202447148,0.019469515330886252,0.01676595026770455,0.019644245341616864,0.02115450644932751,0.008015852826312371,0.018452814248096,0.017564891266997344
C007908,0.004446961752483407,-0.015133291448576724,0.0034493379592783657,-0.014481369343705258,-0.000338390481572909,-0.007692981076235295,-0.002061694318551438,-0.013896709971241301
C001773,0.002636957506022197,-0.012648987335467678,0.0012336432304054113,-0.01186921726701955,0.00854135902723974,-0.0017171706235314496,0.0037201396693070077,-0.004252300896052045
C008102,-0.019311390093039674,0.00918340204187604,-0.020851314638203423,0.009010561144475501,-0.023577292806151763,0.00514995853517902,-0.025707821166691822,0.00608062634435132
C003159,0.024278948642114953,0.010581472694781187,0.02452509819161129,0.011079197987117331,0.030027329988919122,0.0021682499518097275,0.02838100213760265,0.007671016363690244
C008795,-0.010019871791942074,-0.005955271872773424,-0.009700417015508783,-0.00811897310208695,-0.006298888268421296,-0.0007003183504093717,-0.007884054443862492,-0.003423490745763581
C012679,-0.0038152353132496126,-0.006838465183925664,-0.0030539043500904923,-0.006628897044375066,-0.002896894772945827,-0.0004757128669104208,-0.0031158004960848613,-0.0016545599215878326
C001740,-0.0020901887873115963,0.0012466878032902538,-0.0018384986538673668,0.0013093057931529242,0.0011766804680327114,0.001438523629510853,-0.0005518904371356506,0.005615634674687738
C008314,-0.004303545452461681,0.01175913193049362,-0.003492015831623036,0.00804151432024414,-0.004369837875499733,-0.0003612557466128587,-0.0030322160692864857,0.0008355723339274639
C007844,-0.002554069746632291,0.0019183705247243234,-0.002237355165312893,0.001093845285931172,-0.0035624616001161177,-0.0001861799261496997,-0.0022845741390538398,0.0004890011194684219
C004783,-0.0035780053966729865,0.000919804091231354,-0.0031430737749143494,-0.0012669853347576463,-0.0028236774483650882,0.0007716658668799506,-0.0031255736146461282,0.001027754042450758
C001203,0.02749335710543368,0.004560744075510193,0.023564155584152778,0.0034333198163276875,0.029822154949806955,-0.00011009990065154562,0.024318611471499826,-0.000357002432628226
C003534,-0.011745155949950823,-0.007126224238866671,-0.010416628037971278,-0.00721503096723154,-0.018097320257504913,0.0008160886395438141,-0.01807981200088738,0.0019794270140180547
C004200,-0.004034094366363812,-0.00640223868317737,-0.0037581386092294623,-0.004975244214596788,-0.000412486392752986,0.00034532597990873467,-0.0012769946110631344,-0.0014810688064362722
C011518,0.00619846594475601,0.0289328970254053,0.005453729260037438,0.03267924420395308,0.013783878445250615,0.02430342133145593,0.011305759885688438,0.04222760910373758
C005632,-0.002188863386445054,0.004512135047768062,-0.0027761436744969596,0.004287488216592974,-0.00019851989606444514,0.002173141661112879,-0.0031281059333774903,0.006569404193101798
C006378,-0.0019120793765003837,0.011520934236876466,-0.0021130706595338085,0.01019715355788852,-0.009578250230006349,0.00032075589794244505,-0.010223877090959555,0.003067123765847851
C003834,0.010225082611145606,-0.02627873244307276,0.009575294574473125,-0.017443589020505194,0.011013803746479782,0.0008138479780426518,0.009133706741101954,-0.003632712620381045
C002217,-0.0026092407238227783,0.004641014594685119,-0.002394038840093726,0.003036964576883792,-0.0022664953677216447,-0.00028841683048736903,-0.001715794367745503,-0.00017262940175585557
C009111,0.00514298944682261,-0.010864382512208455,0.004994147924763754,-0.008299501750127157,0.0019939426584112403,-0.0013778228386849955,0.001256783014991924,-0.003909825083828751
C013581,-0.0068532631990697946,-0.005878670175234103,-0.007603847539454659,-0.0060758452435061335,-0.004769618192294071,0.0017688675391966302,-0.005076405257471781,-0.001643274654439124
C004836,0.007282756112554289,-0.0006151941958266749,0.006530759207872947,-0.0007501661482392962,0.009102917232756275,0.00013810122128730533,0.009252316452523807,0.0016802054001455672
C007325,-0.011584938085206638,0.005503458167449643,-0.013203618294374346,0.0026783891827490036,-0.015254114938927903,0.001270597935461793,-0.016506077784799192,0.0030752677176552976
C000913,-0.01072646665920348,-0.012381296819880063,-0.010048429579600617,-0.010099780863883412,-0.006632127048645433,0.000517368150069001,-0.007570894296050524,-0.003718333632103524
C012209,-0.0002712594127609267,-0.008729118924190767,-0.0006946595818134532,-0.007468663572319202,0.0009373313887276413,-0.0009299253010897159,0.00032892139708195285,-0.0019032134554528852
C001806,0.02284347285052917,-0.01111791625564048,0.023122316772742277,-0.010786490037529552,0.02906894285393371,0.0010062153256637108,0.027597283232969838,-0.003041450897214919
C012753,-0.004568242495848726,-0.00833133655690186,-0.004280234407532513,-0.0067563726909141576,-0.00115791978516829,0.00041928553875073736,-0.0019518228621110438,-0.0017679634781246267
C008764,0.009878389718199175,-0.010746192984644427,0.009721660593115068,-0.008531620686435943,0.013140020129654206,-0.0022021010818969945,0.012091844551066811,-0.0023621530487224845
C005580,-0.001338963559931857,-0.008361048251416158,-0.0022851194721438756,-0.008857580446606473,0.0022483308912862694,-0.0004749663898158476,0.002103861846333318,-0.002635371062757641
C004849,0.0023765797388957365,0.010605533768762125,0.0018982416830186522,0.01084843805083152,-0.0025832033817423687,0.009763590439555327,-0.002902831316063307,0.015487127891723044
C009702,0.0032569434848911906,0.020163896822396134,0.004239172026089446,0.020323501916236247,-0.0070677622703555895,0.006050523996437906,-0.006299772488594591,0.015296747748082
C007026,-0.004519628967416955,0.0073966601099291675,-0.004358524270035365,0.006589236976175838,-0.011582627811435361,0.003922555364899737,-0.011584628792291581,0.006219388080611279
C010310,-0.00829608063368698,0.0029621325224680833,-0.008599871648296713,0.000835298425604218,-0.011051186316350188,-0.0037413175480766636,-0.01045346827623695,-0.003580346221215332
C011709,-0.004980605246978332,-0.009726216915245669,-0.006153629803418462,-0.010652094133966561,-0.00040155468835053476,-0.0005736893200614725,-0.0007146562634376047,-0.004130153441875125
C006907,-0.011624607741570613,-0.017981267611248356,-0.011887781571852461,-0.018014445109868285,-0.0059069579640435126,-0.008449204346243395,-0.006715718942914903,-0.016369817278474127
C008324,-0.011758578430206244,-0.015695521701522847,-0.010914200494782296,-0.015238988906135903,-0.007497140133084526,-0.00258630112414305,-0.008037177221439352,-0.008603018120738016
C013235,-0.021775765402916737,-0.004726727367459676,-0.03259528836116598,-0.007329021363331318,-0.02584689949752842,-0.011152842464224457,-0.03923917897441083,-0.0197508368228935
C007816,-0.017644560544004876,-0.002457317271420585,-0.018806717143355797,-0.002269081865927744,-0.020278111132696508,0.0027288176805575727,-0.020154171041489918,0.003100198378469026
C010634,0.004590763470467203,-0.014415859544793314,0.003663422522349286,-0.014427412572432663,0.01179690798852813,-0.0017013056164140224,0.013128046528817678,-0.007319587166984567
C000190,-0.011336636407402335,-0.002729613387905877,-0.010672073360891092,-0.003770111053482303,-0.019818397315908856,0.0020239114058895648,-0.019783516216014735,0.0037572145113956225
C009336,-0.018417799111259747,0.005590884639447359,-0.019991250667549292,0.004053030620675158,-0.02037224277047968,-0.000599880721114691,-0.020067429773770164,0.0014829107859807356
C004246,0.009415181589055294,0.028759284098945185,0.008865560261797335,0.02755475975330089,0.009752903571328521,0.012541908264679531,0.008248124872464449,0.024472741727063582
C006641,0.0006089772928814574,-0.0024189686697184327,0.0002504898255591604,-0.0019969115690893803,0.004471761234448463,-0.0010242641014728809,0.0013460159159207957,-0.0029742326037325976
C009170,-0.0034194513502361777,-0.011884724604586965,-0.0032296672173558055,-0.010707616713440136,-0.0002812062692981535,-0.0010047589569081334,-0.0012226418424907785,-0.0029539287296886235
C001782,-0.006294393377235193,-0.003689746757509589,-0.006532754921207366,-0.003986067989481888,-0.0009857519490999716,0.00034960689428210656,-0.0012884972053361537,0.0018282683993802592
C002776,0.0024864378653771174,-0.016379740841399905,0.0006873980793087692,-0.01566419509637016,0.007956005457771677,-0.006058260396811553,0.0035329759662856663,-0.011455365186718816
C006219,-0.0025797982854865497,-0.007490170534055238,-0.0023748007008790465,-0.006552462204814238,-0.002229370683396842,-0.0005605894243030292,-0.0016884504352164432,-0.0015346055408323551
C009975,0.027181795030545124,0.03721011453443276,0.022165229609294363,0.04363004731499231,0.029260523013904936,0.00937285770778757,0.02294851628195123,0.02817306778299863
C013662,-0.00258814790666631,-0.005753216738608329,-0.0022630461842476518,-0.003798797886888096,-0.0035904536369913203,0.00025039882992945446,-0.0023064885577067044,0.0008843976941498119
C000758,-0.0036826209521368127,-0.0035477382675318057,-0.003149120283763441,-0.004665067834112278,-0.00261785533340701,-0.0003473869082625473,-0.0032463047634479656,-0.0012877234157212612
C007559,-0.008627345277494099,0.031513212751166385,-0.00894087708482339,0.034162907367883306,-0.010927617650420296,0.017783232879762034,-0.01050436947324042,0.03209955812017723
C008684,0.00011056632653637641,0.0035254941105598153,-0.0003806841363173099,0.0028427604159829522,0.001511602659267344,0.0010338025770905773,0.0006668776303073988,0.002061695847616431
C001905,0.004454729472367527,0.016792224148824725,0.004103140813499022,0.016267379769529043,0.009863168317287709,0.006771586364891621,0.009902037068479957,0.011504595858332224
C005740,-0.009040023068206749,-0.008046828701799263,-0.009051152939718582,-0.007468944730978945,-0.008955722385371926,-0.0023210291816572505,-0.009427514532391372,-0.003789318831435028
C013112,0.0025753534965590086,-0.00400919958438467,0.0016360337294984853,-0.004476430636350911,0.0045951737848439304,0.0030114460821205015,0.0031817842076569606,0.0053644624984685516
C000364,-0.011794395906789807,0.0060200960557816345,-0.010116629138467791,0.006061347554033524,-0.016702856770638274,-0.003282629860283096,-0.016061939448607523,-0.006164557709149269
C007344,-0.013437648959758196,0.028941341434338175,-0.011526675286233452,0.03216377232006788,-0.015244514040166269,0.006363425919507711,-0.013976419543111167,0.021213834872896443
C000372,-0.014744210443726423,0.012563548894688682,-0.015037011702336551,0.012953533485766605,-0.01231675927920689,0.010321881053656619,-0.012393589510390744,0.021055836688043037
C011760,-0.005275694341679547,-0.0104756574898841,-0.004485782052294189,-0.00938152452122519,-0.003232522477581712,-0.0013865188209015561,-0.004244591252034523,-0.003425425206993381
C003208,0.008972919990063718,0.0119260834869747,0.008543998427173058,0.011067029702014777,0.012162613506979877,0.0080258480483995,0.011886020403300416,0.015693275068154353
C012171,-0.015827623619636987,-0.009345323175340559,-0.016832108270256062,-0.009506160805782461,-0.0165520470081562,-0.008666983039184973,-0.01611154681710523,-0.013391893133083168
C001680,-0.003007701037740059,-0.027445414251552554,-0.0027870536908599186,-0.027619631419576837,-0.0032799413467574545,-0.02255563876816053,-0.00512720124998844,-0.036437606655844
C001841,0.03622108568907756,0.0390697838957454,0.04349630076290025,0.04875218031152797,0.03878124715217391,0.02227740666366077,0.043042213102668286,0.039479746929780186
C000709,-0.0034948831098795276,-0.009414461852865852,-0.0030956491173486905,-0.008445802243895725,-0.0025909616737012824,-0.000863330419179478,-0.0031369603068483565,-0.0025496326526219426
C007261,-0.006046821482307454,-0.0039043561209254913,-0.00579975962929691,-0.003840841779353413,-0.0068760605833139594,-0.001826164312990481,-0.006902336876464267,-0.002267398368875301
C006329,0.007655728747386165,-0.004571932168531003,0.007428918308282537,-0.003235679848795247,0.004441440635160446,-0.0013509829441268378,0.0035413124919330546,-0.0035771079711177057
C009813,0.010979579657841966,0.015138902022700655,0.01133471744727186,0.01616515458446747,0.015408265054504598,0.013664563336152132,0.014544354208897808,0.021673868779994613
C001428,-0.008665520701491253,-0.0004558332908779794,-0.008977145723221634,-0.001431091535853333,-0.010668213510011152,-0.0022189368016986384,-0.010342966669980106,-0.002960782841519911
C000055,0.005960657443428048,-0.016554078677102256,0.005046086957014104,-0.015943975407858597,0.006894629847318751,-0.004061837091795994,0.007161888095631832,-0.01053930775531114
C012788,-0.008385240331283055,-0.013509035172901016,-0.007911618635652635,-0.012515849282721168,-0.006333379838675065,-0.0023764026321262065,-0.007574345022034362,-0.005377114956401194
C003190,-0.0053969992498523345,-0.004410250929946891,-0.006098129393936626,-0.006349622150484545,-0.005665280880427055,0.0013619707539350321,-0.007490599469733874,0.0007871007063161593
C001955,0.008964570527580195,-0.005968173136544915,0.009237431666792138,-0.003342435411058444,0.010630077036786263,-0.0017067324169547805,0.010422360302121483,-0.00020015356329788973
C012112,-0.018039169398338707,-0.017610492093553226,-0.019522531793507072,-0.017157090863137138,-0.02251034022296454,-0.004773811292138093,-0.024460291803112277,-0.011676468399308219
C001349,-0.0026674864887372115,-0.007032875540427497,-0.002431409781635592,-0.005872445857683739,-0.0023388398647858836,-0.00018054633235611202,-0.0017699147239697436,-0.0008099839238355582
C000195,0.0029398946914199232,-0.006736619170472611,0.002991269880695329,-0.0049475252665297734,0.0031283453940246847,-0.0007536766100567494,0.0017414472693175614,-0.0027223613884302025
C003144,-0.00825629795764252,-0.012803089301143617,-0.007754703465645174,-0.011360647093396197,-0.006164768084820093,-0.0018050280285543162,-0.007201084510554471,-0.004471829653457262
C009412,-0.0023698138350480317,0.009471448677295283,-0.00367221714377779,0.018326672468693888,-0.001649151030510107,0.009570069443468188,-0.004277392070444378,0.016583943863691906
C000694,0.008128999648884654,-0.023007480274846816,0.008195066775230188,-0.022232566524051537,0.012565848696459549,-0.00999299516089602,0.0105983163972975,-0.013937192002684132
C006465,-0.013968801961115043,-0.01773766262319723,-0.014858038186275666,-0.01804213280778404,-0.01826589696150668,-0.004666435577432664,-0.01879898449969751,-0.01285406449750808
C005135,-0.015386801343143122,-0.003071827371062537,-0.01574386751653693,-0.0022861830263762985,-0.017136426730598137,-0.001970158917156992,-0.017568901150880036,-0.004616396079036336
C012504,0.0013279468441545327,-0.015070933299111728,0.00135508644724791,-0.009585868316044712,0.0010944176073601924,-0.0007030411068740602,0.0002493613727631698,-0.002054491408973899
C010632,-0.0018631333260526461,-0.007237044892275179,-0.0019641155955200298,-0.006363131058244509,-0.0008255815585604399,0.00045592959689774607,-0.0016570517452258618,0.00016877464042800564
C002597,0.0033548554116533285,-0.008039293137089513,0.00271701134210953,-0.007288742483983654,0.0037984097920437587,-0.0012798824311999084,0.0027893946794240814,-0.002421816853043499
C012362,0.0003206954496415218,0.017564131160884813,-0.0005473585621619116,0.01843452972405849,0.0033834409959932,-0.00018262998015583919,0.001274111383041328,0.0032829764831981377
C006374,0.009519688224320741,0.003850363102918727,0.009650142401056563,0.0036580731322202937,0.015466687926129914,0.007973249683414091,0.016745249097936055,0.01215106090362691
C008619,-0.013023945430642636,-0.011488045773186401,-0.013528361502366939,-0.011219472986244459,-0.020001128711027886,-0.008640439599141457,-0.019084659927216058,-0.013813183355893308
C003215,0.002040351765726154,0.018007212842988674,0.0012341779168123163,0.017204117126808943,0.004115048855088063,0.0006234705116118494,0.0027133530082063873,0.005407219526275439
C002492,0.002213160320495435,-0.0014502737489146052,0.001070342385593815,-0.0004813192480779265,0.007841484414619787,-0.001124489018398227,0.003198334461202121,-0.0028913893005308167
C003686,0.0008727890994322141,-0.007607289951465177,0.000267019411309167,-0.006693215482107117,0.002690226927692663,0.0008696123590357394,0.0014210905383258187,0.0006796259444618047
C012082,0.010792706611411454,-0.0026368785032686607,0.011178842852305358,-0.0023255164441842737,0.01452440531599295,-0.001446080691578647,0.014068461469974087,-0.0009734204806655791
C013874,-0.0033954825663223133,0.0042563241819492436,-0.0030724939016203213,0.0014128428227314195,-0.001712633702689378,0.0003790357470196527,-0.0028633507461710023,5.2578018579974016e-05
C002810,0.01873142983546856,-0.02921643571819499,0.01951345207261206,-0.021478218597421127,0.022798785967199676,0.0019254973448189386,0.019579161252457022,0.00033259484927301673
C008036,0.023616464547883166,-0.028132929220972314,0.025309538246498425,-0.026012957595921968,0.028431975688219438,-0.005318794454387892,0.03071158684645825,-0.012254896090143965
C012996,-0.014683509739297307,-0.017838820086090806,-0.015987567581423185,-0.0177024080961457,-0.018680460924794185,-0.00858979031970834,-0.01989145098526145,-0.014873199206018756
C009943,-0.01223125706470327,-0.0017147243529372757,-0.01248479769603652,-1.7086166266102305e-05,-0.02073702229238716,0.0011765512137768416,-0.020239692136642975,0.0005385431770695416
C006621,-0.018647404563615303,-0.019928312230302177,-0.01844125131809523,-0.019965282392198667,-0.017539555452303558,-0.009030320014527535,-0.0187106779867645,-0.01878156104173331
C005127,0.01130463441406963,0.002402257794311113,0.011482641094340608,0.0038009824608270667,0.008062950346711846,-0.004871934773533003,0.005675644978486277,-0.0041242396842696505
C003326,0.011146699421534447,0.0004976455292409345,0.011239668604268201,0.0018213094623310499,0.0158653630869629,0.009050532959114592,0.01458849824709809,0.012117874054796854
C009817,0.03274080568696069,0.0002508632549727816,0.02694059372066683,0.00012694199200249793,0.03229370542496176,2.117906068834015e-06,0.025770255261729887,0.0007222986387119767
C000723,0.027466829394512088,-0.007990960422398793,0.02367073358278644,-0.0073776824903084405,0.02984875440970629,-0.0010464263903958782,0.02443118034311146,-0.0026193012296331464
C000009,-0.005370820000086072,0.01019671285453321,-0.004564994883607938,0.008249033508713763,-0.0031895769959964736,-0.001443846326137299,-0.004206561979790531,-0.003907816823546076
C009867,-0.0032656310108438976,-0.0009700945727387158,-0.002843131813186134,-0.0014727763713638902,-0.0036078806249378865,-0.00021402294808570396,-0.0023298363016144895,-0.0008494257938492302
C003955,-0.019585660717940646,-0.01984446602851603,-0.02080336437709601,-0.019975292228786388,-0.02286573691659139,-0.007604886668964697,-0.024253788650185956,-0.01672706022528673
C004647,0.01814801017735112,0.0339380715654822,0.0188427008382358,0.03157593525421022,0.021930975854897464,0.013397751805675779,0.018357316254146525,0.02227558323834594
C004441,-0.013465286596104038,-0.010933819128663272,-0.012753641623118938,-0.009038656907205558,-0.009520846050942652,-0.0012957711721481623,-0.009498418451042373,-0.005326142079148678
C008599,0.010807186836608671,-0.013409409879182141,0.010334915915535182,-0.012379292249139367,0.012404495642795698,-0.0027598201444521673,0.010434877743789603,-0.007747202207764274
C007731,-0.0024071183756540506,0.009410076863492975,-0.0020776112428848776,0.006878761000984104,-0.0019511189028770318,0.00038426508813568653,-0.0014226278616830015,0.001609963543681442
C013722,0.03345301570054784,-0.001960563841064988,0.029158887593854037,-0.0017209815337902853,0.03334908148365192,-7.003251035083113e-05,0.027625667285734214,0.00017508351209780403
C004332,-0.004121618924281806,-0.005043917804977129,-0.003366139577113954,-0.0034725338236594825,-0.004387874304629044,-1.547287506534741e-05,-0.0030281368281904215,-8.25720490476842e-05
C008205,-0.0017964419789929568,-0.007168676642343942,-0.0018245453914726318,-0.006150852485408008,-0.0011698299478281077,-0.0007025111414666726,-0.0009519331996496527,-0.001477025664689873
C006575,-0.008039649497466468,-0.0004845120091715675,-0.007482920055024564,-0.0036011245603848343,-0.005797211278878495,-0.0002993546261059051,-0.006539618100767356,-0.0021251403801233076
C010912,-0.0079222266728432,-0.012419446980591008,-0.00838608736099133,-0.01174927894210872,0.00043404728908943047,-0.009696285902514633,-0.0016722885133567847,-0.013877019940241651
C002991,0.017408652221311386,0.023481944901613306,0.01884195141459564,0.02501137457716517,0.01957385831890769,0.014904822582217092,0.018856225854573555,0.02674554951667274
C007039,-0.008212985225793197,-0.013394355082112022,-0.007700795015588783,-0.012202812240836101,-0.006099033746433561,-0.0022729379460085792,-0.0070703791753199295,-0.005096174972615918
C011786,0.027411642486691753,0.04164976031604582,0.02280334829023927,0.0547397624674111,0.029575320185442722,0.025933790055979625,0.023561914844403765,0.05378520578547625
C008992,0.018301826578688937,-0.027979224811476088,0.019017180893092976,-0.021772855911801618,0.022160980474375827,7.074959819114069e-05,0.0186760091793763,-0.0022749664465561157
C006063,0.0009433378767531167,0.019827878034790608,0.0009817252221993008,0.0170694990946524,0.0008854680973017128,0.0010912641965684492,0.00011944554192228932,0.005060868215993891
C011235,-0.007010118637322674,-0.011750656372672419,-0.006253770774403375,-0.01020422280150928,-0.0035277517673743763,-0.0018983982608883137,-0.0039550418254534585,-0.004190665890550677
C009148,0.02321854856435141,0.028871093096248687,0.024893028442421222,0.03135597105122061,0.02762836713106426,0.018051290833653533,0.027268692446670535,0.033469470434723196
C003107,0.0027600893913299744,-0.009817123668310158,0.0028243117817686424,-0.007028972345869303,0.0030281791327060703,-0.000830650141429653,0.001671658116439309,-0.002851861480226322
C011289,-0.0055867900101736374,-0.0036311118328882096,-0.0031206616484947473,-0.0022355744769038525,-0.005235131835051499,0.00030842221074253766,-0.004627828386139731,0.0009671826909888833
C005573,-0.007265313431273489,-0.0018907215930591892,-0.005260268062536853,-0.0010777309310059404,-0.007385698349341271,0.002049284086035441,-0.0075027485373890535,0.003623389220537368
C010277,-0.0037655726395291957,-0.006498131347827781,-0.0030269215032101278,-0.006207701679601935,-0.003028684885259628,-0.0006453910682064114,-0.00273313273371289,-0.0018974545081114503
C012129,0.0028604402765799435,-0.006968077897950786,0.0018414761859341011,-0.006650115273678283,0.004847780033013314,0.0022135091332477356,0.0034337916434639734,0.002753325138912753
C001972,-0.009316262253485953,-0.0010670603547467247,-0.009963889561809314,-0.00014223184737312494,-0.012718753443383324,0.000489464236561157,-0.013646289361127035,0.0009959921205279032
C006218,-0.010271600955448348,0.0021092173984272257,-0.01649254830382274,-6.786655942791163e-05,-0.010208624144891034,-0.0001172636934990039,-0.017239821260058737,-0.0026281387653596467
C007226,0.03731573978821332,0.042349449376655704,0.033546957635818005,0.0521100227148282,0.03530487626758044,0.0051990205199852,0.029909981582238693,0.020356971649706103
C006819,-0.014470905585161533,0.009800268319799242,-0.014750787436106036,0.009065161156839516,-0.01173192740804776,0.012388105656599544,-0.011827504410622138,0.018212946907875737
C010739,0.000502887316916914,-0.00722372497388276,0.0002208665917782904,-0.0051918868099712105,-2.413484467493933e-05,0.0007734177385728512,0.0004975325242730365,0.0018955597328316782
C008909,-0.0031250778456596872,-0.005158167189118358,-0.0028193183257523443,-0.004719129526047364,-0.0026723817348237766,0.0001644516075990674,-0.0024504169243127877,0.00016393920522871487
C000889,0.016982970564179446,0.029489482029057254,0.013686346962016758,0.033501454476303406,0.022773715128149206,0.015493535177896731,0.016981073020260574,0.032749306239299274
C006517,-0.005368450870422089,0.0035260158748975446,-0.005054443093752003,0.0012117568167809125,-0.002655423658255182,-0.0012482269920030139,-0.0036573581606337,-0.002878084645523424
C010539,-0.01856036546968272,-0.016154594278992403,-0.020030516725400703,-0.016371997270833383,-0.02076887452739422,-0.011963706222399985,-0.020284705886870834,-0.018263854364443513
C010058,0.01930179213545733,0.034589130051743,0.01971720816034507,0.03544052572324397,0.022948699733876827,0.010419170371238325,0.020386621059603423,0.02332038984293567
C001797,-0.014033591626538573,-0.01531905096605966,-0.02116201740744533,-0.01541228091806376,-0.013497626521487087,-0.01030487186691801,-0.023137127202101353,-0.018498989489831294
C007485,-0.010777762788579332,-0.012366622308734991,-0.011153487810745053,-0.010279942387358455,-0.014996114747390743,-0.013946454859354257,-0.01606863937086806,-0.02185483798624342
C001160,0.003627345567897357,-0.014437065065918178,0.0026048939311086507,-0.014591238281410915,0.010695170349574084,-0.002025118054774683,0.011742579545094152,-0.007937986608928761
C003693,-0.001694349490887016,0.016583977030966777,-0.001211405182093306,0.01434843468688944,-0.011127042151232884,0.00177386421790902,-0.011567007473899753,0.006212932447756677
C010893,-0.016050343508500174,0.015982487960641337,-0.015233429183881413,0.014006421666880904,-0.013940524096508982,-0.0036489179881550576,-0.013259511907340227,-0.003326303995017022
C008119,0.0054876175613351895,0.006849188305013696,0.004938858143904771,0.0010437422187495962,0.009759439180329564,0.004063022245721382,0.0069609092253569895,0.0020645610279050935
C002524,-0.011935960316288576,-0.00545271493514723,-0.012118026373377354,-0.0030157606040053654,-0.020766702811765327,-0.008808872441020287,-0.020247906514571822,-0.0127004453163001
C002496,-0.003901742010595387,-0.0013071470162122423,-0.0032733478172599574,-0.0032271973940568095,-0.0023012973425828296,-0.00023584186362636945,-0.002922659856902037,-0.0009504438760182063
C012980,0.019477825739811713,0.004727760453118699,0.020329991954610632,0.005698518315262797,0.02391195453009194,0.00029395120516104845,0.021259433378172855,0.00028647026582803286
C004395,0.03824280769963231,0.04545588603844709,0.04103842565456308,0.06315008645545724,0.03653628057361347,0.025974806197389698,0.03360416353297363,0.0507966418663615
C002843,0.01928991482555369,0.007762429679045293,0.020013902723372952,0.008477615080639055,0.02423969411957324,0.001387902892144104,0.022939534620930024,0.0028625008754713365
C013845,0.0030282479180043904,-0.011911393116656866,0.0036267093587230605,-0.00959577490044148,-0.005751483774403587,-0.007486361293983317,-0.005504234489524241,-0.009616147649154461
C013376,0.04018443592228471,0.03319295261478611,0.03761552952233331,0.03499414248313878,0.03670812548232631,0.0015921331770466316,0.03200517265628613,0.006738625037730268
C004448,-0.004581561506571105,-0.0041985577420980795,-0.00377444777762829,-0.003589513821241169,-0.0034204879382057412,-0.0001872242564698363,-0.0018227429376289222,-0.0011290858773950565
C009657,-0.007253749420026114,-0.008822452699116816,-0.006610823275248902,-0.007060729948103311,-0.005191936075437395,-0.0019310054145147515,-0.005533588211103134,-0.0035579715357003973
C011342,-0.004805659792116824,-0.019417573515679788,-0.005521028382328513,-0.019528806216398065,0.0043885818229700314,-0.004375759727796357,0.0017109808771872215,-0.012572652154639628
C013771,0.031584219011204985,-0.0032825208553241714,0.032801541126706295,-0.003127435678736681,0.03483466650205278,0.0013334784392881438,0.033117320164023065,-0.00032867652685348285
C005849,-0.00507613708080007,0.0014685215101758714,-0.004010833809667314,-0.00042665211102424993,-0.0040971980286359545,-0.00020040617578785062,-0.002813801439806365,-0.0005535481591671855
C008172,-0.0011061097999013952,0.003238338594225687,-0.0009612715059097894,0.0025371879901744266,-0.002696663954008886,-0.00014944998804058643,-0.0019421909534571159,0.000454997771701516
C007477,-0.019395800933372124,-0.01642360609169083,-0.020934767217303932,-0.016969330840099443,-0.023633416429109717,-0.013726025291340588,-0.025763184432135374,-0.02139609781448439
C013340,-0.014034332838092262,-0.019211898426430573,-0.021137046481763032,-0.01930564278857043,-0.013505941348616284,-0.01144764805178912,-0.02312896539637834,-0.01959367646446461
C012779,0.00376903616297656,0.01052517065723225,0.0037271127819798033,0.010384783000299663,-0.0030340960678558754,0.0013901811085178157,-0.00454763220646148,0.00602399181744859
C004285,-0.003434541693859382,-0.003402188269706817,-0.0030677159187485693,-0.003043266696310184,-0.002070030570454753,-0.000932439221337185,-0.003028925768233803,-0.0023224175893409955
C003898,-0.003264070765813226,0.0022187642382211557,-0.002755932347008213,0.0007878640506725276,-0.0005211987939774492,1.0384408075654076e-05,-6.164065651935127e-05,-0.00033028211549322923
C003363,0.026511807776315854,0.012062021985489679,0.020921926991685894,0.009891147752127384,0.02854737484671918,0.0005373143979440304,0.021800552365545157,0.0017775625470468816
C012831,-0.013570919665547332,-0.0023139023727049707,-0.013098118086892686,-0.005385075158000196,-0.011279793512312604,-0.0024767325915890565,-0.01174516287137392,-0.005994712481517664
C006814,0.0006941053928363394,-0.01102747923537701,-0.0008971590527333681,-0.010563653529624406,0.005119751331433077,-0.00141807273489549,0.001300000299389821,-0.005167106193859171
C000259,0.03623741074917222,0.02278924544120333,0.03557377798997194,0.023233282061812875,0.035224891132714486,0.00043368568043040674,0.031181343650743595,0.004560961098237973
C011833,-0.0048244922531073195,-0.004430282882007949,-0.0037141304182480932,-0.003782861320508712,-0.0036914588764430656,-7.028615740446413e-05,-0.0030390264073550236,-0.00036545322026366116
C009858,-0.012738367494419147,0.0086243571549229,-0.011934219885330529,0.0036353254833457276,-0.012468436092399542,-0.0046959001725279175,-0.013235669332352902,-0.007562945343507945
C008775,-0.0040485723704680055,-0.006341792721146671,-0.003211331690053686,-0.005536459993693297,-0.003627436603271672,-0.0003074062913668938,-0.00285315204504974,-0.001080462512479774
C005121,-0.006827018858116916,0.006144353400504051,-0.00657445780996934,0.0009817501529907088,-0.006068242335407008,-0.0008930793309452354,-0.006550881877079424,-0.0036379183792842394
C008183,-0.01249743705926486,-0.0055264786009426295,-0.013631850223136798,-0.007322815457553601,-0.0156535626464592,8.402083641357494e-05,-0.016648388818426355,-0.002625478204898849
C003011,-0.008282319076178409,0.0006946215328423344,-0.01146222462797,-0.00012841995219457135,-0.005568956337958121,-0.0008311002077546023,-0.01101558895729588,-0.005304309428937091
C011900,0.02690393555012484,0.03784065136451396,0.023875781517712705,0.04722627597714469,0.02976663352139281,0.022286754084762404,0.024768820544193666,0.04577265026363051
C003437,-0.016602067271510777,-0.014976434660529347,-0.017041868263606104,-0.015065578681417103,-0.016635999063505203,-0.013701341430114833,-0.01657161150773663,-0.0207707047528101
C000042,-0.00520766681453543,0.008949317893688816,-0.0040056200873034,0.005076799067819295,-0.003584218143820585,-0.0007554732105320176,-0.002991613615802024,-0.0012675761676972134
C006366,-0.003345684517919948,-0.008403760460560312,-0.0031398243895755774,-0.007190151320398544,-0.0006637581828723666,-0.001108298703036191,-0.0017417040590664858,-0.0028063528600041987
C003808,0.004835014725146968,-0.015673927313687223,0.0047545523708343645,-0.010633250660355899,0.0053139600559358405,-0.0009412296987600303,0.0032564580372736406,-0.0028185625740899545
C004098,0.009987813562585558,-0.0028244882707543994,0.006438275896410331,-0.0018001690384871441,0.01573216827079335,0.0008614161862824055,0.00954216880469054,0.0033070231259901607
C011974,-0.0038682686649821885,0.003072508225449222,-0.0032537187200146075,5.0266782991500293e-05,-0.0023334645144467993,-3.6840215700101774e-06,-0.002965735828145929,-0.0003926177925766154
C005222,-0.005394132908672734,0.014327219962392257,-0.00497361722677625,0.011995562872485311,-0.004798636912470498,-0.001810908389466046,-0.005169644673845917,-0.005197043303233462
C006113,-0.0023698138350480317,-0.017583322910869444,-0.00367221714377779,-0.017267128782830207,-0.001649151030510107,-0.0069836538252116154,-0.004277392070444378,-0.014050914631736688
C003385,-0.001399344001209152,-0.013159034536898833,-0.0018977731516790686,-0.012581427429423248,0.0017169941490400285,-0.001468834046419491,-0.00012613278804471224,-0.003881357449479506
C010435,-0.007623461581862949,-0.01710429712965072,-0.00578195549111451,-0.01644162134746345,-0.0089711466747084,-0.009823546591799851,-0.00773065900742546,-0.015813715822752605
C009018,0.01345835893508085,0.005748444771874291,0.012458716457146751,0.006160370492778387,0.021886002091893647,0.001710525215422462,0.018975270112913944,0.006046149180933285
C000002,-0.012852810789974321,0.027939842809861493,-0.013631664713968572,0.03028826982797203,-0.013606103008327342,0.018027979125991436,-0.012699800909714808,0.030750130848775238
C001212,-0.009027703392231213,-0.016349189289534435,-0.009932905925984711,-0.01549691506607747,-0.010628797385747225,-0.0030812591632655645,-0.01177550923192756,-0.008155910602947906
C013597,-0.01669828733398593,-0.016139192700482783,-0.01524004432806066,-0.015764106672293537,-0.018021259029140608,-0.011393793351149118,-0.017193147325528596,-0.019438416237032775
C008123,0.0058164631842954504,-0.0018792901282145558,0.00611950774140416,-0.0012045725572226078,0.007408053339696214,-0.0008922431742259643,0.006376567788050923,-0.0027497634470525674
C003743,-0.014366698759867624,-0.014116577525007955,-0.01343331373553406,-0.013525884432104635,-0.012212118757454088,-0.00421472240947892,-0.01215682374464586,-0.00944726536306247
C007740,0.01183141442462712,0.005313330569271293,0.01228451120794562,0.006503097063844682,0.018153351541716392,0.013913517128420682,0.01693014414139126,0.01916502089543665
C010355,-0.004706256337677818,-0.005189644231010177,-0.0042583633202966905,-0.005986413422799233,-0.004348969255569744,-0.0004512366705840352,-0.004723572304173573,-0.0017784637483878752
C009041,0.002737029623929911,0.025336756744241597,0.0019044337061110026,0.022346150404558483,-0.0030223444646125704,0.013725669568382932,-0.004595126410341561,0.02371316764734075
C004720,-0.005642516158609608,0.005102568169831598,-0.004537712802312575,0.0018802032294382468,-0.0030610229993296473,5.060226394527214e-05,-0.0012146066280136908,8.504102194125979e-05
C004279,0.0029961784532621803,-0.01784711113182068,0.0015899888961951553,-0.017636224758293736,0.011614566986051733,-0.0034244736749008227,0.008573142177054826,-0.010674150339448399
C011062,0.0038201665190420063,0.0023058586600262472,0.003040575095070049,0.0026378179795135083,0.0008101752482552563,-0.0008267879128101621,-0.00028978353795598385,0.00042487703295852804
C006244,-0.0033258210355738864,-0.006766913129148667,-0.002814248831479658,-0.005662695090572154,-0.0030564957530222208,-0.0002491818044436099,-0.002348478858087235,-0.0009393741413994991
C003946,-0.014387273555724844,0.001765652654387594,-0.023074795676699365,-0.0017265763996316122,-0.014697557621737956,-0.0035422193405207653,-0.024858568027392794,-0.00834463062269527
C006606,-0.006212621902855621,-0.0008162838459201688,-0.007326973275363234,-0.0016603058852796577,-0.009820005361078252,-0.0011808791936260745,-0.010761584591677018,-0.0012550598266089725
C007338,-0.01701580350511271,-0.007620882520052417,-0.01808508134746489,-0.007031422585758594,-0.019978442908409284,-0.005565784219927591,-0.019971079146493015,-0.008892538682790097
C004757,0.0016885840985893141,0.0020499431831658833,0.0016772455597301578,0.0017794135527154787,-0.0002219732064859265,-0.0006333885916346474,-0.0005247503751534959,-0.0010855112867340269
C009968,-0.010321511430939005,-0.016062162563973192,-0.010625978859421775,-0.01579651187007759,-0.003455330929541214,-0.010441619828596694,-0.004789656794649337,-0.016845186354980224
C005895,0.0010010826649584485,0.004566745623920857,0.0006963294887457057,0.004392927362675405,0.0048582235696187385,0.012915647882279257,0.004149861817355297,0.01643827757562203
C013297,-0.00021802406620361815,-0.006685129263466609,-0.00036824608602392103,-0.00543915740074725,-0.0009459317340012634,9.170691939225049e-05,-0.00024539326944786425,-0.00015223893582344368
C000648,-0.01188441185766977,-0.01941602565238828,-0.00991918902296583,-0.01907484784602715,-0.013736729213814889,-0.012841693617749006,-0.012352077865775211,-0.018800832638388706
C009074,0.01691842632086662,0.02420745071882212,0.01712201429914501,0.024939750135855435,0.02079544059475144,0.014312094786936996,0.017955324692032183,0.023824159026210472
C013748,-0.004300403168833041,0.004180481913728893,-0.003426984968083833,0.001220476712254791,-0.002598483183110761,-0.0009418309528698734,-0.0028691844186119826,-0.0025496415309002036
C013447,0.009460321240587379,0.013687064086332199,0.009739022827432758,0.012675817957353834,0.014922753914401756,0.009088930299030877,0.015793558346482627,0.017027699557150205
C006691,0.02291382653808478,0.035590623294890066,0.024791642046508758,0.03712201688858762,0.027721231622235734,0.016175659580696843,0.028948642051370904,0.026903212561818633
C013796,0.03746813977190035,-0.00034511472435900625,0.03496760953582658,0.0011611019088901533,0.03572856099386346,0.0004541990769534546,0.030904359242125708,0.0023128748084228676
C003778,0.0317836509448999,0.0024178041999484766,0.03296332275686159,0.0024213097831452188,0.03491571836167336,0.0012355853872791302,0.033067057351108334,0.0008632779072514339
C000423,0.031088026453557925,0.011252604728998339,0.03237612023638187,0.011805268189695527,0.034611906247033024,0.0016884431655253363,0.033190396759149705,0.004749642526218074
C006461,0.0016464633705518391,-0.003967886604439885,0.0008059820592902358,-0.0032464531993158362,0.0067291838084490956,-0.0012464239138193461,0.002541873554847587,-0.0036790930108011235
C001185,-0.018655935297113065,-0.01299006520919344,-0.02027164782950492,-0.013620821597241288,-0.02076595242393068,-0.009143617522023846,-0.020390467049288374,-0.01557670669397048
C007100,0.025741045214142843,-0.01163181864939697,0.02587011677137392,-0.011053082254821107,0.030855318940870662,0.0005455868067881988,0.02880584850303345,-0.003367347098924663
C008813,-0.002500391615504156,-0.017482065546765863,-0.0037924506478237622,-0.017151198935600073,-0.001996146264087365,-0.006374403481238194,-0.004525860012215905,-0.013348277199646598
C011112,0.019965364962412125,-0.026479686355274198,0.020792570451625206,-0.019738819518289062,0.024989285133827283,-0.00042508419548532655,0.02332789286982056,-0.0021714448337850005
C013120,-0.011672946015159424,-0.010389051040025157,-0.01252885540173078,-0.009924171243344621,-0.010170108675372396,-0.0014454361463793045,-0.009745230570666561,-0.005101117328907349
C001186,0.00024790234964863886,-0.0046418121531408485,-0.0005735936926667053,-0.0037043759963266494,0.003247130286068772,0.0014802897737948774,0.0010987292153772626,0.0005757659757287661
C005169,-0.0064751740718701975,0.01820583595215124,-0.007054427102229688,0.0205755587700788,0.002445438312851453,0.01744180563687724,-2.75822544832105e-06,0.031731235961217095
C003804,0.01540097695913442,-0.013252583616531755,0.01558741447453877,-0.010914121084332078,0.01989602646238868,-0.0015900678201038068,0.018148358861911674,-0.006004464140208202
C005503,-0.015563120120169763,-0.019730994930606687,-0.013866776912181326,-0.019469224583080157,-0.017106869779805606,-0.01330017518502571,-0.016064885271937095,-0.019791934544479892
C005862,0.003976095812742899,-0.00775463791230947,0.003254943837580254,-0.007157728285036464,0.004809003529374069,0.00035838468842708623,0.0034462820703167795,-0.000160982657437718
C009538,-0.018655935297113065,-0.01621905307111264,-0.02027164782950492,-0.016500703286122298,-0.02076595242393068,-0.009681119168416902,-0.020390467049288374,-0.01623657927100166
C009448,7.915001794109498e-05,0.015417615137076759,-8.603320202658041e-05,0.013275418126959761,-0.007534130018892058,0.0020222354816676917,-0.007822709752847106,0.005981383474889324
C006032,-0.014055936545145144,-0.010105624481093983,-0.015013554669001618,-0.010430137278600203,-0.015731744276186267,-0.004618305475554414,-0.014470426954392651,-0.008322146215050048
C003885,0.01158229353469221,0.029245912189518875,0.012557703509152435,0.03077418163316881,0.00903437122738607,0.018189918085739908,0.00827053058797982,0.03117574859049189
C004432,0.012816809312186685,0.029812758985204066,0.013165173770765108,0.02858834128017898,0.016787548925555774,0.01892374588588431,0.015330357428970494,0.03080939519390461
C000871,-0.019718448231247025,-0.000675687924356927,-0.02099159865159754,-0.002208578777957605,-0.023124234554586134,0.0004095461702570344,-0.02466915222513073,-0.0007430834992823121
C002039,-0.005045484040400141,-0.005196177164471115,-0.00388632207649031,-0.00499134888649841,-0.003640054179107452,-0.0002586239486122072,-0.0030266494457140904,-0.001035625935141095
C006365,0.009677810866939163,0.015692172141012168,0.009667474976168228,0.010723523889469275,0.014498590375516788,0.0017438363902317463,0.012527137018164712,-0.0005363739233597894
C004911,-0.00391424406994678,0.00344989477495773,-0.0034788708976228105,-0.00039144346096651295,-0.004190005162076507,-0.00010368037553526845,-0.004753768874148662,-0.0011093079646136697
C006672,-0.002753633724478641,-0.004111728865786578,-0.0024855500244609172,-0.003853157823553771,-0.0024426661229169926,-0.0005385366907265204,-0.0018487915312144568,-0.0010574026423259256
C011536,0.006827526614716449,-0.035074289180125506,0.006679881091314828,-0.03197047416308678,0.006709997645161661,0.0063296649146824605,0.002089018399262591,0.004260239647993976
C004981,-0.003358858425758367,-0.009553661781629664,-0.0031109525561758894,-0.008760172177191602,-0.000862530941213301,-0.00021537990276619088,-0.001991231230387961,-0.0014650782895286633
C010651,0.033024478720017764,0.027288648430546077,0.027700364749488962,0.025867803437240974,0.032629304683061224,0.001712999066608492,0.02639229981067297,0.006362585800391389
C007956,0.017249253742888156,-0.0130726963491301,0.013727533504856247,-0.01196812109496927,0.022786280920901448,-0.0027163702748195834,0.016830107150396737,-0.005751060863776023
C012297,-0.005696086205509408,-0.004137671433615826,-0.005950194011206972,-0.005054059210707496,-0.008460788067527793,0.0030965424509654203,-0.007977608903070142,0.00209138006467762
C002327,0.020666398001849884,-0.012712055675186905,0.0193383047233087,-0.011556581352198976,0.026862447608680014,-0.0021121229765702376,0.022591539908807655,-0.0066400798703041275
C000169,0.02605958229569977,0.02526216440707096,0.027207062880075048,0.02748310799627742,0.0314631843327319,0.01837131159661971,0.028785077031071422,0.0274843189933467
C013067,0.006666665380394231,0.011993240613482378,0.007399268271616831,0.012367421196418142,0.004295531834191406,0.004111023625962794,0.003464465085070607,0.006224708777469282
C008812,-0.006467307468226276,0.0010886295569088721,-0.00721148981715871,0.0009641293374149701,-0.004112751388208922,0.005788205791096179,-0.004384357831118004,0.006673951390745229
C009640,-0.010703412587702995,-0.012791137648564908,-0.01099261364184096,-0.012242336314143431,-0.004143446110137005,-0.010186836115041085,-0.005334106368983382,-0.014834329118738354
C009431,-0.005067228089739006,0.00012423320324438095,-0.004541527080787323,-0.002275533905656726,-0.005645081217444863,-0.0008314730743642669,-0.005992382277700997,-0.001681508083081612
C007879,-0.017895078674624632,-0.0004519259370597457,-0.019108926515439238,-0.0015894254113639698,-0.020420872586774982,-0.0056735801155572705,-0.020209812247668473,-0.005694196161493358
C006639,-0.011608306284507002,-0.013926868570211703,-0.011645216235931488,-0.01395370912664306,-0.02063163294496733,-0.00635599862247949,-0.020004543519586263,-0.011469655260078045
C003038,-0.0059824516734170155,-0.002399600365876822,-0.004780919785730472,-0.002895773521556548,-0.0029250568094299494,-0.00011274720456370386,-0.0009974530679013793,-0.000770684244431324
C012698,0.003443098528390415,0.017345946276826504,0.0028888264097070636,0.016926913768455377,0.00929917539216261,0.008326951087559252,0.009271505536654606,0.013032068933117298
C002262,-0.0008569769983991904,0.015713868973560068,-0.00082891651956252,0.013407911797371759,-0.009225491612866973,0.0016433977971514154,-0.009623598093116864,0.005644957350144381
C012610,0.0197825832472093,0.02483623938997462,0.01996363076965717,0.026566728622142943,0.026542392191757275,0.014640983908273578,0.024607653515701298,0.027056403970927213
C003901,0.017447015825823677,0.0027396439751895428,0.019471860049983053,0.004899584198712486,0.023131104339272793,0.0006289347695121227,0.02111225299977633,0.003117146790092477
C006359,-0.01698881526974968,0.0003164307387523235,-0.015532356233340561,-0.002115044174703643,-0.014272258011183054,-0.00036316307170488547,-0.014952699246160836,-0.00035555209913668695
C002588,-0.016021983196130546,-0.020225033265000976,-0.01639815745368443,-0.020665267071410146,-0.015233904085013142,-0.008713852035925162,-0.015203082207277802,-0.017935690037855855
C001396,0.01633533802142382,-0.013282269524495523,0.0167469761514367,-0.011212281484054771,0.021243164408053225,-0.0020526129422967516,0.018739759226826802,-0.007011232343096895
C001571,-0.01781781271279693,-0.020723332983206975,-0.01745719675126901,-0.020854125331612322,-0.016733530394323112,-0.00976881893188713,-0.01787690193878362,-0.018796289660194636
C001528,0.016888746488262874,-0.011356053454845345,0.013011222611276695,-0.010313482313876703,0.021904142850571896,-0.0017170391219830064,0.015623176243190224,-0.004030081380109229
C008352,0.005264564515794035,0.014938960295949027,0.005152583204043036,0.013495855677017263,0.005565605465192385,0.0009158763505979922,0.0034449394782279197,0.0036445829578943766
C007829,0.012746054601154092,0.03244356069312698,0.012307443010946049,0.03168738408601873,0.015308691034984669,0.013135163116520814,0.013915141411494318,0.024533323069419345
C003679,0.002171234533850813,0.030869838443491,0.001629078191252545,0.029974385929259207,-0.0007418523263593228,0.007673757007518636,-0.0007806539864388878,0.01941338842484203
C006342,-0.002654978875011851,0.002646780556611908,-0.0038605502621522013,0.002966888218600747,-0.0020984233555476454,0.0037172304181763666,-0.0036228514439695745,0.007081012520697578
C009495,-0.0016851529279194406,0.02074853356483493,-0.0014672403142009995,0.021994097824866325,0.0015386258095582408,0.0013344175313880408,-0.00040346586557429967,0.007017386625334385
C012283,0.026211168357854663,-0.011070168940621438,0.027292683538641147,-0.009625385750875862,0.03141768080603712,-0.004449764573232517,0.02992743461745444,-0.007425299686162095
C008746,-0.003785223047516041,-0.008251462895354899,-0.004424042538541407,-0.006862688760236473,-0.00350046687294714,0.0032340956123310333,-0.0056732607189967045,0.0007332539133332589
C000612,0.010521844470043508,0.01283137323235813,0.009959154865854265,0.012435159416443568,0.011731489455512183,0.0034244845360839843,0.009801624222782761,0.00976578241363251
C001756,0.017153147973168855,0.007785251544195856,0.013743461002265565,0.0077764327868003035,0.022818460280199737,0.0004760715890411289,0.016936878677359855,0.0019043439385920597
C007898,-0.005782130883588248,-0.0015160300698477964,-0.00470418775391565,-0.0038403997506054654,-0.0017224600894396856,-0.00023031566133903974,-0.0015853477872888261,-0.001069147394418672
C003359,0.01585633082718023,0.034624108805082536,0.011845790713363096,0.04078065960340987,0.02069794403911618,0.014634687568768845,0.014279531542413014,0.035111964460919666
C008531,-0.016874767350195278,-0.013828305875970656,-0.016428274858262537,-0.01392332583485418,-0.015952257323366414,-0.010094372473700207,-0.016902868709047867,-0.01781129760156547
C000923,0.011953265957323194,-0.021027321674348336,0.011526469394455632,-0.018484347592415726,0.01231333279751708,-0.006071781129633619,0.008704905229437392,-0.01235309220945914
C010029,0.005389169639551577,-0.024020114560550893,0.005120751450503364,-0.02213081167817402,-0.0002596557428897504,-0.009926584899846606,-0.0022104649294565006,-0.017434156406598823
C012083,-0.003463110767289799,-0.01124085079457911,-0.003262208811794261,-0.009686862318096115,-0.00019203000250591376,-0.001373490720973728,-0.0011233458705489894,-0.0032923420220556145
C002411,-0.007116402363903005,-0.0007744802854498566,-0.005596034556973928,-0.003863794947505278,-0.0023245483722739006,-0.0003088193986453377,-0.0011612495839812287,-0.0013345061296653193
C006615,0.0004378405852734108,0.01171866787028382,0.000202605173593401,0.006676101101679738,0.003649364122530853,0.0039582822734677385,0.002917574243958752,0.006254286904870066
C007948,-0.005608371704997066,-0.001851079032362912,-0.00424059629488039,-0.004358101384266299,-0.0026938402724187727,-0.0004953122105722864,-0.0022772993697025424,-0.0018647297460383083
C000051,-0.009803111626730138,-0.0024934738200105195,-0.010753486141551461,-0.0038848659375246893,-0.011747311857628728,-0.0017750991116289015,-0.012814125702869899,-0.003216430591423991
C003442,0.006178821682587345,-0.0045196790002967795,0.006031086597109452,-0.002661164893596526,0.002411968541462401,-0.001733088085534471,0.00244617328390931,-5.238569224323607e-05
C006704,0.029005798165530224,0.012337375335541727,0.020525753074598613,0.009740089203888776,0.029438080855803368,0.0003778991494662056,0.021063470512477825,0.0020578603161321356
C003005,0.0020300733599159498,-0.00553762121590436,0.0012504743992661415,-0.0049359652305488635,0.008330686190048803,0.005153427783484624,0.007858162561259574,0.00499224848188248
C006863,-0.01811306354956377,-0.013253993081416664,-0.01960032188878655,-0.014104216209123952,-0.022579615169035613,-0.00963401608445391,-0.024543373960320785,-0.016646245826228877
C013289,0.005864130970940026,-0.019798256027019078,0.005749659498630561,-0.01820160086053249,0.0016514662426556075,-0.009833785070346044,0.0016841553413098668,-0.014563528034467133
C007901,0.014458832463567026,-0.025925885841161077,0.014461293959263054,-0.016479092799721432,0.01816190430246818,0.00037942110579275976,0.01674127039771218,-0.00011939906641850575
C001519,-0.010674853693490506,-0.011969706306121325,-0.010654035697651077,-0.010700688510369396,-0.009468569372089458,-0.0021869397486085325,-0.010954580736137993,-0.004651506584682186
C012314,0.013503454333810947,0.01775035123913856,0.013290317137378995,0.01791835297345677,0.01587218173852228,0.006393392491482128,0.012057335965230292,0.014640092234913799
C009127,-0.019475200929864517,-0.006918627502250324,-0.01849269493005942,-0.008587129268965535,-0.020664297622960612,0.00013715226327695203,-0.018095744583695988,0.0008719459013893565
C007385,-0.014646972172011972,0.0042126708097032116,-0.013968757212453258,0.00042021200388873677,-0.01126093056824769,-0.002857870137891351,-0.01086898591018486,-0.0072053979627076424
C011388,0.009140026731778148,-0.019742037713547298,0.00889808700519121,-0.01942409869096234,0.010181587151447095,-0.011620266469808767,0.005001418707277648,-0.024143453694958964
C004422,-0.019332025660473564,-0.010222258965008373,-0.02045199571723717,-0.010678152454960224,-0.022377003137932106,-0.011140063388901495,-0.02350933612947226,-0.016803038498411468
C001787,-0.007491812512657752,0.012643681982416484,-0.006110568302884337,0.008123374403960666,-0.007680302815111236,-0.002338812122796867,-0.008517047654860528,-0.0021232915580717197
C010084,0.0030874773210650503,0.0007495981518804685,0.0031255132703748643,0.0007455813143385487,0.0032090685297527497,-0.0003502487903349172,0.0017996314803436885,-0.001400613791072561
C003517,0.02858029754581399,0.002261394683415283,0.029936841779899664,0.002602063232042411,0.03315036953828697,0.0024348502855767572,0.03230354333653339,0.0022718338557723167
C013440,-0.005719092554289262,-0.004639777530772793,-0.006287101163845731,-0.006282758472025469,-0.003194195756417304,-0.003453550443590799,-0.003833037206474768,-0.005623019960922444
C008393,-0.004807893706565734,-0.0023570587143583806,-0.0054741318647548685,-0.0026991556102395407,-0.0024468873566095267,-0.0009785759564964857,-0.0021580214643112583,-0.0013773292516778331
C013969,0.000618789145430032,0.0004377166887131465,0.00031649481139383597,0.0005212645727163432,0.00011815067374008965,0.0001910881948812474,0.0006166951552067103,0.0012602839411656932
C005538,0.012667012590835913,0.019689645837127793,0.012906435784518949,0.01860116717051566,0.016364277456583805,0.009546937506477561,0.014681730033498302,0.019739283509972085
C003609,-0.0004838238629938584,-0.016493914959623483,-0.0008032224745976996,-0.015703508359799213,-0.005227519907370517,-0.012507313235831582,-0.0067285381641588975,-0.023646117718623908
C004520,0.01112453177266571,0.008548853949565182,0.011203782924695666,0.009658686141540335,0.015944396445911044,0.014249951306243982,0.014686002944078786,0.020331758301119347
C013806,-0.019759207791374776,-0.017523033996885932,-0.02128988296618592,-0.017202528436713275,-0.023824290993506924,-0.011662877436481575,-0.025907366142523112,-0.020130337512782513
C004012,-0.008801527710782712,-0.00400238942708051,-0.009624899145270607,-0.003554857164483981,-0.011585331036219863,-0.002917980503386466,-0.012414014653335024,-0.004024626048617842
C000942,-0.004614654481132267,-0.003968512595512638,-0.003501184823165552,-0.003963093760924168,-0.0031770895658900155,-0.00011501611585045084,-0.0028338844838475697,-0.0004877491187208225
C010331,-0.02764423203550177,-0.0017061014864983564,-0.03522937411920755,-0.011858553200604567,-0.02537862030074328,-0.0035309955626559486,-0.030042239898418956,-0.013024331051638522
C006306,0.030218097894745402,0.03740269317701608,0.029447471889181856,0.04623022833501885,0.03254700026857953,0.020724736205778766,0.028302053524056237,0.04188215240814915
C009727,-0.013100222857781684,-0.015373921012727675,-0.013984756596040917,-0.01564872142087423,-0.01773915907602797,-0.004656637248185129,-0.018333560836546695,-0.0113887639059545
C006933,-0.01072190745319056,-0.01034547292572713,-0.011319276487761426,-0.010713623641328664,-0.010362559523177607,-0.003634950146257243,-0.009735691576528357,-0.007489399830928951
C011058,0.00934695905476607,0.01294493013608691,0.009561061264208963,0.014194233753342675,0.015798919384443263,0.016523617460169393,0.015214059492049991,0.024745050580092385
C002676,-0.015572949785396951,-0.015443134543789034,-0.01399087492152004,-0.01481150068757385,-0.01685415663801104,-0.008964722319825867,-0.0150202458840232,-0.014293024923442319
C007300,0.02962583398875347,0.008524690534478558,0.02140841684363167,0.006503248504567294,0.02985233509668088,0.0002471165864552132,0.02163029824771452,0.0016908379881223584
C000243,-0.006715787762842992,0.0001219807151586753,-0.006942080921299467,-0.0007914992399048814,-0.009662038365106075,-0.0027559994910825187,-0.009012047186193257,-0.0033208508967198084
C004218,-0.003796349242935045,-0.004218290709802301,-0.0030706466308719777,-0.003554222802151315,-0.0034858385044202107,0.00022495607530768728,-0.0027116105228315052,0.0005916002780973284
C007574,-0.017447804206036196,-0.019990142087505235,-0.018045069542215842,-0.020227628473992395,-0.018625281333190524,-0.006386866800653462,-0.018650323640037592,-0.015354840860092343
C000795,0.021045727021762804,-0.001022898273599239,0.022484798823797548,0.0012131620590850106,0.02485138313779883,-0.0018940165846940012,0.023011473058511277,-0.004661828743117018
C010230,0.0020739532455884835,-0.030955888448189306,0.0016270985449369014,-0.028548960746712017,-0.0033380198943557156,-0.010007770294162917,-0.003617206855638625,-0.02175153402261771
C011851,0.0037658814422988486,0.014987342747172417,0.0030715979212662314,0.013607026254992787,0.00446347601667045,0.004642305946836941,0.003206658278082594,0.011859495523067998
C005477,-0.004163879335129059,-0.008103479050850633,-0.004810402818969468,-0.00906423817119285,-0.0040362577881810175,0.002142108377447083,-0.0061425690538061475,0.0009384418622527545
C003232,-0.0021982787446169546,-0.009937693085856967,-0.0019426440925007548,-0.008814244895781411,0.0010903645911774613,-0.00014032679692410797,-0.0005859288115601702,0.00019055210265609717
C006505,0.009596481476110775,0.0048277153826721715,0.00877539101448654,0.004755760769120424,0.009469919581514122,0.001338205139995418,0.007720409966034779,0.003812366783252928
C010394,0.007217131819153149,0.0007438974793498196,0.006915130866932176,0.0009303739493282924,0.01240547931640513,0.008122895738730916,0.009858523279666936,0.010711082499676273
C009896,-0.007322810968644491,-0.017348597375574676,-0.007888593060747804,-0.011984179073992275,-0.005760838195193848,-0.006121149026779052,-0.005305805834199246,-0.012752374014878741
C011546,-0.0056672716717510955,-0.004718857932230871,-0.004451933445043685,0.004328533622197643,-0.0037618513040853186,0.0001758527675834627,-0.0024058048923167002,0.0016367599047478068
C000520,-0.0007976555067315352,-0.006149255099672754,-0.0007191540981666902,-0.004955588697278887,-0.002500109321342326,-0.0007638695999275796,-0.001813617590227295,-0.0021537003948882355
C003095,0.011899698167458285,0.027182070567374813,0.011623280693918436,0.02707740986418039,0.008081308934177266,0.004184558798615355,0.006333442657550095,0.013930566712996549
C005303,-0.0058608303597273825,0.014755976285291824,-0.003442511792641414,0.012614145774839663,-0.00562189020908558,0.004712116121336419,-0.00510829046895223,0.010144664224190794
C009527,0.0197825832472093,-0.012526792664178714,0.01996363076965717,-0.011282007568029061,0.026542392191757275,-0.0054480411895650995,0.024607653515701298,-0.009557578195879025
C012322,0.00863613688683836,-0.024725685325684456,0.008354168481137595,-0.02369106734494604,0.009732515578421764,-0.012989835636093499,0.00897434382820338,-0.019556877931176754
C006780,0.00019068929068858108,-0.009962136819224249,0.00014216372780490405,-0.007094931451933077,-0.0008133833362388179,-0.00073255942905323,-0.0010552401562957919,-0.002405642784817067
C006628,0.02737548514309895,0.027783592651203587,0.02268213951325901,0.02825656747825971,0.029520995009834735,0.0028895632001439326,0.02344195877070695,0.01075564010976087
C011524,0.00517530268809359,0.013055958176532313,0.0046854320951368895,0.01367331197843716,0.0057016058498854235,0.013416937851552126,0.00436895446195814,0.020235624331424684
C004287,0.001274925074397722,0.014345509155782966,0.000929766654027653,0.014393623559207995,-0.005146064711611616,0.008304640746234075,-0.005381000543016212,0.014131911998342375
C008641,0.041695793574416606,0.035830178400258594,0.04373164301229097,0.04243147231264453,0.03667817129251006,0.0011244324948555785,0.034030347525593536,0.00877208485309687
C012422,0.03369396660184798,-0.0072813805743746456,0.0342334643326966,-0.006553135930446784,0.03524118519860285,-0.0001511501155180603,0.03177279915105162,-0.002013972757051308
C010463,0.010521844470043508,-0.008706676345495325,0.009959154865854265,-0.008501221759603743,0.011731489455512183,-0.0021125014449321147,0.009801624222782761,-0.0053683625421246505
C006803,0.0037658814422988486,-0.00825967061868776,0.0030715979212662314,-0.006972365024252633,0.00446347601667045,0.0016899148050242055,0.003206658278082594,0.00266175730030717
C006902,-0.014965302253700755,-0.013372515884542812,-0.015865493898584465,-0.013162039804077456,-0.01518649087816198,-0.0023079084014601945,-0.014724114387246029,-0.00729484379609907
C006381,0.00445359256996056,-0.013058491934836795,0.004393001840484567,-0.009211972346361407,0.003913075017340628,-0.0010360725794275355,0.0023954235360645207,-0.0032606141805652726
C013974,-0.012470224189589946,0.015893236190944446,-0.011227598044819521,0.017636603633502623,-0.012031043496473725,-0.0030481817183120735,-0.008444741847355915,-0.002554916628230038
C008829,-0.006025486774674314,-0.006675382065281914,-0.004811481458552372,-0.0007099479130474579,-0.00290835750566207,-9.64171469638769e-05,-0.0009700353239866643,-2.0909003252450737e-05
C005131,0.01640732086647536,0.02992957395796961,0.01741982863787653,0.02526191520264698,0.01824216337683744,-0.0006848062096827965,0.015508797848864869,0.005213984370427121
C010018,0.030237380574476173,0.012072155797044364,0.03319476307989375,0.013620349130237085,0.03470236082234721,0.007819718656433246,0.03467844714898674,0.010788755316822688
C006586,-0.011598950468271528,-0.00270297938165473,-0.011454919679595275,-0.0053306550801688005,-0.011061627885443173,-0.0005830077640988608,-0.010942921124366284,-0.003162361337174591
C011437,-0.0070297619085907485,0.010230378798473447,-0.00638954356162126,0.006210000362768934,-0.00513683277152072,-0.0016430758074742404,-0.005591357207207123,-0.0051700153039547225
C012211,-0.016119576208265082,-0.015518164870312387,-0.017171915507284294,-0.015534177622739261,-0.01700785175624925,-0.013128912838506972,-0.01659071728724361,-0.019609249878275486
C007636,0.032611111478961494,0.022664811238836232,0.023201653659062352,0.01980986491592481,0.031785648984876846,0.0008013175323887243,0.02344679994095003,0.0036899581925619583
C012199,-0.013218433691696336,-0.0041058202732278636,-0.013780440591829559,-0.0029188215012159596,-0.01984656441467508,-0.0003777284053704245,-0.01885534613896504,-0.0025319566590595245
C000143,0.026630784173900624,0.004003113425234553,0.023765218378252323,0.0032923546849358363,0.02965339585554944,-0.0005036415157317757,0.024698739474312146,-0.0007469791872881169
C006994,0.004739175230958279,0.004146806319598654,0.003938933768588833,0.0008264075527240278,0.011672538286501602,0.0027145035479892005,0.009717045330194548,0.0026230090093622644
C010100,0.008924489391837653,0.019222829642765376,0.008661911299822762,0.017879616798691923,0.010638995471065173,0.006511929006099561,0.009765945273480705,0.013566901644964347
C008954,-0.008198812664937927,0.0014467269459700744,-0.012711289017794551,1.57298453886736e-05,-0.0100514261124421,0.0030946247720762938,-0.014649600430550434,0.004180705803162501
C009504,0.027419587394477182,-0.00542469221254612,0.022832707736933255,-0.005185949527132642,0.029587666138712648,-0.0007825672639541556,0.023590745287724556,-0.0018824780213941223
C013644,-0.015417056771005138,-0.004407155457720819,-0.014297720500481979,-0.00678033699814228,-0.01390730639466695,-0.00032978309850579786,-0.014462373285034767,-0.0013517324667800027
C000790,-0.004471993356283725,0.008191428901006222,-0.004214456681518712,0.006861887940412461,-0.007350453125007305,-0.0018233083192987832,-0.008901577572693307,-0.0006349856731249063
C008382,0.03351358050664924,0.035328223712136925,0.02945660279097758,0.03896975418114352,0.03346206780075897,0.003804678760845288,0.02787267553609894,0.014512413490371863
C012271,0.0021531130828172386,0.014723961891574815,0.0010437977955095518,0.01575962307248189,0.007733184245754686,0.002497018861908557,0.0031263432643977257,0.0077845603639718885
C013860,0.00444131378462835,0.02267608849877491,0.0010736052072673622,0.02003619112801234,0.011105808688349593,0.0010911600202812798,0.006152094935306068,0.004556769031773712
C009342,-0.003877950123407285,-0.005564527091075403,-0.0030801094818792905,-0.005681104803063937,-0.002869546062715152,-0.0003312087844013409,-0.003119371808496404,-0.0012135083117836983
C002436,-0.013275677759677388,-0.0060429094113565816,-0.013853118874152652,-0.005069764084940563,-0.019813275189456657,-0.002216038725117937,-0.018810887044177892,-0.0037706334288585535
C007250,0.01703666403585279,-0.007930571371116895,0.013709128975373385,-0.007119538384240724,0.022795004477767195,-0.00211143297851473,0.016976579652944825,-0.005104556692060927
C010834,0.021578532008939354,-0.03103234941695801,0.023227466566962597,-0.026084610799044085,0.0261017086880843,0.0047770906469660175,0.026344114627107035,0.003040406502810693
C013641,-0.003603526438792189,-0.01105885438688844,-0.003378729635609748,-0.00943013858176981,-9.829327920213869e-05,-0.001198820474613858,-0.001047385087149602,-0.003209816893505266
C012496,-0.0010060689254302586,0.0011529843494798475,-0.0023152792155733803,-0.0025072684114737565,0.00060285235548896,0.003563572691125888,-0.0011042075607154444,0.002969593769081974
C003388,0.03164903763170292,0.034428475789045884,0.033895941023735894,0.03977240557181,0.035684542021667445,0.017754160790673747,0.03532420751751524,0.031919437389579336
C009465,0.017029721987024824,-0.015132123900645384,0.018078967596929233,-0.011955904343841837,0.01926391141556275,-0.0056910515702514675,0.01648847206230125,-0.011152540055328815
C005059,0.014392385832898792,-0.014631056851336217,0.01164006418188412,-0.013830611866115694,0.020728829740226256,-0.004901434212137472,0.015425274159141413,-0.009627957467576604
C011149,-0.001744690040786188,0.015241403868084083,-0.0015190164151062547,0.011981960198157388,-0.00306400140081033,0.00013774219317437328,-0.0021890560828163354,0.0037415276421579563
C009909,-0.008399725099154438,-0.0007451328502512755,-0.007981811792177105,-0.0034287278037047784,-0.005800823334082864,-0.0006984293747876235,-0.006377471385068395,-0.0024171458333292557
C010682,0.030557083942100265,-0.0027526734769299076,0.029663596170640155,-0.003119443215028497,0.03267529684423321,-0.00025347835594437143,0.028368341488076446,-0.0015347829599330481
C000948,0.017544163421701366,-0.015414334295083798,0.016410775579214595,-0.01479112644798638,0.025215359229489413,-0.00016892564752090663,0.021823524644331762,-0.0056895034191141915
C013127,-0.013525511543245605,-0.01084547649036285,-0.014161036625615993,-0.010504641708268836,-0.01972424303322527,-0.008711368228610263,-0.018689070255781332,-0.013266657884451732
C003848,-0.0018339577563545473,0.00684234753066113,-0.0018586389338437898,0.005315129076861085,7.915429783160593e-06,0.0004957719571750199,-0.0027451696879009584,0.002788168630688218
C004592,0.006737391059174162,-0.01593768325629533,0.004912457801355265,-0.015445140695472542,0.01483298062921665,-0.004567153580314124,0.011221140393859748,-0.010642917205137445
C006354,0.0036260564147688823,0.02232899010233732,0.003024332685475864,0.019459106753301942,0.007634268833394211,0.004745694582658786,0.006724756174062455,0.009325137434175521
C010914,0.002815244471657862,-0.009045295274496438,0.0009955599672740517,-0.008577759432894787,0.008502700691770516,-0.00047863137778968715,0.003940927326235622,-0.0025820887506841357
C010495,0.011015518091801537,0.02572688326738913,0.013647475953112134,0.026153486035727213,0.014927550924660313,0.014265622100440018,0.014631315689502388,0.023607641980599888
C012510,0.007953541274910705,0.029180264600830466,0.007096285388734084,0.03316541792145913,0.015995982034118887,0.024977147801215908,0.013403002750507742,0.0429493015601431
C006909,-0.015253610928336249,-0.011997835404071164,-0.01629182730697215,-0.01256572054833991,-0.01855336358810978,-0.0070205901709333805,-0.016628437716136712,-0.012857166183538975
C000082,0.003932035627441598,-0.006471115590645092,0.0038962052298996686,-0.005047230188022067,0.0018947521743394918,-0.0012417904107138843,0.0011520369884445254,-0.0034603625615443508
C004265,0.004305369693946345,-0.016308590061275795,0.004387743833338918,-0.013657994240347632,0.0075730340724873176,-0.004830346744655194,0.006709587594872154,-0.007972184981744212
C000041,-0.00808235618393359,-0.003190387689582755,-0.008373097351735338,-0.004127783689667212,-0.010933025299077517,0.004570533310633579,-0.010290961101451269,0.0035984053737938664
C013457,-0.014075032905163732,-0.017598783068266642,-0.01426054028562613,-0.016939333998505432,-0.01500403999433296,-0.004033297058471831,-0.015111821872211363,-0.010411461493174658
C012917,0.023402137118785072,-0.013940085511000296,0.025567441791016804,-0.010674024405392345,0.027848196583814006,-0.004078469905273595,0.028659558577203467,-0.011142199276325806
C008299,-0.0014159245983275614,0.016959509191801454,-0.0011895440358754852,0.012288957949808223,-0.010264276051568193,-0.0019839291929603735,-0.0107189555551759,0.0028467465007977893
C011370,0.009731176252106061,0.015774590236901434,0.009507269125018957,0.01442324880900554,0.013473555481520879,0.010584913595696587,0.013022384639346272,0.020142841011873743
C001643,-0.012851638412584432,-0.004673172842286582,-0.012937650284964101,-0.0038193085154830725,-0.018639023646730115,-0.007968191961351831,-0.019508672706046056,-0.012879455533061444
C013090,-0.006561762960886426,-0.006208404839574799,-0.007328070412479836,-0.006475209583381376,-0.006582099189764418,-0.007733368940223594,-0.0067747211590794,-0.010121666979982829
C013041,-7.709442177574237e-05,-0.00544926888354468,-0.0011108765334049487,-0.005749069869510116,0.004078900311609233,-0.0016985604006118878,0.004042394430511699,-0.0022256532752860827
C008328,0.001173640995190511,0.003649805196678657,0.001166775166621338,0.003127667560841668,-0.00033290431898581646,-0.0003134318793237244,-0.0006774692409451297,-0.00033030668778586867
C006799,0.00013427519558447898,-0.0003828566078627069,0.0020613613887432588,0.0009672300086887149,-0.00026338488861127606,0.0017567219275214762,0.00022297723184376507,0.0004615017667699656
C002403,0.009652614167417629,0.012222084033772878,0.009790063646745202,0.012225374900777037,0.016323983945589263,0.004786856994330385,0.014811179061051567,0.011984498643080307
C011466,-0.0015856324151247714,0.0033987548886165865,-0.0017461044007032875,0.010812428868473022,-0.00031573242238459956,-0.0006921953463359847,-0.00150571450836187,-0.002259942382412504
C003654,0.003315414477354813,-0.023512542292687302,0.003773064596289865,-0.022132257086337263,-0.004767082796191025,-0.010402324657892958,-0.004596622812087843,-0.016761631317671298
C005913,-0.010985549238535,-0.013649357049545573,-0.010664471025902147,-0.013096512126741528,-0.019875181976105376,-0.004821915013801992,-0.019376159805406575,-0.009011933069672103
C013676,0.006157786263484036,-0.005173683684654138,0.005356046057595087,-0.004731802429123534,0.0038438449901969313,-0.0018558269741475797,0.0020065028512702933,-0.002807645310095655
C005940,0.0032911180897198817,0.017767096030904993,0.0033236742755775816,0.017386125094687788,-0.003836761869976865,0.005576671396152881,-0.0052283445079548485,0.01108031832257631
C000980,0.04317783915088892,0.045904675713803404,0.047291884040307035,0.06509212232589669,0.03754906506387409,0.006662430522599029,0.03582442094198739,0.02768547461046514
C005559,0.024567626008014667,-0.029942664177496373,0.026401082315569986,-0.02179972647029428,0.02927051976856927,0.0008278291063824148,0.03024835767239103,0.0011719556812914004
C004612,0.013184027362016735,0.024773801233107795,0.013409872851618614,0.025665405416794823,0.012407959692459511,0.01267713431788282,0.008901674304648945,0.02393790872044045
C000591,-0.002494591634366401,0.0035180928450294553,-0.002142302377619771,0.0021498951742215553,-0.001958780082068941,5.192144073660805e-05,-0.0014125470749364805,-2.5763694907943514e-07
C002916,-0.0028969627642480805,0.01786343044451355,-0.0029539779328084763,0.014219387796472343,-0.010717372273402543,0.004104842618920972,-0.010998667317105824,0.01155834391980193
C001045,0.004165400089305584,0.005743845352893363,0.003476130729717247,0.0019109020933276203,0.011106305343448171,0.0037712170712218477,0.009501030711114196,0.004083755136164518
C006660,0.001957658229395248,-0.011189568934356332,0.002045690158545393,-0.00776350123328924,0.0025753572021929433,-0.000760641413199063,0.0013860667836359582,-0.002597887959547861
C013950,-0.005796185437613924,-0.0031304821381177394,-0.004426520344573883,-0.00430157231551579,-0.0025544867220259355,-0.00017915560218003954,-0.0021079126294337018,-0.0008863483907433063
C009003,0.007999994903933398,0.021577523270129902,0.008556564435419394,0.011516208041108289,0.01063450070695004,-0.016302046836956793,0.010400466794194416,-0.019505324477532025
C003392,-0.01947465796003811,0.003538439466960931,-0.021014622020125395,0.0029830343930194016,-0.023682658737250447,0.0005679991809471496,-0.025808831018690404,-0.0007200461397147023
C008374,0.006402251475319162,0.02867533593797705,0.003101046293442702,0.02913690399808718,0.012666050340087808,0.002044785424942119,0.0072566719126621,0.009093342953126572
C012677,0.005479835993060772,0.01836072515687679,0.005409229308459021,0.013521961579592042,0.0007192121527600942,-0.002239370468450277,0.0007536069414197338,0.0003214949790321969
C000701,-0.005857509374161826,-0.016920496912999544,-0.006458316148503534,-0.015945315344637084,-0.0032665789743970756,-0.01472185798904504,-0.003825193486752444,-0.023688685905539995
C007522,-0.018897561866899126,-0.01789818069785049,-0.018977170245281182,-0.018384169052976473,-0.018324400395462924,-0.011295369410812767,-0.01922462894391126,-0.020247730791629562
C007713,0.023262102934030308,-0.013137075788169457,0.021358796420057863,-0.012068302002853333,0.027899378136550877,3.680648790052265e-05,0.0229839485910887,-0.003939183932031377
C007377,-0.016300785825271974,0.006937655986028406,-0.020138136117674392,-0.00260365281177119,-0.018921096224125532,-0.007788704791440356,-0.022483669886175835,-0.018861050971718286
C006371,-0.008594974642779868,-0.01349719905547909,-0.00816838509437323,-0.012685845164146024,-0.0065340899895450725,-0.002403295453365458,-0.008053239068322421,-0.005579929232473025
C003027,-0.013241811033229791,-0.006834351652988092,-0.014072794346606127,-0.007504729642401686,-0.014262935193297785,-0.0045758353720406495,-0.01325614976074979,-0.007774965944584236
C009890,0.02137916781538039,0.024705050871910793,0.023200730262950317,0.026786110519528186,0.025639150942376815,0.015020023848314497,0.025291141108571953,0.028499330175108327
C002367,-0.009859282347950924,-0.016172727897171363,-0.010417325640888939,-0.009776309100514597,-0.0091617020822924,-0.004454126053503652,-0.008576721526950513,-0.010543234940463594
C010064,0.004093719103824147,0.007714463292453655,0.0034139974471751777,0.007663169903594851,0.011009736831601896,0.004788815037167639,0.009439303397945027,0.009983050032875368
C003353,-0.014018973306308025,0.016696218203595237,-0.013363011347602094,0.01579564412795305,-0.013353675336889128,0.008097445028602079,-0.01380728934050243,0.016695074361492816
C005925,0.037377250632991264,-0.000724805425801803,0.03571499783449957,-0.0001440270582590662,0.03576542476211219,0.0002755828049934786,0.031376223890087485,0.0010274244376178897
C013461,0.010225082611145606,0.009266958475153552,0.009575294574473125,0.00918180595427315,0.011013803746479782,0.0009932146459638704,0.009133706741101954,0.00559739411081006
C013365,-3.460140743568145e-05,-0.0021023467799745374,-0.0005021710672476787,-0.00181384349844508,0.001292944172838247,0.0005045002631613329,0.0005360037985948205,0.0007276099174464645
C004113,-0.012768321390428076,-0.0024513646635767085,-0.013170892922261986,-0.0010417475716858046,-0.020299895108749206,0.0029426726377182275,-0.019629607707819675,0.0021776927761782204
C006186,0.012563429291131604,-0.015941703798196535,0.01002511372125732,-0.015300871903838817,0.019076858428281832,-0.004609798262216811,0.014124422849183216,-0.010076091069451499
C012870,0.011376886747190373,0.017222358586410188,0.011700616304937716,0.008767198290174066,0.016144323007210994,-0.0029910635073295113,0.015180277252178503,-0.008301604443910298
C009888,-0.003372293294785876,0.0037767848478313533,-0.0029833950593312424,1.2614087933969266e-05,-0.0023562281869503672,-7.014035974456275e-05,-0.003093188654358701,-0.0007063432769790729
C000776,-0.011844936938780354,-0.012077842914255184,-0.011654579305462534,-0.010531975732007726,-0.011594251699539624,-0.0014641297531838295,-0.013040241524482679,-0.005296212743417992
C013536,-0.001770535069638787,0.029293183350106076,-0.0015787137060251772,0.025338805940489033,-0.00024573647941695593,9.283073483733938e-05,-0.0002944439132247751,0.005826356192337898
C006293,-0.004078505319414356,-0.023696509150638752,-0.004455038486519878,-0.022803798207474718,-0.006547286267078751,-0.015444153991546201,-0.006308907071696219,-0.02724883083669113
C013856,0.0258169616409169,0.03229663054385473,0.02326961503918349,0.037494019757047733,0.02924712642730161,0.013719815130064525,0.024326943224073173,0.03158751799908735
C007293,-0.003930709487305182,-0.0037689371803734575,-0.003358671395864356,-0.0026048678174105454,-0.004974031677369327,-0.002104744182518696,-0.005487169696700853,-0.0028145443876681927
C008097,-0.003661807820728839,0.0065450809115976,-0.0029962601834019336,0.0041908682049263,-0.0033809814415863833,-0.00056164593902637,-0.0026193337101681575,-0.00070054225124626
C002408,-0.006103222428294286,0.0069327120042313095,-0.005865277302095346,0.0020947834780034617,-0.007013396010177431,-0.001057917422592053,-0.007084817891128985,-0.002790025834188381
C010501,-0.004167363814646614,-0.0019848863724266706,-0.003880381462072424,-0.004251063777900913,-0.0005536397820670059,0.0010249536902600049,-0.0013876651841861266,0.0009231808984591117
C004270,0.004558348368757456,-0.0211637712013058,0.005512103963657998,-0.019375954497799996,-0.005146573549728025,-0.00833800727153689,-0.0044239857251107,-0.013715629616106449
C013911,0.0004457863708661488,-0.007167330567345245,0.00017329138690307108,-0.006177282859518785,-9.665311882015002e-05,-0.0011219112801473825,0.000438181812688662,-0.002369686378284006
C004406,-0.017404058136671993,-0.018658436051393945,-0.0164740426601357,-0.018402045633640708,-0.01728222955498766,-0.011194655962645796,-0.016748614387343208,-0.018322662696475492
C004390,0.03284161077304737,0.010038690340095874,0.027195976402461255,0.007743398143062083,0.03240532126716865,0.00018110133466405634,0.02597534095485678,0.001071874579343221
C001536,0.001205663746927597,0.027006425783178953,0.0012382530010300232,0.0237643154342529,0.0010303190068622653,0.0006533806764853152,0.00020662483741918766,0.007516260727614216
C005416,0.01203156183060852,0.026805474451178767,0.009524732543322294,0.03088859813082034,0.018650197449496267,0.023307621082617646,0.013773335580875172,0.04086627316268953
C009379,-0.007485386496057955,-0.00867304253338396,-0.007323834870385248,-0.007055128854844404,-0.006459879302909972,-0.0023363724587591953,-0.0067271916391846,-0.0037400411889849977
C002641,0.02380377240592717,0.037557534228608525,0.024690069008529276,0.04383084460362883,0.029485310991077207,0.008631294313098848,0.02606431033869513,0.02744706303442219
C000997,-0.015941373543909856,-0.014228623779359361,-0.014309665517610416,-0.013749265493991884,-0.017424976209734464,-0.010383500867678053,-0.016441747369260254,-0.017991398296378316
C004658,-0.004113149543574399,-0.0054991757527807295,-0.0032762679708071697,-0.006294156577941966,-0.0027063137099244588,-0.0005388620382277882,-0.0030177062072409906,-0.0018326514933457183
C003571,-0.001709307537259748,-0.006383498366874869,-0.0015600730722832373,-0.0050480889427748366,-0.0027218707387694965,-7.950731476170002e-05,-0.0016496048299272413,-0.00039359841768747266
C001843,0.012791366029453419,-0.018240966142765925,0.013092394319280326,-0.015412612484790342,0.016634577427045997,-0.001448371601269958,0.015058939808278635,-0.006197739148175599
C013420,-0.003771495429936134,-0.012435447491994028,-0.0035252141060642776,-0.010816751429161364,-0.00018658699393573038,-0.0014688724422775143,-0.0011236265674848898,-0.003604781785358567
C010069,-0.009859282347950924,-0.019101552742055473,-0.010417325640888939,-0.016522313723705738,-0.0091617020822924,-0.012425742929335556,-0.008576721526950513,-0.021174223834122242
C011995,-0.0038333021099750714,0.004545172979192671,-0.0032040984992874675,0.002538245077323155,-0.000615484703546906,0.00011815533204996991,0.0001009385048911652,0.00018371291473418038
C009337,-0.0016589144019206084,-0.006030521783997716,-0.0022652534732783293,-0.006874823674249665,-0.003745565924104079,0.0018628502449631644,-0.0036860594932032753,0.00013944346998205113
C010443,0.007851125161061371,0.009924936159084283,0.008013238233609523,0.009221153682399908,0.010791386995343013,0.00818752087932056,0.010142288943060771,0.014702524711280345
C002600,-0.006352846535311543,-0.0038272011090673863,-0.007064588440690074,-0.005329914441720857,-0.003947542661760971,-0.005151489872528281,-0.0042273140207311636,-0.007250741020924783
C007225,-0.015789823540875013,0.013969187062554376,-0.01524982148178787,0.0125401875351464,-0.015029617177173634,0.005402089029030908,-0.015778226729821224,0.011691597350279432
C008816,-0.008406070387086607,-0.01590412217721268,-0.009279006844785586,-0.014930613442748309,-0.009739945749431073,-0.002009330792931373,-0.010967885993225977,-0.006875253626925254
C001299,-0.01796199844722187,-0.015063323211239665,-0.019384105223101685,-0.015169984584514774,-0.0197580924347237,-0.0037680789995213544,-0.019461715864870013,-0.010065759702857262
C001416,0.007087710388814025,0.012289179609889005,0.006323042860300082,0.011779747447984712,0.0038270919207744935,0.0012592609072230303,0.0022095335158309032,0.006345938350937569
C012308,0.034665773934372535,0.04143725618956801,0.03654932968177768,0.05310616521100127,0.03699601793664582,0.023628980014807257,0.035395398058168895,0.04411455995057195
C010196,-0.008718292097495256,-0.013564034152952684,-0.008317606238713773,-0.012301590314743918,-0.006615427056658748,-0.002019757158734295,-0.008237163868513999,-0.004997055898966758
C003611,-0.015878747171551202,-0.004866020377635025,-0.014776461154199304,-0.006765788929044038,-0.014285767028043645,-0.0004014534690717822,-0.01476648512804537,-0.0013733159369692988
C002562,0.0025052374627116914,-0.00967933422293408,0.0017921149039580731,-0.008902786405613441,0.008683355746545355,0.0016615016112444792,0.00838007660271629,4.142030933559408e-05
C003924,-0.014296471795161773,0.007920394106644097,-0.015185713425814882,0.005135615022559949,-0.01946371542451643,0.0036245934833728567,-0.018082486989535997,0.007955880978833454
C010967,-0.015674401792990462,-0.01532306234061074,-0.016804420896715147,-0.011163415508104941,-0.018304092005315614,-0.01212879481417903,-0.016373266397472292,-0.018719066373328843
C000649,-0.0025170550605283326,0.00849634204934359,-0.002264056323733321,0.007286142970821623,0.0008577784170599907,-2.5001857559974485e-05,-0.0006719004659100286,0.00015120182543345122
C011920,0.003727189963779484,-0.024710407074573625,0.003722962452298198,-0.011059294174866665,0.003556723017611719,0.0006519695988007019,0.0020670473911839475,0.003457991341164414
C013478,-0.0021109425821327953,-0.0021469033788065303,-0.0020474213929839395,-0.000242499746072115,-0.0015925733099617582,0.0008953254644618418,-0.001245536340304753,0.002477485433145274
C011434,-0.001854005210292978,-0.017436990760177865,-0.003195034815056098,-0.017072640032619154,-0.00025673200993081937,-0.00652036729305111,-0.003288448142911515,-0.01338559754531566
C002059,-0.0009633133126661052,0.021603365653482868,0.000827138707212534,0.016594488810697295,-0.0015717245631586545,-0.006675460906086113,0.001465462187965063,-0.011750786320450967
C002434,0.010558561186993363,-0.0006810146736650866,0.010651564138278004,-0.00044189032914766313,0.014651615401877016,-0.0011134036477633456,0.014074277157613883,0.000616651268762025
C004770,-0.015024034609848531,0.023189936989857208,-0.013245917698227173,0.022882835174961397,-0.016646054624392476,0.002067194917655125,-0.015533346671708838,0.011579389592683887
C009769,-0.0048354505822192605,-0.010702805158695667,-0.005509944629145067,-0.009210321346504001,-0.004933079732980829,0.002406992222092999,-0.006888383402091465,-0.0004522719488570689
C009208,0.021839815093388927,-0.02314481050795016,0.022697315228365014,-0.022683634108211018,0.02573608612699931,-0.008719807606711727,0.02685455741533207,-0.02071905480433316
C007622,0.008213204540134394,0.007626951082773203,0.008074355683580102,0.003491342050818297,0.014005223878245786,0.0033104986888391023,0.011645201621050672,0.002660300065138774
C001096,0.03006686850182205,0.026939766757263242,0.02934860459658647,0.029054123933708383,0.032495950843078686,0.004599134756419513,0.028292999699347624,0.01580778873651926
C009058,0.01626665090401,-0.00860065851294016,0.015178326748990773,-0.0077582328904639295,0.0242908488986941,-0.003995284582088223,0.021178890300209797,-0.0074980011581565805
C003785,0.01600898838414967,-0.003455294238799417,0.01642748008973275,-0.002804084051712889,0.0206492614706513,-0.0020616161363804504,0.017617525867475604,-0.004433427432582137
C011772,0.010087344456841745,0.02344548229429875,0.009904213300836483,0.022902215944506987,0.006178884783402057,0.003376326119546778,0.004678078666270439,0.01166519999139495
C008272,-0.0007767088340826567,-0.006580711898805474,-0.000818165931948651,-0.005282916168820372,-0.0016226950348629712,2.413852557229262e-05,-0.0008009830228583737,-0.00023696426169983798
C000456,-0.002271500000189516,-0.0060419943693589,-0.0020193459194751424,-0.00522979629184456,-0.0033148633236718206,-0.0005615982940187756,-0.0020943278508563203,-0.001738970361921022
C002259,-0.00781756336784583,0.02826204758319943,-0.012845994754007505,0.028675908162753432,-0.01520131927997478,0.017657661004402386,-0.025274252687869713,0.033204415860399177
C003889,0.009343115906966898,0.008438517236872455,0.00915401239103221,0.008470714198465606,0.0054580252041361195,-0.00019137859722361588,0.004188505377502796,0.0009386279382703467
C003570,-0.010882535463003782,-0.01380576529172095,-0.010645919953073986,-0.0134699402920423,-0.019839862252849446,-0.004865491774339108,-0.01916378416439237,-0.008780160825026246
C010077,-0.007032214734713033,-0.015727884757512814,-0.00782427372688135,-0.0146663703232415,-0.007822390381786878,-0.0017853475355843207,-0.00929271200924517,-0.006381969778346665
C004388,-0.0001485866504215895,-0.0075547694649258515,0.0028370918669777838,-0.005962099048706883,0.0023610467877180578,-0.0030789495394442394,0.004289800440741312,-0.0052209688083454464
C009666,-0.019934306484612124,-0.012868974807283932,-0.021376457643667853,-0.01256432434541085,-0.02372251889956505,-0.013706539807525104,-0.02564472624405256,-0.020416065755083496
C012168,0.03003906163548129,0.025100574871284014,0.031416606312208654,0.026895640603242787,0.03406002695464826,0.00909835577992727,0.033090086671429625,0.019661670931417324
C004856,-0.012742213626512728,-0.002915520948532197,-0.011517596608506266,-0.0028027861025070764,-0.012812091217356348,5.420231643476076e-06,-0.012928390206528473,-0.0009751127287529688
C013677,0.014261486996480737,-0.005448833498198644,0.014533664921548744,-0.00439892233204586,0.017098123162822325,-0.001851414736766832,0.014844027300327996,-0.004142852390262844
C007119,0.005306718749396222,-0.007276387728763936,0.005014890132923536,-0.007666082008894992,0.009838025122064714,0.0035717809794957567,0.009309192060141476,0.004185266867398638
C000823,0.007934978763857516,0.02278310574379286,0.008952906716582392,0.023258427335857892,0.009102180334789598,0.012339450267981755,0.009377532693758855,0.023000883777868172
C002510,-0.0013150039677792302,-0.007847322725474982,-0.0018076102142317435,-0.008449850937731363,0.0018850945191070262,0.002341613468103378,0.00010055579781888237,0.0018809492079093167
C000429,-0.011660861304149662,0.006663549520800074,-0.01153246705844704,0.0013475991702134676,-0.011433235960918697,-0.003497839078421923,-0.012976884760362108,-0.00696131439451994
C009518,-0.008901344512058007,-0.009485673118518646,-0.008403819414109835,-0.00937558384301074,-0.006931248824372719,-0.001666670553856469,-0.006479111464615597,-0.004040841355074161
C004913,0.009596481476110775,0.034135006927791804,0.00877539101448654,0.03526913085135953,0.009469919581514122,0.01988165518618224,0.007720409966034779,0.032275510268519256
C007316,-0.018574899249117507,-0.01599997575916479,-0.020205680511991325,-0.016285014486648357,-0.020591305011572792,-0.010698564732736839,-0.020287623360115133,-0.01695908753187656
C011432,-0.009506881391922229,-0.01183058776300241,-0.010497426043733877,-0.012721951820966184,-0.0068946580875227145,-0.0033668761064244448,-0.0066331094230256855,-0.0093891276586167
C001306,-0.011377419847434345,-0.006836749889118527,-0.012017164580968707,-0.007253753384548638,-0.01130833646062479,-0.004469050048754165,-0.010636632309732108,-0.007349392507085815
C013578,-0.003487361170717044,0.000514471689931038,-0.002923010155453882,-0.0005982412172065674,-0.0029047790351707913,0.0008741003312020437,-0.002622285452810942,0.0016978761886028522
C011853,-0.018431247810638155,-0.019533139001704485,-0.018760977660839992,-0.01965423865271098,-0.02060757470262224,-0.008761848082698899,-0.021078394065363916,-0.017581037893306218
C002976,-0.006492243679615571,-0.007391749592181698,-0.005905682729910405,-0.007806336827457021,-0.005045045648460552,-0.000801454793307507,-0.005687305478696276,-0.002511902073576661
C007402,-0.01763971008017728,-0.005662188426861181,-0.017264618566907454,-0.006775773731820822,-0.016580899765467436,-0.005419153477953591,-0.017694335465560897,-0.01038087594981329
C013114,0.009325789728913167,-0.013764782512726823,0.008985602427859549,-0.013179207169923744,0.012794124899839065,-0.0004739144867969046,0.01242673931648374,-0.004859678725868698
C006584,-0.013218433691696336,-0.010118244397496144,-0.013780440591829559,-0.0044245974707728015,-0.01984656441467508,-0.00879826851905322,-0.01885534613896504,-0.013625455329031899
C004427,-0.007936547987003006,-0.0021088020227801522,-0.008470192217557326,-0.0032681770186228764,-0.007441288238317159,-0.006671062113361413,-0.007673734005121933,-0.00802254364718088
C001602,-0.01922965893579326,-0.01925988364453484,-0.02031282869410939,-0.019526010413891647,-0.022184201899361024,-0.011589390331265562,-0.02322596621742822,-0.0207526734871069
C002064,0.002763938404184102,0.009279222083041418,0.002286262375590601,0.009553000955413216,0.008733260776229044,0.01468810773070182,0.007693843998097768,0.019687056769579162
C007444,-0.004223918798492961,0.0010380273294883404,-0.003258332219314853,-6.9043832206905004e-06,-0.0031395088449806857,0.0005096407331713286,-0.0028364700802208844,0.001095895104159208
C003346,-0.0024597405200036514,0.023885452631763747,-0.002292611252405895,0.02299719044669503,-0.002074010540103802,-0.0007949079558101309,-0.0015754726183245394,0.0037019827270600996
C004327,-0.019782374025972604,-0.015667735893201754,-0.021309955188694173,-0.01620396074122593,-0.023831743774542523,-0.013930344224851027,-0.025907376433876098,-0.021526020333598076
C010941,0.01046118397816556,0.006318726107251771,0.010954030274042053,0.007405701219597866,0.01637714695356398,0.013369137929160262,0.014624739565277156,0.01932758468106007
C002104,-0.01276985484351812,-0.005381743759343401,-0.011888662558219994,-0.006054602109968641,-0.011044115138483359,0.0002887283434943142,-0.007624455157797013,0.0014722642362666233
C003832,-0.0032011098782695822,0.0045861745703368335,-0.0028409389572570365,0.0031559380273368434,-0.00272917368304529,-0.0008628565984448385,-0.002490212535397244,-0.0016837243909208397
C006296,0.0038682917512360454,0.005884141671394189,0.003462307560525643,0.005691760535564079,0.00023560995979137259,-0.0006406572390779124,-0.0003911220993381586,0.0005800208092428456
C006851,0.005833681046799814,0.011949990977985426,0.005910766915393793,0.005345258538319913,0.009102580124403865,-9.066413598446357e-05,0.00717793594081468,-0.004917735423605775
C003097,-0.011535678080517288,0.033130326780709346,-0.008854525143542274,0.038425169357335746,-0.014686922435623709,0.004681985203019117,-0.012454804597598356,0.017966484115001225
C008545,-0.0011292185470350355,0.028170984933429163,-0.0004955819490473074,0.023951796352753227,-0.010769064704211233,0.005357360530788144,-0.011091028538944956,0.014115254836503227
C003102,-0.00502071082246839,0.008907965730447541,-0.005537409910493769,0.0005817894605061992,-0.008365915142393918,-0.003975343143645055,-0.008769898430717802,-0.0116222432580017
C001369,-0.004554766242374255,-0.00606549301325824,-0.003933859230976085,-0.0063214008204674575,-0.0034858400123383908,-0.00023378411136003898,-0.004026698958368425,-0.0012129062801804807
C007433,0.027521658958564815,0.04051071937002651,0.014440979712089914,0.044432926616627684,0.029463615691082964,0.002461070544590493,0.021707426695214086,0.009983130718985898
C011754,-0.005408737584437218,0.006032996196053098,-0.004529496239291137,0.0024459148538946564,-0.0010683856200115283,5.161618983958958e-06,-0.0012942334229448433,-0.00021045589463187308
C013292,0.01526964462655482,-0.03587325524799013,0.014972382372748257,-0.030681650369312852,0.019296140162520684,0.009550308103721317,0.014905513465622775,0.010009623532509506
C011147,-0.002248748377955499,0.021675359409163892,-0.0019612973189361772,0.01719289200421939,-0.0019310796259128815,0.00016396526456184045,-0.0014381150854843028,0.004040646844089788
C007919,-0.007664336918031863,0.001284966717009326,-0.008175571394714864,0.0014089800920335143,-0.009166884033234148,3.5086765375517795e-05,-0.010821464867236834,0.0017777117628518294
C006038,-0.010543167190963076,-0.005048852447627753,-0.010947770922178255,-0.00676310221870197,-0.014600430989398987,0.0018228459724266143,-0.015662330254775144,0.0014543307892787693
C012133,-0.011752655115974493,0.001693800449270848,-0.011596534741138332,-0.0009939823567988936,-0.011514149467668853,-0.0011536115074078186,-0.013008888357510368,-0.001988205231630146
C004124,0.02462698235795245,-0.021386665100407654,0.025573757778921128,-0.01897829948097236,0.027345467065142882,-0.005162318866070917,0.026750123805117064,-0.013497227166831017
C010540,0.00010967962869168342,-0.006847679223751038,-0.00010513173637087342,-0.0056668306520966235,-0.0005314749304418564,-1.553143530579667e-06,8.835981376052866e-05,-0.0003721379680673833
C000548,0.004054479561723985,0.04384990864470293,0.003926965726848846,0.05118818175004007,0.006595517532049917,0.0008870959310613866,0.003791310549286066,0.015332313157420648
C009887,0.03725256357828554,0.019715322504251023,0.03592279231975279,0.018474620409548587,0.035700249180205916,0.00034761789643496146,0.031485198480321774,0.002613627750966562
C009936,-0.0036700049955339957,-0.0067970250783519655,-0.0032133609155206065,-0.007088905083303192,-0.0031152268435429625,-0.000732211581072666,-0.003491365115938097,-0.002341170718916277
C004339,-0.006104996500789418,0.0025586664077850694,-0.00675976563883274,0.0030403830818704018,-0.005205738748393906,0.008852550261079084,-0.005373890232386453,0.01126290535896534
C013727,0.02249589444132232,-0.012628374251396752,0.02078182836622554,-0.01214715752208744,0.027546276250321643,-6.374615135372428e-05,0.02279058433458185,-0.00403417660128116
C011209,-0.006138748294237457,-0.0034557512777841654,-0.004655174598279988,-0.004655453809895356,-0.0030137159275482666,-0.00028847110987242116,-0.0023916657319042393,-0.0012199599225871495
C013589,-0.017322877273992243,-0.01917495001750372,-0.016396557778258755,-0.018496467022800434,-0.017032161519775615,-0.008957581469130244,-0.016480074464611964,-0.015436102597617457
C000144,-0.011195307901444056,0.008926219276939767,-0.009129235043509381,0.007482963685033962,-0.01235811119264508,0.0031426856672631194,-0.01123302762551208,0.005413517313237617
C002352,-0.012929573767421326,-0.011838465121446989,-0.014099168548373075,-0.010193619574651081,-0.016268265876226724,-0.005342576104031264,-0.01728816443863658,-0.009154979115113657
C010846,-0.01394531563311292,0.0277141839134989,-0.020023746979987454,0.021020408011682104,-0.014448053192109435,-0.01002866139000489,-0.02289717949553906,-0.009521658652361426
C013079,-0.00034230414381219396,-0.007436410606643056,-0.0008875494791062039,-0.006945077098924425,0.0020555724573667277,0.0013563272698741769,-2.8285255627248025e-05,0.00115008830739748
C003032,0.008553712525916263,0.003952845103711661,0.008770631743681654,0.004917380130483377,0.012571031340618917,0.007804484369399883,0.012318564029324765,0.010628258959101453
C007098,0.006948921477787744,0.012995320641654474,0.007018536165964048,0.008310247930776879,0.010843023920566271,0.0001547606052190721,0.008875020091355872,-0.002458517895603837
C011544,-0.004554342829595059,-0.007849157859358706,-0.004298344876143105,-0.007943379208264833,-0.007672309621022869,-0.0046406072446748495,-0.009145643028268894,-0.007451112345274147
C013250,-0.010713662343822688,0.012324446533780533,-0.010703019689266666,0.008658154846784885,-0.009509117272438724,-0.0032965342038967778,-0.011013226377925782,-0.0077644988239350165
C004233,-0.0009989279096009828,0.0011514992560511233,-0.0013200944220153272,0.001183711939323786,0.0007817780222795411,5.682539778009463e-05,-0.0010504640470115993,-0.000402470979576412
C013142,0.00819924177404908,-0.028920191252633773,0.008189620992980578,-0.027999703708735196,0.012264086744559843,-0.0036159448011221502,0.011934625168326059,-0.009711373437105845
C005342,0.009432462100283817,-0.023461235439681243,0.009724171002958571,-0.021585254145774332,0.011843929829698754,-0.005969173312343205,0.011479769556644566,-0.010372084250637499
C006190,-0.015460846908304252,-0.007371256453016113,-0.013748529578487942,-0.0073183612240907605,-0.017019918082927937,-0.00563231853771349,-0.01596416376875572,-0.011734645071577626
C002199,0.01696374958833736,-0.009578503540425371,0.013677555156874566,-0.008428852830218065,0.02276529563540865,-0.000289809251515738,0.01698121583811813,-0.0019882283609926905
C007467,-0.0017939289130575189,0.01458741518503058,-0.0015980477456971711,0.011369325588270458,-0.00024993421315152713,0.0007308866394210581,-0.00029329877084996887,0.0028431534968555096
C001031,0.002703633669342563,-0.02808316490832696,0.002231863587200809,-0.027287342254031635,0.00861215140607569,-0.020284312954702798,0.007589482683471883,-0.03296827055820704
C002048,-0.0054438064919537545,0.011546174879138069,-0.0046304461418788054,0.013150354263023791,-0.0031575150085298557,0.00038635848938963754,-0.004162895212925678,0.002261589140507019
C010775,0.003986123618645898,0.017368443369721116,0.0035576944233198667,0.01568184977439565,0.0003108739825220778,0.0012287145359252327,-0.00035697171560321886,0.007230084569255352
C000019,-0.011190895995654832,-0.01503818211507209,-0.0120782518006595,-0.015155261852470358,-0.009448539844643942,-0.00971869947157618,-0.009046768206914755,-0.016142725397241518
C005669,0.011146168263841839,0.018393108856411003,0.011234904333026678,0.015244525656250224,0.015968944655812382,0.003951594894835871,0.014723549506771811,0.005446301825552873
C001356,0.002060686232887803,0.003345692348495616,0.0003177423306522966,0.005395274942207802,0.00728715104152475,0.0009065005983732769,0.0030273649035257723,0.0025091698133137158
C012337,0.01942171323562079,-0.028844655139413044,0.020153831478822118,-0.018437211751348385,0.024415697352845586,0.0024146092341501726,0.02310473095010144,0.002978953760871745
C005148,-0.01718873559877821,-0.002795283384784868,-0.01766927247026137,-0.005365260552912551,-0.01975191703245177,-0.0005159179127439694,-0.020541941979529896,-0.005003392617662037
C003324,-0.004034094366363812,-0.010361707325836642,-0.0037581386092294623,-0.009894381599687821,-0.000412486392752986,0.00024938924570533735,-0.0012769946110631344,-0.001415349430860882
C008099,0.03299522222025639,0.02012509596245278,0.027617324666963747,0.017317032968506688,0.032591847770226764,0.0008960875891938513,0.02632374835762025,0.003397096137935044
C004582,-0.013305046862208576,0.017534034105466147,-0.013002957808075907,0.015299219791372023,-0.011119158861853046,-0.004186130493709011,-0.011695536818998422,-0.0071233879216196895
C005557,-0.0084695603019575,-0.0014821693964861605,-0.008015944920838904,-0.004462004491004676,-0.006425654746160597,-0.00028881762511649695,-0.007792845019866079,-0.0021912063673410055
C008083,-0.005892820341418593,-0.009449273745646521,-0.005423215187849686,-0.008515630008721643,-0.004935958634064044,-0.0016046639275470282,-0.005477142365307343,-0.0035720833193124604
C010735,-0.0028650472312376734,-0.007053908069024043,-0.002554713871028052,-0.006240577336219529,-0.0025725165917151265,-0.0005591609224654631,-0.00195030090363969,-0.0014634893689137115
C003944,-0.00641926068300354,-0.010214818370915061,-0.005668606517082892,-0.009868042643713625,-0.0030612861590352957,-0.0007952190936136616,-0.003647812681186421,-0.002734055129992544
C001686,0.0024564251307655923,-0.026265870126719403,0.0020077217735391356,-0.026636941860893108,0.008101836622638772,-0.02361863794315393,0.007149013773771887,-0.03641233544356728
C011430,0.00745546581249735,0.011892108225568123,0.007684729976349159,0.010907750847341075,0.011947552215227213,0.0026672253263747836,0.009398762393949397,0.006609380425906902
C009878,-0.01501334499558402,0.011887761145199101,-0.01531900845131009,0.011671489945720067,-0.01290081799092275,0.01075960188677754,-0.012958500009120686,0.020403874727471627
C000209,0.03674339962904953,0.025443698847003007,0.03143161473011293,0.023044615298793886,0.03453993775933202,0.0010207925009825356,0.028400177000492452,0.00413539428335035
C001939,-0.004578915710014983,0.005714598016035544,-0.0037892466385967094,0.002179662001343564,-0.001760246662918836,4.126581913987303e-06,-0.002186073393427161,-0.00024992603630476977
C011842,-0.0069303458485679694,0.021929607129854034,-0.0051462333075608215,0.02176953957051072,-0.008150069836077037,0.005832178375164192,-0.0069893369030447836,0.014846272193799309
C002468,-0.01870475122614239,0.013079736565833751,-0.018976016486887987,0.013195379747624312,-0.020037029101567783,-0.002327334775270204,-0.020373225755130755,0.0009534779231148571
C012963,-0.007563080572940164,-0.014415949517776926,-0.008174417664151078,-0.01399336085696632,-0.0063376060588338674,-0.010498704266437571,-0.0066611830086479576,-0.018787189044532637
C006261,0.01678609674602814,-0.027153825424432624,0.01822817337302405,-0.02339145671292397,0.01829299955423132,0.0010326340423322208,0.017647761592281003,-0.00216317088707932
C011569,0.003696759263437406,0.0014491972865783695,0.003011606910740965,0.0016853121833477682,0.004349475041379778,0.002222285424851876,0.003130161925047387,0.004098455156086753
C002394,-0.0014160133135704312,-0.012716451983821377,-0.0008116722505615259,-0.01149220140101735,-0.011097926555735002,-0.009744204641834169,-0.011446674523548077,-0.013857701662983448
C010158,-0.006430815783420704,-0.009207540287778808,-0.0071855764323001435,-0.007675602621274951,-0.00701408723807404,0.0014819428399216838,-0.008607643861406158,-0.0013578874887729658
C008016,-0.00153401843901633,-0.004751321508482163,-0.0016354208025398458,-0.004104561529059635,-0.0008183646534599977,-0.00044207702812913604,-0.0007158976337925788,-0.0007817076425310226
C001713,-0.004160159074102121,-0.006064914816238941,-0.003278562024071472,-0.005710645809546949,-0.0036708378271305604,-0.0004306554496552182,-0.0029021849640568863,-0.0013145889374351896
C011450,0.012343125457613046,-0.029452063216841386,0.008830523177752583,-0.02761327493193995,0.013900382479039455,-0.002806275578067407,0.0067736065756934215,-0.008243464974857983
C005070,0.000560197824021566,0.012075842536576151,-2.9759291386631266e-06,0.011081960973563844,0.0021976442094541874,0.00032120875395211164,0.001093868422473039,0.003068364235182015
C013755,-0.016272232759309162,-0.021463604488253726,-0.015772979809362035,-0.021734684779083847,-0.015450704244402235,-0.012721782076532009,-0.01628697193823518,-0.020972984685689915
C007683,-0.0065641817315964515,-0.003533231117910192,-0.0061682086593407084,-0.0018907662147141407,-0.0040430032276675635,0.0013795585638985421,-0.005538536114984823,-0.0005044765312868555
C007822,-0.01724360866852294,-0.013181800998159092,-0.01663570281372943,-0.015448488513264066,-0.016279275869195756,-0.0033176684521497106,-0.016487931157232384,-0.008041551868690669
C003771,0.024202199188966635,0.00790973848353494,0.02575181432496424,0.008994504560665958,0.028190091862225278,0.0028978094981457125,0.03069321067671675,0.0024215991360202003
C008683,-0.011061539126244937,-0.0009439616352966473,-0.010915982567809986,0.0010747768341643643,-0.020092409976944677,-0.002781469694185186,-0.01919597286595668,-0.004080483115783097
C007654,-0.01167968236151814,-0.014331559486785429,-0.01175389599524321,-0.014271811694281336,-0.020676866619028834,-0.007426577277926467,-0.020074489663658972,-0.013183157086390571
C000386,-0.004691553883698771,0.009533809014570948,-0.004502996349227054,0.008042682186482214,-0.011389142217800576,-0.001821724400830449,-0.011474910581552445,-0.00043075002735157476
C004261,-0.00747316680300678,-0.010924593194761136,-0.008105684670945763,-0.010820077572817752,-0.006106691102520691,-0.005641697284695745,-0.006440560773072244,-0.011921837769937178
C013534,0.0029514027082024213,0.008480246911686718,0.002166701700508287,0.008426560285982154,0.006158447609257361,0.003269746103615919,0.003037574733465972,0.008519458589261578
C001134,-0.011086479806852269,-0.01684867435936868,-0.010871367531015658,-0.01616110521055825,-0.010234201856843365,-0.002221142916398961,-0.01014071397681002,-0.008082737134285499
C006403,0.008527681847966944,-0.014419789910938417,0.010004465847674948,-0.01307252776516295,0.011664986493033594,-0.00839395335744392,0.010054894320892065,-0.013145502670721091
C003498,-0.003916587126717331,-0.008983192925098278,-0.005104188990707644,-0.008331816994939515,0.000932556669122206,0.0019512804071519286,0.0004928873308766485,9.389278125435308e-05
C004116,0.0011792830499451298,0.010256130013862805,0.0015749876291222503,0.010117648832384536,-0.007282226340821427,0.001235403550783553,-0.008091749175195766,0.0058996601597955545
C003869,-0.0049087466572281845,-0.0028088590800966094,-0.004488238615828786,-0.004464387517516622,-0.00450845617234011,-0.00020445420228749022,-0.00486377787653689,-0.0011137754908168902
C006762,-0.0018644194974959843,-0.006587077614359239,-0.0016880563389522687,-0.00550326011575513,-0.0028956322483015716,-0.0005569943207333437,-0.0017827042050426916,-0.0016282738805104972
C008316,-0.015145619732148246,-0.012665814662870025,-0.015458137483755907,-0.012432444184380206,-0.013193372065646414,-0.010955630172213475,-0.013241093318425838,-0.016418174453757647
C001129,-0.01622216393315888,0.00714886851646954,-0.02375948473403273,0.001366225586807733,-0.01880002434726745,-0.004815622171610561,-0.02598727676932445,-0.009984064371224483
C004899,-0.006488233185568563,-0.002831590452072064,-0.005040642164570163,-0.003532514459690359,-0.003199257973956004,-0.00012849185807916282,-0.0016553673336375315,-0.0008559887340503207
C000888,0.024278948642114953,-0.0034470322411881203,0.02452509819161129,-0.0033092026067284746,0.030027329988919122,0.0013036553928370848,0.02838100213760265,-0.000508665342716302
C005156,0.011987321292883268,-0.025925362041998423,0.012402627531872401,-0.02540585829131792,0.018148335734493003,-0.014533467623227679,0.016613244033331254,-0.02118124791147927
C012131,-0.012351200655082786,-0.01391971117072218,-0.013475274583947032,-0.014399754359384129,-0.015445175016866364,-0.006022941099851679,-0.01643394702687601,-0.011475304424390225
C001603,-0.022164076239684517,-0.004536646584813747,-0.02226017325607147,-0.00761569017402068,-0.020254457197189477,-0.0005109779760582271,-0.018686894384858953,-0.0017077088078594808
C009883,0.010403570626399012,0.023079076251998246,0.01015800735291345,0.021705933750624642,0.012133083651844716,0.0072385545031724815,0.011177702364427501,0.018351848553915397
C001485,0.01717930137284331,0.011903888165915087,0.01346542382801406,0.011498670823606994,0.022446395715005226,0.0007931533865207588,0.016288761910782674,0.0032478658543378626
C011973,0.00949513586066261,-0.009783481811590443,0.009608430251459464,-0.009954706136847095,0.015466183495619713,0.0035640289450748906,0.016760961684525007,0.0021490943922045343
C007457,-0.005170722209540242,-0.018348944180455056,-0.0035824723555340442,-0.0178023354903332,-0.006102502656888753,-0.010440406248358456,-0.005170768574125673,-0.015598044535471235
C007547,0.010600163868039168,-0.004627458894024006,0.010962479593554713,-0.0045180325558198285,0.014032536467725865,-0.0006244444482863558,0.013669784216561122,-0.0012276705770677058
C007042,0.03093776219449137,0.04195559245113291,0.03224284673021774,0.05523376258696362,0.03453932495402996,0.03090344016003039,0.033197433872636656,0.05607220438080742
C007085,0.005582983598117478,-0.013923473460761964,0.003929770381526182,-0.01320219328352455,0.013897342278869107,-0.005579812036375631,0.010608868047423382,-0.010672738376543296
C013097,0.008159550454828128,-0.008090450091764671,0.007807310607176354,-0.00792880525910622,0.014765273023008983,-0.0005817961214509456,0.016296233460321306,-0.001240664323805497
C006067,-0.016735724217947792,-0.010237723513720112,-0.01790420272174518,-0.01091954849168271,-0.017961980676529772,-0.005165380588027979,-0.017610774952304946,-0.010442447570435989
C003671,0.0031175635251122265,0.031430183703015244,0.0031412043649679746,0.02928076935608196,0.004308922762466766,0.0018098852659431377,0.0025692289996328953,0.009037975642056226
C009797,-0.014587511229943896,-0.012669208747003089,-0.01554645531360781,-0.012970858770263534,-0.01927995161746997,-0.008785452865109667,-0.017724047188699795,-0.014692774998697103
C004591,0.015904822205853597,0.03211594644215376,0.01735458253374904,0.035234879300378885,0.017061773764759255,0.024645401411185954,0.016680552904378566,0.04276312189303189
C005113,0.005208654990678012,-0.00995876077746825,0.004731655293911559,-0.00867567811747454,0.00954623500651442,-0.0003772938613202627,0.008539193280424599,-0.0014382951458934584
C008152,-0.007623461581862949,-0.019968439246593445,-0.00578195549111451,-0.019713421124261766,-0.0089711466747084,-0.012404207668801714,-0.00773065900742546,-0.018260607239348206
C003896,0.024409129822624963,0.0035807554639470524,0.02661149625011573,0.005643747530490247,0.029275823907764092,0.002307972221997825,0.031653983925093984,-9.284236928455456e-05
C013037,-0.006939357284053253,-0.0014863350548939619,-0.005984132489816435,-0.0023699702618016336,-0.0007152366765707924,-2.8904611310649748e-05,0.0015745318443724898,-0.0006564211945155417
C001604,-0.005485024345808779,-0.004190551390754732,-0.00431565039172192,0.0016922377871360598,-0.0038744222352521517,6.94385749238397e-05,-0.002554218644227626,0.0008632781216106294
C012357,-5.5754225692906355e-05,0.001829806367639748,-0.00023890672021267467,0.0015439311130100832,-0.0007429317481110283,0.0002503917505499028,-8.078628342981774e-05,0.001584838451185608
C008467,-0.007358313888711333,0.014430486640922738,-0.0075948580712274175,0.01099100120628463,-0.010323891920575312,0.00399430961890452,-0.009625627230072329,0.010463641469957936
C006956,-0.014438449182029855,-0.015535306976763797,-0.013771699448478125,-0.015842772394836564,-0.010928815932441273,-0.008052796375405721,-0.010594868005273041,-0.01527139616450062
C008270,0.0275066787558753,-0.002029382658428374,0.023377258875228818,-0.0024646019987801886,0.029774524942548456,-0.0007025730736205638,0.024130126262006217,-0.00186600377351476
C004962,0.0024899472330169375,-0.012307362044078136,0.0011843680859628385,-0.011240180166044994,0.008313912602978438,-0.002966792248787131,0.0035373428860882815,-0.0067955566288232785
C013620,0.0005335496184544646,-0.00399321801502019,0.0002928832492867841,-0.003530623273140271,-0.0016409075930690661,-0.0011237644124280281,-0.0012299057219818943,-0.0025059144027622443
C011214,0.0012592933735025597,-0.0015956515577555492,0.00035130699123301696,-0.002230088202108374,-8.408791685672351e-05,0.0031804273883988417,-4.6700357773726386e-05,0.003564379736257744
C002152,0.001460346065233917,0.021178211167550507,0.0007158070425686905,0.024871297014078624,0.006317210386308991,0.009642037909190559,0.002327338911131871,0.020795359064861404
C010706,0.002198840117643376,0.008065009354618114,0.0017736203627736111,0.003827381070458108,0.007547612070710387,0.0037062804973563446,0.006666630076771025,0.00489654766875646
C002359,-0.00033573750095316807,-2.549034471635441e-05,-0.0002312386299859387,-0.00043410181359638297,0.0014641564659072263,-0.00015149110695859844,0.0008458889070453296,-0.0010412867244395463
C011799,0.017596258415276723,0.01605558099478194,0.017886780771071253,0.016525866253982176,0.021709812658046994,0.0039286971415057135,0.020246048660578966,0.010181377882749403
C005196,0.001151244491112566,-0.008408051030538148,0.0007610056764100492,-0.005555558321352223,0.0007211333466403777,0.0007097748667711429,0.0011395206438300646,0.001690039373347636
C007602,-0.014611774313897269,0.003700075335703744,-0.015478432413087953,0.002352976345023651,-0.014627610910099563,-0.0025789341914552164,-0.014168976663640667,-0.0022786429197107407
C001251,-0.015079574561642552,-0.014889592924535101,-0.015992423192460897,-0.01497332273523639,-0.015368029149891747,-0.01141870719176613,-0.01490512514555542,-0.018329812036898555
C005120,0.022559639211030234,0.0034260533751632044,0.02441224174589231,0.005282605461610475,0.02833568556478472,0.00022323673322964896,0.026266741384080944,0.0022174215780641658
C008647,-0.0033467799828269962,0.004510086534949685,-0.0029590734911499037,0.0005170301539902144,-0.0029656631848335702,2.7559637783194646e-05,-0.0035816518869826236,-0.0006077501690658107
C009008,0.005378443741507639,-0.023079168752730164,0.004416536300037209,-0.016536251972771986,0.00596458374742086,-0.0027522139466419847,0.006226232740118085,-0.009142764537614163
C000850,-0.0002631749373943,0.00461118528408789,-0.0003554995235017359,0.004578163399525618,0.0031686301908729563,-0.0006309385361519558,0.0004992547725549859,-0.0010882519720121365
C007434,0.03359461758035275,-0.00288857064099578,0.030556428330074336,-0.0027169407398064268,0.03376401162915413,-0.00018945497436681592,0.028843645941955712,-0.00037261676190011113
C000061,0.025937126522142685,-0.0120593780594147,0.02849148923937877,-0.009052225283388308,0.0306224142141313,-0.003133847039548929,0.03397892327219061,-0.010861742999588343
C006512,0.009417665609273523,-0.0234041624909732,0.009689238785454047,-0.021041651287959606,0.003985156732263854,-0.006453632313954905,0.0026373465249820327,-0.01158534434090269
C005251,-0.00017707217250795962,-0.0036052666883938335,-0.0006187778461468588,-0.0030170741100659427,0.001078323508873639,0.00014976545996413994,0.0004105918292623427,0.0001675135996561344
C005023,-0.0035352242325278737,0.0005581249508259346,-0.003956708654450371,-0.0002659295237079263,-0.005923349850218161,-0.0025654906114318723,-0.005731744447591402,-0.002493421239307526
C003890,-0.013053388253507459,-0.007809376820986693,-0.013104377234748488,-0.006252210428665965,-0.013332779328636645,-0.0027010039545661544,-0.013295824298148002,-0.0060182572543820145
C003203,-0.003708298743738839,-0.006682397036646513,-0.0030032939808972135,-0.005857671527518951,-0.00300633450614675,-0.0002652005930473979,-0.0027116946821017004,-0.000973213841261366
C010751,0.022557287649674747,0.022399029177103538,0.024175204350396422,0.02400959750026892,0.026720096101310493,0.011940089810807799,0.025875086664471036,0.02313830092825437
C001227,0.017909041608124236,0.02591867682675064,0.0187607761203356,0.027645081994201126,0.02187798399311725,0.0189266925841137,0.019665846924962527,0.032181610316126714
C009713,-0.010882535463003782,-0.0014144486619286597,-0.010645919953073986,0.00025277516986898444,-0.019839862252849446,-0.0027256449490053454,-0.01916378416439237,-0.0041885464526797865
C004663,0.030988964423495108,0.03312347419577238,0.034175491654600806,0.03828025271826913,0.03525915682331924,0.022233063866634498,0.03554662841786493,0.035655820509847204
C004304,-0.0013457699576115085,-0.0050913626002476045,-0.0011635238774437178,-0.004364682297096525,-0.002842044138131901,-0.0006868302060386552,-0.0020406097186661614,-0.0021544507626401936
C003376,-0.017143750104605074,-0.017095937631788363,-0.01767917435935054,-0.017215362236196793,-0.017924038306739484,-0.011530717166288956,-0.01789434931393146,-0.019233643555223754
C002037,0.0037198394699104243,0.01753432521787474,0.003176459306314661,0.01616046053047576,0.007720677084670229,0.009446366931865794,0.006840633555163932,0.01517177934828474
C005193,-0.003355051813114926,-0.011675550295211968,-0.0031150757207366524,-0.010339402705494103,-0.0008266915737494659,-0.0012121584694842092,-0.0019480279467240682,-0.003099361840759445
C001153,0.013825061053236354,0.012927975651449854,0.011142904646934532,0.01412407544822454,0.020200522875549826,0.0041586328601203836,0.014994623512023448,0.010462518811919069
C007476,0.002984032619749882,-0.0012877149443910319,0.0012814217028220773,9.395255030689672e-05,0.008995510161559325,-0.0009616771538920158,0.004189789021201309,-0.0024019763891811865
C001469,-0.013359800117741884,0.0067076546263515405,-0.013452538912786895,0.005122798387963159,-0.013828538960976619,-0.003332493574845255,-0.01382173497139399,-0.004893092539782939
C003788,-0.006730234323324364,-0.011981380135943364,-0.005976448363959989,-0.010510036018364912,-0.003200136641741042,-0.001997695694283391,-0.003768060717439796,-0.0042787877595171315
C004518,0.005552373372935139,0.02259930687206759,0.005264372991561381,0.019373715964416262,2.3007542544245738e-05,0.005948662928911843,-0.0019735139620862107,0.014506603548215187
C007490,0.012014777855366648,0.0026718698686247276,0.013313802957714276,0.004690067307771288,0.010096462058638176,-0.004388923794906405,0.010993922442028433,-0.0035497502760878426
C013720,0.004149401771051947,0.004198367924504308,0.00312729730252337,0.003719786379826389,0.0040574648579909875,-0.0013130721411965984,0.004261870796997904,0.0015143642188119694
C002383,0.00035501703849871675,0.008622253951927415,0.00013038682985906636,0.008345836834556463,0.003474501500478943,0.00791453925170568,0.0027332337226525184,0.011490352540625286
C000638,-0.015370611105526667,-0.009614927115011017,-0.016536193689306446,-0.010253024142891358,-0.0179776594792505,-0.005603627201949226,-0.016307592363057545,-0.01023054957564267
C004992,-0.0011861769881615037,-0.009048844723730212,-0.0014407572421596838,-0.007917813310071764,0.0004515197012585777,0.00011445453784052988,-0.0012210416898298237,-0.0007483223228740604
C010963,0.021470357362979885,-0.013842763488407623,0.020003783971699926,-0.013093619676384458,0.027158195710594527,0.0002823094452594429,0.022654446113736536,-0.004231379157609481
C013481,-0.0005188920162155546,0.012070045993070313,-0.0018309041184075125,0.006562636475947817,0.001442190034402786,0.005822481512721411,-0.0003579891381934036,0.007849951475755339
C005013,0.02345948860570675,0.00749400014861314,0.025056777193040877,0.008653780331426325,0.02833577660449531,0.0027781805281525368,0.028467364302972458,0.003483632363151952
C003702,-0.0009089922085914561,0.005133804679172357,-0.0008923470335721449,0.003871021883887475,-0.0014588636033908621,9.776172258820531e-05,-0.0013715010565469787,0.0003850387159647213
C011008,0.031045693736954653,0.038577686774771164,0.029974158009153203,0.04836331892395171,0.032880120632456704,0.020901978410185467,0.028583881713163346,0.04316799486275401
C013261,-0.003600512935063055,-0.0063602738288404456,-0.0031359709723981118,-0.006041382636079539,-0.002847826200048822,-0.00022217562902277467,-0.0031212588963557253,-0.0009777450812045692
C010057,-0.015583994277760855,0.0023868103805528827,-0.015027706516874089,0.0010411608927977354,-0.014843253977736654,0.0004976266991121868,-0.015556462083189431,-0.0011386006936720263
C008562,0.008652578292956315,0.010329254239965797,0.008998877987235665,0.004134188926290225,0.013714476363571785,0.0026003909431556987,0.011433808778635403,-0.0006140214766253451
C003447,-0.014438449182029855,-0.0036263122466410834,-0.013771699448478125,-0.00245648047711509,-0.010928815932441273,-0.00027172914315250636,-0.010594868005273041,-0.002460817220203055
C003969,0.0019351771747637308,0.02054718487887609,0.0025057818315138425,0.020378274672784705,-0.0014736833198475867,0.012517437269206583,-0.00109535863849836,0.02002878558577422
C001389,-0.018809876243782633,-0.0031287855884922565,-0.018718550173929187,-0.005200752147482332,-0.01780916891481929,-0.002325013056065691,-0.018908976669968564,-0.006813961620061463
C008534,-0.011672946015159424,-0.014010300427189346,-0.01252885540173078,-0.013897753236033386,-0.010170108675372396,-0.004843713513383197,-0.009745230570666561,-0.009408539278569165
C011257,0.026746979133699417,-0.010765451285990345,0.023820548518603882,-0.009336907882052678,0.029703749861492327,-0.0002880368681775765,0.024736293207153422,-0.002248775650423814
C006064,-0.012271296411577459,-0.01147191828301218,-0.012537268644321977,-0.011886048653579279,-0.020719412026142792,-0.0030905509924040037,-0.02021659143722169,-0.007215289252116932
C008231,0.045233627068966074,0.03384283718896034,0.04790830326990633,0.03840510207009932,0.03974340048520819,0.0004978200637423087,0.03846557865662475,0.00522276954001575
C011203,-0.005665159559748264,-0.0042876654259435,-0.004310463605881813,-0.004910895393861112,-0.0033276026929010888,-0.0002621503687603614,-0.0027833491778163815,-0.001124014409906073
C011280,0.0006068016990718868,-0.012073572431663612,-0.0009775113766002722,-0.011595757202864961,0.004974357622915437,-0.0017065926462176964,0.0011701281388787868,-0.005902359054192719
C000995,-0.01658192594594767,-0.008006719391251317,-0.01517941150498937,-0.008328286622311573,-0.02011183219459283,-0.0001291640242399729,-0.018048266668252495,-1.423084309218163e-07
C012893,0.005824919844365178,0.013055908252179631,0.002503074399993964,0.01007060702652979,0.012186766200542614,0.0004848894368870328,0.006907920338431615,0.0019968685018891827
C000158,0.013934551529842054,0.026037710986980395,0.013817801985763566,0.025134427924915926,0.01731369344021937,0.008212765414370982,0.015967250051007655,0.019665487240343442
C003877,0.0012104080947309213,-0.0075022150262606235,0.0008118285903955086,-0.006473723268148269,0.0007853357271097454,-0.0006339498849811283,0.0011968516584557876,-0.0015671717664526353
C008214,0.004037371526799911,-0.00805318409945403,0.0042365574440316085,-0.005861574136982598,-0.002814022350187459,-0.005484150072219783,-0.002720275038784121,-0.005681250269877643
C009021,-4.76138607103712e-06,-0.012531241294640037,-0.00015770263548930323,-0.011434455908052032,0.0035319104867747014,-0.0013095706824934924,0.0007440381974117463,-0.003024396493694929
C010583,-0.010903641956246816,0.005664236172588211,-0.010538789999137094,0.0018528489116691666,-0.012398071766813887,-0.0011527274026334508,-0.012579384565858094,-0.0030395917282124898
C005917,0.03978202452498755,0.01747181552578183,0.0400176012569929,0.016797173538220952,0.03595390065821983,-0.000406988035731497,0.032589672111071485,0.0013034845847120207
C000902,0.007877776615586035,-0.02539570330346419,0.007656331961783697,-0.02422911663480045,0.011869293491116449,-0.0054947259912161575,0.011373303455627927,-0.00909777453686294
C006999,-0.01858262042060105,-0.01901741277801626,-0.018882683892153068,-0.01816251703413223,-0.02039319210377153,-0.010720761821248575,-0.020757515893101056,-0.01794388113908319
C007847,0.014026828543232103,0.031697854138545985,0.01393530757201205,0.03079190527594075,0.017461568062045442,0.013834648657026079,0.016104600216543603,0.024992082939840374
C003821,0.02049317974472856,0.004049267981858514,0.013357321646399911,0.002632759345477244,0.023781900264214763,0.00015311167992076654,0.01574091074013588,0.0011152383588118727
C007949,-0.0026092407238227783,-0.0063400973763043135,-0.002394038840093726,-0.005182983191057677,-0.0022664953677216447,0.0001206009015193673,-0.001715794367745503,-9.48532820561461e-05
